channel,onset_index,step,sub_index,expected_tick,actual_tick,grid_error_ticks,expected_us,actual_us,timing_error_us
1,0,3,0,288,288,0,2158554.062,2159240.438,686.375
1,1,4,0,384,384,0,2658524.875,2659151.812,626.938
1,2,9,0,864,864,0,5158367.625,5159043.438,675.812
1,3,15,0,1440,1440,0,8158170.188,8158877.750,707.562
1,4,0,0,1536,1536,0,8658143.438,8658851.062,707.625
1,5,3,0,1824,1824,0,10158047.562,10158811.562,764.000
1,6,4,0,1920,1920,0,10658014.000,10658675.312,661.312
1,7,9,0,2400,2400,0,13157856.000,13158588.500,732.500
1,8,15,0,2976,2976,0,16157658.125,16158385.438,727.312
1,9,0,0,3072,3072,0,16657628.750,16658381.250,752.500
1,10,3,0,3360,3360,0,18157530.062,18158239.312,709.250
1,11,4,0,3456,3456,0,18657504.000,18658243.062,739.062
1,12,9,0,3936,3936,0,21157347.875,21158082.438,734.562
1,13,15,0,4512,4512,0,24157146.125,24157852.875,706.750
1,14,0,0,4608,4608,0,24657118.562,24657826.188,707.625
1,15,3,0,4896,4896,0,26157018.062,26157641.188,623.125
1,16,4,0,4992,4992,0,26656991.500,26657614.250,622.750
1,17,9,0,5472,5472,0,29156832.000,29157441.312,609.312
1,18,15,0,6048,6048,0,32156637.750,32157401.125,763.375
1,19,0,0,6144,6144,0,32656610.375,32657388.688,778.312
1,20,3,0,6432,6432,0,34156506.062,34157215.312,709.250
1,21,4,0,6528,6528,0,34656480.000,34657219.062,739.062
1,22,9,0,7008,7008,0,37156324.062,37156948.188,624.125
1,23,15,0,7584,7584,0,40156132.500,40156815.938,683.438
1,24,0,0,7680,7680,0,40656098.750,40656722.125,623.375
1,25,3,0,7968,7968,0,42156000.875,42156739.375,738.500
1,26,4,0,8064,8064,0,42655965.938,42656696.812,730.875
1,27,9,0,8544,8544,0,45155807.750,45156431.875,624.125
1,28,15,0,9120,9120,0,48155610.062,48156265.875,655.812
1,29,0,0,9216,9216,0,48655583.812,48656239.500,655.688
1,30,3,0,9504,9504,0,50155485.188,50156216.750,731.562
1,31,4,0,9600,9600,0,50655453.875,50656184.750,730.875
1,32,9,0,10080,10080,0,53155299.750,53156027.438,727.688
1,33,15,0,10656,10656,0,56155103.000,56155729.000,626.000
1,34,0,0,10752,10752,0,56655074.312,56655852.625,778.312
1,35,3,0,11040,11040,0,58154974.938,58155602.438,627.500
1,36,4,0,11136,11136,0,58654942.688,58655674.875,732.188
1,37,9,0,11616,11616,0,61154784.250,61155441.062,656.812
1,38,15,0,12192,12192,0,64154586.062,64155287.312,701.250
1,39,0,0,12288,12288,0,64654558.875,64655285.438,726.562
1,40,3,0,12576,12576,0,66154458.062,66155185.875,727.812
1,41,4,0,12672,12672,0,66654430.625,66655162.812,732.188
1,42,9,0,13152,13152,0,69154276.000,69154977.688,701.688
1,43,15,0,13728,13728,0,72154074.062,72154827.562,753.500
1,44,0,0,13824,13824,0,72654046.500,72654669.875,623.375
1,45,3,0,14112,14112,0,74153948.062,74154634.500,686.438
1,46,4,0,14208,14208,0,74653922.625,74654628.812,706.188
1,47,9,0,14688,14688,0,77153761.125,77154444.000,682.875
1,48,15,0,15264,15264,0,80153564.938,80154302.500,737.562
1,49,0,0,15360,15360,0,80653533.438,80654272.500,739.062
1,50,3,0,15648,15648,0,82153434.125,82154160.688,726.562
1,51,4,0,15744,15744,0,82653407.688,82654030.438,622.750
1,52,9,0,16224,16224,0,85153247.875,85153857.188,609.312
1,53,15,0,16800,16800,0,88153054.000,88153707.062,653.062
1,54,0,0,16896,16896,0,88653026.625,88653650.000,623.375
1,55,3,0,17184,17184,0,90152922.062,90153630.188,708.125
1,56,4,0,17280,17280,0,90652898.500,90653656.625,758.125
1,57,9,0,17760,17760,0,93152735.000,93153383.750,648.750
1,58,15,0,18336,18336,0,96152538.062,96153245.562,707.500
1,59,0,0,18432,18432,0,96652514.500,96653170.188,655.688
1,60,3,0,18720,18720,0,98152410.125,98153033.875,623.750
1,61,4,0,18816,18816,0,98652380.812,98653138.938,758.125
1,62,9,0,19296,19296,0,101152223.688,101152873.688,650.000
1,63,15,0,19872,19872,0,104152026.125,104152726.875,700.750
1,64,0,0,19968,19968,0,104651999.625,104652700.188,700.562
1,65,3,0,20256,20256,0,106151902.938,106152530.438,627.500
1,66,4,0,20352,20352,0,106651870.688,106652602.875,732.188
1,67,9,0,20832,20832,0,109151712.250,109152369.062,656.812
1,68,15,0,21408,21408,0,112151514.062,112152215.312,701.250
1,69,0,0,21504,21504,0,112651486.875,112652213.438,726.562
1,70,3,0,21792,21792,0,114151386.062,114152113.875,727.812
1,71,4,0,21888,21888,0,114651358.625,114652090.812,732.188
1,72,9,0,22368,22368,0,117151204.000,117151905.688,701.688
1,73,15,0,22944,22944,0,120151002.062,120151755.562,753.500
1,74,0,0,23040,23040,0,120650978.500,120651705.062,726.562
1,75,3,0,23328,23328,0,122150874.125,122151556.500,682.375
1,76,4,0,23424,23424,0,122650845.125,122651551.312,706.188
1,77,9,0,23904,23904,0,125150687.562,125151440.000,752.438
1,78,15,0,24480,24480,0,128150500.188,128151235.625,735.438
1,79,0,0,24576,24576,0,128650466.562,128651200.000,733.438
1,80,3,0,24864,24864,0,130150364.250,130151128.250,764.000
1,81,4,0,24960,24960,0,130650335.125,130651041.312,706.188
1,82,9,0,25440,25440,0,133150176.000,133150908.500,732.500
1,83,15,0,26016,26016,0,136149978.125,136150736.562,758.438
1,84,0,0,26112,26112,0,136649950.875,136650651.438,700.562
1,85,3,0,26400,26400,0,138149852.438,138150616.438,764.000
1,86,4,0,26496,26496,0,138649826.625,138650532.812,706.188
1,87,9,0,26976,26976,0,141149668.250,141150292.375,624.125
1,88,15,0,27552,27552,0,144149469.938,144150233.312,763.375
1,89,0,0,27648,27648,0,144649439.250,144650217.562,778.312
1,90,3,0,27936,27936,0,146149348.188,146150077.625,729.438
1,91,4,0,28032,28032,0,146649308.812,146650041.000,732.188
1,92,9,0,28512,28512,0,149149152.250,149149886.000,733.750
1,93,15,0,29088,29088,0,152148954.062,152149706.125,752.062
1,94,0,0,29184,29184,0,152648930.500,152649553.875,623.375
1,95,3,0,29472,29472,0,154148826.188,154149534.062,707.875
1,96,4,0,29568,29568,0,154648796.688,154649528.875,732.188
1,97,9,0,30048,30048,0,157148639.812,157149263.938,624.125
1,98,15,0,30624,30624,0,160148442.188,160149174.750,732.562
1,99,0,0,30720,30720,0,160648414.875,160649141.438,726.562
1,100,3,0,31008,31008,0,162148319.250,162149057.438,738.188
1,101,4,0,31104,31104,0,162648285.688,162648990.688,705.000
1,102,9,0,31584,31584,0,165148127.750,165148777.750,650.000
1,103,15,0,32160,32160,0,168147936.875,168148667.375,730.500
1,104,0,0,32256,32256,0,168647906.562,168648659.062,752.500
1,105,3,0,32544,32544,0,170147806.188,170148433.688,627.500
1,106,4,0,32640,32640,0,170647777.875,170648465.250,687.375
1,107,9,0,33120,33120,0,173147616.062,173148350.625,734.562
1,108,15,0,33696,33696,0,176147418.125,176148048.250,630.125
1,109,0,0,33792,33792,0,176647390.688,176648046.375,655.688
1,110,3,0,34080,34080,0,178147290.062,178147999.125,709.062
1,111,4,0,34176,34176,0,178647267.125,178648006.188,739.062
1,112,9,0,34656,34656,0,181147102.875,181147882.312,779.438
1,113,15,0,35232,35232,0,184146910.562,184147536.562,626.000
1,114,0,0,35328,35328,0,184646882.375,184647487.250,604.875
1,115,3,0,35616,35616,0,186146778.062,186147381.688,603.625
1,116,4,0,35712,35712,0,186646754.562,186647486.750,732.188
1,117,9,0,36192,36192,0,189146591.875,189147326.438,734.562
1,118,15,0,36768,36768,0,192146401.062,192147183.312,782.250
1,119,0,0,36864,36864,0,192646367.062,192647041.750,674.688
1,120,3,0,37152,37152,0,194146268.000,194146954.438,686.438
1,121,4,0,37248,37248,0,194646242.125,194646896.938,654.812
1,122,9,0,37728,37728,0,197146080.062,197146736.312,656.250
1,123,15,0,38304,38304,0,200145882.125,200146582.562,700.438
1,124,0,0,38400,38400,0,200645852.688,200646605.188,752.500
1,125,3,0,38688,38688,0,202145758.938,202146386.438,627.500
1,126,4,0,38784,38784,0,202645730.812,202646359.812,629.000
1,127,9,0,39264,39264,0,205145566.750,205146306.375,739.625
1,128,15,0,39840,39840,0,208145370.062,208146052.000,681.938
1,129,0,0,39936,39936,0,208645343.875,208646025.625,681.750
1,130,3,0,40224,40224,0,210145245.562,210145880.375,634.812
1,131,4,0,40320,40320,0,210645214.375,210645920.562,706.188
1,132,9,0,40800,40800,0,213145055.875,213145770.000,714.125
1,133,15,0,41376,41376,0,216144859.938,216145564.625,704.688
1,134,0,0,41472,41472,0,216644829.938,216645517.062,687.125
1,135,3,0,41760,41760,0,218144734.938,218145473.125,738.188
1,136,4,0,41856,41856,0,218644701.375,218645406.375,705.000
1,137,9,0,42336,42336,0,221144544.312,221145304.000,759.688
1,138,15,0,42912,42912,0,224144349.812,224145087.375,737.562
1,139,0,0,43008,43008,0,224644317.938,224645005.062,687.125
1,140,3,0,43296,43296,0,226144218.062,226144945.562,727.500
1,141,4,0,43392,43392,0,226644188.562,226644946.688,758.125
1,142,9,0,43872,43872,0,229144031.562,229144738.188,706.625
1,143,15,0,44448,44448,0,232143834.125,232144535.438,701.312
1,144,0,0,44544,44544,0,232643807.000,232644533.562,726.562
1,145,3,0,44832,44832,0,234143709.500,234144421.750,712.250
1,146,4,0,44928,44928,0,234643682.562,234644388.750,706.188
1,147,9,0,45408,45408,0,237143524.188,237144148.312,624.125
1,148,15,0,45984,45984,0,240143325.875,240144089.250,763.375
1,149,0,0,46080,46080,0,240643295.188,240644073.500,778.312
1,150,3,0,46368,46368,0,242143197.438,242143832.250,634.812
1,151,4,0,46464,46464,0,242643167.625,242643847.938,680.312
1,152,9,0,46944,46944,0,245143006.938,245143629.812,622.875
1,153,15,0,47520,47520,0,248142810.062,248143537.312,727.250
1,154,0,0,47616,47616,0,248642780.625,248643533.125,752.500
1,155,3,0,47904,47904,0,250142692.438,250143298.812,606.375
1,156,4,0,48000,48000,0,250642655.438,250643284.438,629.000
1,157,9,0,48480,48480,0,253142496.375,253143178.688,682.312
1,158,15,0,49056,49056,0,256142301.688,256142954.750,653.062
1,159,0,0,49152,49152,0,256642271.125,256642952.875,681.750
1,160,3,0,49440,49440,0,258142174.062,258142905.625,731.562
1,161,4,0,49536,49536,0,258642145.875,258642833.250,687.375
1,162,9,0,50016,50016,0,261141983.000,261142605.875,622.875
1,163,15,0,50592,50592,0,264141786.062,264142544.500,758.438
1,164,0,0,50688,50688,0,264641762.688,264642541.000,778.312
1,165,3,0,50976,50976,0,266141660.812,266142339.812,679.000
1,166,4,0,51072,51072,0,266641631.688,266642319.062,687.375
1,167,9,0,51552,51552,0,269141471.688,269142121.688,650.000
1,168,15,0,52128,52128,0,272141278.438,272141963.438,685.000
1,169,0,0,52224,52224,0,272641247.250,272641973.812,726.562
1,170,3,0,52512,52512,0,274141149.312,274141880.875,731.562
1,171,4,0,52608,52608,0,274641118.625,274641741.375,622.750
1,172,9,0,53088,53088,0,277140959.750,277141666.438,706.688
1,173,15,0,53664,53664,0,280140767.188,280141549.438,782.250
1,174,0,0,53760,53760,0,280640733.375,280641472.438,739.062
1,175,3,0,54048,54048,0,282140636.125,282141348.375,712.250
1,176,4,0,54144,54144,0,282640607.688,282641339.875,732.188
1,177,9,0,54624,54624,0,285140451.562,285141179.250,727.688
1,178,15,0,55200,55200,0,288140250.188,288140931.938,681.750
1,179,0,0,55296,55296,0,288640223.500,288640905.562,682.062
1,180,3,0,55584,55584,0,290140122.062,290140797.062,675.000
1,181,4,0,55680,55680,0,290640094.312,290640800.500,706.188
1,182,9,0,56160,56160,0,293139935.625,293140668.000,732.375
1,183,15,0,56736,56736,0,296139742.938,296140499.375,756.438
1,184,0,0,56832,56832,0,296639710.375,296640436.938,726.562
1,185,3,0,57120,57120,0,298139610.125,298140344.000,733.875
1,186,4,0,57216,57216,0,298639582.688,298640340.812,758.125
1,187,9,0,57696,57696,0,301139423.812,301140137.812,714.000
1,188,15,0,58272,58272,0,304139226.062,304139979.562,753.500
1,189,0,0,58368,58368,0,304639198.500,304639821.875,623.375
1,190,3,0,58656,58656,0,306139102.062,306139840.250,738.188
1,191,4,0,58752,58752,0,306639071.375,306639836.750,765.375
1,192,9,0,59232,59232,0,309138911.938,309139536.062,624.125
1,193,15,0,59808,59808,0,312138714.125,312139370.062,655.938
1,194,0,0,59904,59904,0,312638685.188,312639288.812,603.625
1,195,3,0,60192,60192,0,314138586.125,314139269.000,682.875
1,196,4,0,60288,60288,0,314638562.438,314639223.750,661.312
1,197,9,0,60768,60768,0,317138399.688,317139035.312,635.625
1,198,15,0,61344,61344,0,320138206.625,320138891.625,685.000
1,199,0,0,61440,61440,0,320638175.125,320638901.688,726.562
1,200,3,0,61728,61728,0,322138074.062,322138724.125,650.062
1,201,4,0,61824,61824,0,322638049.938,322638672.688,622.750
1,202,9,0,62304,62304,0,325137888.312,325138576.562,688.250
1,203,15,0,62880,62880,0,328137695.188,328138451.625,756.438
1,204,0,0,62976,62976,0,328637662.625,328638389.188,726.562
1,205,3,0,63264,63264,0,330137562.062,330138243.938,681.875
1,206,4,0,63360,63360,0,330637535.812,330638223.188,687.375
1,207,9,0,63840,63840,0,333137375.125,333137998.000,622.875
1,208,15,0,64416,64416,0,336137187.812,336137949.188,761.375
1,209,0,0,64512,64512,0,336637149.938,336637862.938,713.000
1,210,3,0,64800,64800,0,338137050.125,338137758.875,708.750
1,211,4,0,64896,64896,0,338637025.938,338637713.312,687.375
1,212,9,0,65376,65376,0,341136864.125,341137598.688,734.562
1,213,15,0,65952,65952,0,344136666.188,344137296.312,630.125
1,214,0,0,66048,66048,0,344636638.750,344637294.438,655.688
1,215,3,0,66336,66336,0,346136538.125,346137247.188,709.062
1,216,4,0,66432,66432,0,346636511.875,346637250.938,739.062
1,217,9,0,66912,66912,0,349136351.812,349137065.812,714.000
1,218,15,0,67488,67488,0,352136154.125,352136862.062,707.938
1,219,0,0,67584,67584,0,352636126.625,352636731.500,604.875
1,220,3,0,67872,67872,0,354136029.188,354136760.750,731.562
1,221,4,0,67968,67968,0,354635998.312,354636737.375,739.062
1,222,9,0,68448,68448,0,357135839.875,357136598.250,758.375
1,223,15,0,69024,69024,0,360135645.500,360136376.000,730.500
1,224,0,0,69120,69120,0,360635613.875,360636347.312,733.438
1,225,3,0,69408,69408,0,362135514.062,362136223.250,709.188
1,226,4,0,69504,69504,0,362635487.938,362636227.000,739.062
1,227,9,0,69984,69984,0,365135327.875,365136041.875,714.000
1,228,15,0,70560,70560,0,368135130.188,368135838.125,707.938
1,229,0,0,70656,70656,0,368635104.000,368635863.750,759.750
1,230,3,0,70944,70944,0,370135002.188,370135728.750,726.562
1,231,4,0,71040,71040,0,370634975.438,370635598.188,622.750
1,232,9,0,71520,71520,0,373134815.938,373135425.250,609.312
1,233,15,0,72096,72096,0,376134618.125,376135345.000,726.875
1,234,0,0,72192,72192,0,376634589.500,376635328.562,739.062
1,235,3,0,72480,72480,0,378134490.188,378135216.750,726.562
1,236,4,0,72576,72576,0,378634463.750,378635086.500,622.750
1,237,9,0,73056,73056,0,381134303.375,381135035.750,732.375
1,238,15,0,73632,73632,0,384134106.188,384134814.125,707.938
1,239,0,0,73728,73728,0,384634080.000,384634839.750,759.750
1,240,3,0,74016,74016,0,386133978.062,386134704.438,726.375
1,241,4,0,74112,74112,0,386633954.562,386634738.500,783.938
1,242,9,0,74592,74592,0,389133792.062,389134440.812,648.750
1,243,15,0,75168,75168,0,392133597.938,392134302.625,704.688
1,244,0,0,75264,75264,0,392633570.625,392634304.062,733.438
1,245,3,0,75552,75552,0,394133468.312,394134232.312,764.000
1,246,4,0,75648,75648,0,394633439.188,394634145.375,706.188
1,247,9,0,76128,76128,0,397133279.938,397134058.250,778.312
1,248,15,0,76704,76704,0,400133087.500,400133869.750,782.250
1,249,0,0,76800,76800,0,400633053.375,400633792.438,739.062
1,250,3,0,77088,77088,0,402132954.062,402133680.625,726.562
1,251,4,0,77184,77184,0,402632926.625,402633665.688,739.062
1,252,9,0,77664,77664,0,405132768.312,405133502.062,733.750
1,253,15,0,78240,78240,0,408132573.875,408133285.438,711.562
1,254,0,0,78336,78336,0,408632543.312,408633295.812,752.500
1,255,3,0,78624,78624,0,410132447.812,410133211.812,764.000
1,256,4,0,78720,78720,0,410632419.062,410633177.188,758.125
1,257,9,0,79200,79200,0,413132255.375,413132879.500,624.125
1,258,15,0,79776,79776,0,416132058.188,416132766.125,707.938
1,259,0,0,79872,79872,0,416632032.000,416632791.750,759.750
1,260,3,0,80160,80160,0,418131930.062,418132656.438,726.375
1,261,4,0,80256,80256,0,418631906.562,418632690.500,783.938
1,262,9,0,80736,80736,0,421131743.625,421132405.062,661.438
1,263,15,0,81312,81312,0,424131549.938,424132254.625,704.688
1,264,0,0,81408,81408,0,424631522.625,424632256.062,733.438
1,265,3,0,81696,81696,0,426131420.312,426132184.312,764.000
1,266,4,0,81792,81792,0,426631391.188,426632097.375,706.188
1,267,9,0,82272,82272,0,429131232.062,429131964.562,732.500
1,268,15,0,82848,82848,0,432131039.250,432131672.750,633.500
1,269,0,0,82944,82944,0,432631006.750,432631707.312,700.562
1,270,3,0,83232,83232,0,434130906.125,434131509.750,603.625
1,271,4,0,83328,83328,0,434630877.562,434631634.500,756.938
1,272,9,0,83808,83808,0,437130720.000,437131434.125,714.125
1,273,15,0,84384,84384,0,440130524.062,440131228.750,704.688
1,274,0,0,84480,84480,0,440630494.938,440631254.688,759.750
1,275,3,0,84768,84768,0,442130401.062,442131165.062,764.000
1,276,4,0,84864,84864,0,442630364.812,442631097.000,732.188
1,277,9,0,85344,85344,0,445130208.250,445130942.000,733.750
1,278,15,0,85920,85920,0,448130010.188,448130692.250,682.062
1,279,0,0,86016,86016,0,448629982.438,448630690.062,707.625
1,280,3,0,86304,86304,0,450129882.062,450130642.812,760.750
1,281,4,0,86400,86400,0,450629853.000,450630559.188,706.188
1,282,9,0,86880,86880,0,453129695.562,453130402.188,706.625
1,283,15,0,87456,87456,0,456129498.125,456130199.438,701.312
1,284,0,0,87552,87552,0,456629471.000,456630197.562,726.562
1,285,3,0,87840,87840,0,458129374.125,458130008.938,634.812
1,286,4,0,87936,87936,0,458629343.250,458630049.438,706.188
1,287,9,0,88416,88416,0,461129183.625,461129864.312,680.688
1,288,15,0,88992,88992,0,464128986.062,464129616.188,630.125
1,289,0,0,89088,89088,0,464628962.812,464629715.312,752.500
1,290,3,0,89376,89376,0,466128861.688,466129619.062,757.375
1,291,4,0,89472,89472,0,466628828.625,466629586.750,758.125
1,292,9,0,89952,89952,0,469128671.812,469129321.812,650.000
1,293,15,0,90528,90528,0,472128476.188,472129232.625,756.438
1,294,0,0,90624,90624,0,472628445.125,472629145.688,700.562
1,295,3,0,90912,90912,0,474128350.000,474129107.375,757.375
1,296,4,0,91008,91008,0,474628316.938,474629075.062,758.125
1,297,9,0,91488,91488,0,477128159.812,477128809.812,650.000
1,298,15,0,92064,92064,0,480127972.312,480128622.625,650.312
1,299,0,0,92160,92160,0,480627935.625,480628713.938,778.312
1,300,3,0,92448,92448,0,482127834.125,482128561.750,727.625
1,301,4,0,92544,92544,0,482627806.500,482628538.688,732.188
1,302,9,0,93024,93024,0,485127649.250,485128402.875,753.625
1,303,15,0,93600,93600,0,488127454.750,488128088.250,633.500
1,304,0,0,93696,93696,0,488627423.938,488628098.625,674.688
1,305,3,0,93984,93984,0,490127322.125,490128075.875,753.750
1,306,4,0,94080,94080,0,490627299.125,490628031.312,732.188
1,307,9,0,94560,94560,0,493127136.375,493127818.375,682.000
1,308,15,0,95136,95136,0,496126938.062,496127618.938,680.875
1,309,0,0,95232,95232,0,496626914.375,496627545.125,630.750
1,310,3,0,95520,95520,0,498126810.125,498127519.000,708.875
1,311,4,0,95616,95616,0,498626781.375,498627538.312,756.938
1,312,9,0,96096,96096,0,501126622.812,501127362.438,739.625
1,313,15,0,96672,96672,0,504126426.062,504127108.062,682.000
1,314,0,0,96768,96768,0,504626399.938,504627081.688,681.750
1,315,3,0,97056,97056,0,506126301.625,506126936.438,634.812
1,316,4,0,97152,97152,0,506626270.750,506626976.938,706.188
1,317,9,0,97632,97632,0,509126111.812,509126877.562,765.750
1,318,15,0,98208,98208,0,512125914.125,512126615.250,701.125
1,319,0,0,98304,98304,0,512625886.875,512626561.562,674.688
1,320,3,0,98592,98592,0,514125786.062,514126462.000,675.938
1,321,4,0,98688,98688,0,514625762.250,514626416.750,654.500
1,322,9,0,99168,99168,0,517125599.812,517126249.812,650.000
1,323,15,0,99744,99744,0,520125404.188,520126160.625,756.438
1,324,0,0,99840,99840,0,520625373.125,520626073.688,700.562
1,325,3,0,100128,100128,0,522125278.000,522126035.375,757.375
1,326,4,0,100224,100224,0,522625244.938,522626003.062,758.125
1,327,9,0,100704,100704,0,525125087.812,525125737.812,650.000
1,328,15,0,101280,101280,0,528124900.312,528125550.625,650.312
1,329,0,0,101376,101376,0,528624863.625,528625641.938,778.312
1,330,3,0,101664,101664,0,530124762.125,530125489.750,727.625
1,331,4,0,101760,101760,0,530624738.688,530625393.188,654.500
1,332,9,0,102240,102240,0,533124577.250,533125330.875,753.625
1,333,15,0,102816,102816,0,536124382.750,536125016.250,633.500
1,334,0,0,102912,102912,0,536624351.938,536625026.625,674.688
1,335,3,0,103200,103200,0,538124250.125,538125003.875,753.750
1,336,4,0,103296,103296,0,538624226.812,538624959.312,732.500
1,337,9,0,103776,103776,0,541124064.375,541124746.375,682.000
1,338,15,0,104352,104352,0,544123866.062,544124546.938,680.875
1,339,0,0,104448,104448,0,544623838.812,544624520.562,681.750
1,340,3,0,104736,104736,0,546123738.062,546124464.375,726.312
1,341,4,0,104832,104832,0,546623709.125,546624441.312,732.188
1,342,9,0,105312,105312,0,549123552.625,549124183.000,630.375
1,343,15,0,105888,105888,0,552123354.062,552124081.562,727.500
1,344,0,0,105984,105984,0,552623324.875,552624077.375,752.500
1,345,3,0,106272,106272,0,554123226.062,554123959.938,733.875
1,346,4,0,106368,106368,0,554623198.312,554623956.438,758.125
1,347,9,0,106848,106848,0,557123040.375,557123696.625,656.250
1,348,15,0,107424,107424,0,560122844.375,560123600.812,756.438
1,349,0,0,107520,107520,0,560622815.375,560623575.125,759.750
1,350,3,0,107808,107808,0,562122714.188,562123363.000,648.812
1,351,4,0,107904,107904,0,562622690.438,562623455.812,765.375
1,352,9,0,108384,108384,0,565122527.312,565123177.312,650.000
1,353,15,0,108960,108960,0,568122330.062,568123030.188,700.125
1,354,0,0,109056,109056,0,568622303.250,568623003.812,700.562
1,355,3,0,109344,109344,0,570122202.188,570122928.750,726.562
1,356,4,0,109440,109440,0,570622175.438,570622798.188,622.750
1,357,9,0,109920,109920,0,573122015.812,573122776.688,760.875
1,358,15,0,110496,110496,0,576121821.938,576122526.625,704.688
1,359,0,0,110592,110592,0,576621794.625,576622528.062,733.438
1,360,3,0,110880,110880,0,578121690.188,578122391.750,701.562
1,361,4,0,110976,110976,0,578621666.188,578622346.500,680.312
1,362,9,0,111456,111456,0,581121503.125,581122268.625,765.500
1,363,15,0,112032,112032,0,584121309.812,584122073.188,763.375
1,364,0,0,112128,112128,0,584621279.125,584622057.438,778.312
1,365,3,0,112416,112416,0,586121181.375,586121816.188,634.812
1,366,4,0,112512,112512,0,586621151.562,586621831.875,680.312
1,367,9,0,112992,112992,0,589120991.625,589121724.000,732.375
1,368,15,0,113568,113568,0,592120798.938,592121555.375,756.438
1,369,0,0,113664,113664,0,592620766.375,592621492.938,726.562
1,370,3,0,113952,113952,0,594120666.125,594121400.000,733.875
1,371,4,0,114048,114048,0,594620638.688,594621396.812,758.125
1,372,9,0,114528,114528,0,597120479.812,597121194.125,714.312
1,373,15,0,115104,115104,0,600120284.062,600120988.750,704.688
1,374,0,0,115200,115200,0,600620258.875,600621011.375,752.500
1,375,3,0,115488,115488,0,602120158.500,602120786.000,627.500
1,376,4,0,115584,115584,0,602620129.875,602620817.250,687.375
1,377,9,0,116064,116064,0,605119967.000,605120589.875,622.875
1,378,15,0,116640,116640,0,608119770.062,608120528.500,758.438
1,379,0,0,116736,116736,0,608619746.688,608620525.000,778.312
1,380,3,0,117024,117024,0,610119644.812,610120323.812,679.000
1,381,4,0,117120,117120,0,610619615.688,610620303.062,687.375
1,382,9,0,117600,117600,0,613119455.688,613120105.688,650.000
1,383,15,0,118176,118176,0,616119262.438,616119947.438,685.000
1,384,0,0,118272,118272,0,616619230.938,616619957.812,726.875
1,385,3,0,118560,118560,0,618119133.312,618119864.875,731.562
1,386,4,0,118656,118656,0,618619102.625,618619725.375,622.750
1,387,9,0,119136,119136,0,621118943.750,621119650.438,706.688
1,388,15,0,119712,119712,0,624118751.188,624119533.438,782.250
1,389,0,0,119808,119808,0,624618717.375,624619456.438,739.062
1,390,3,0,120096,120096,0,626118620.125,626119332.375,712.250
1,391,4,0,120192,120192,0,626618591.688,626619323.875,732.188
1,392,9,0,120672,120672,0,629118435.562,629119163.250,727.688
1,393,15,0,121248,121248,0,632118234.188,632118915.938,681.750
1,394,0,0,121344,121344,0,632618207.500,632618889.250,681.750
1,395,3,0,121632,121632,0,634118106.250,634118755.375,649.125
1,396,4,0,121728,121728,0,634618078.500,634618758.812,680.312
1,397,9,0,122208,122208,0,637117919.562,637118672.000,752.438
1,398,15,0,122784,122784,0,640117725.500,640118378.562,653.062
1,399,0,0,122880,122880,0,640617698.438,640618321.812,623.375
1,400,3,0,123168,123168,0,642117599.250,642118363.250,764.000
1,401,4,0,123264,123264,0,642617567.938,642618196.938,629.000
1,402,9,0,123744,123744,0,645117408.062,645118017.375,609.312
1,403,15,0,124320,124320,0,648117217.000,648117947.500,730.500
1,404,0,0,124416,124416,0,648617180.688,648617907.250,726.562
1,405,3,0,124704,124704,0,650117082.062,650117790.938,708.875
1,406,4,0,124800,124800,0,650617055.500,650617678.250,622.750
1,407,9,0,125280,125280,0,653116896.000,653117505.312,609.312
1,408,15,0,125856,125856,0,656116698.188,656117379.375,681.188
1,409,0,0,125952,125952,0,656616674.750,656617298.125,623.375
1,410,3,0,126240,126240,0,658116575.562,658117339.562,764.000
1,411,4,0,126336,126336,0,658616542.312,658617203.625,661.312
1,412,9,0,126816,126816,0,661116383.875,661117162.188,778.312
1,413,15,0,127392,127392,0,664116186.125,664116893.688,707.562
1,414,0,0,127488,127488,0,664616159.375,664616867.000,707.625
1,415,3,0,127776,127776,0,666116063.500,666116827.500,764.000
1,416,4,0,127872,127872,0,666616029.938,666616691.250,661.312
1,417,9,0,128352,128352,0,669115875.312,669116628.938,753.625
1,418,15,0,128928,128928,0,672115674.062,672116329.875,655.812
1,419,0,0,129024,129024,0,672615651.000,672616429.312,778.312
1,420,3,0,129312,129312,0,674115548.688,674116209.250,660.562
1,421,4,0,129408,129408,0,674615519.062,674616225.250,706.188
1,422,9,0,129888,129888,0,677115359.625,677116061.312,701.688
1,423,15,0,130464,130464,0,680115165.500,680115844.312,678.812
1,424,0,0,130560,130560,0,680615133.812,680615820.938,687.125
1,425,3,0,130848,130848,0,682115034.125,682115736.062,701.938
1,426,4,0,130944,130944,0,682615010.188,682615690.500,680.312
1,427,9,0,131424,131424,0,685114848.000,685115554.688,706.688
1,428,15,0,132000,132000,0,688114651.938,688115330.750,678.812
1,429,0,0,132096,132096,0,688614626.812,688615353.375,726.562
1,430,3,0,132384,132384,0,690114522.062,690115204.812,682.750
1,431,4,0,132480,132480,0,690614498.250,690615159.562,661.312
1,432,9,0,132960,132960,0,693114335.562,693115088.000,752.438
1,433,15,0,133536,133536,0,696114138.125,696114917.375,779.250
1,434,0,0,133632,133632,0,696614110.750,696614889.062,778.312
1,435,3,0,133920,133920,0,698114010.062,698114660.375,650.312
1,436,4,0,134016,134016,0,698613983.500,698614663.812,680.312
1,437,9,0,134496,134496,0,701113823.438,701114555.812,732.375
1,438,15,0,135072,135072,0,704113629.750,704114386.188,756.438
1,439,0,0,135168,135168,0,704613602.562,704614336.000,733.438
1,440,3,0,135456,135456,0,706113500.250,706114264.250,764.000
1,441,4,0,135552,135552,0,706613471.125,706614177.312,706.188
1,442,9,0,136032,136032,0,709113315.750,709113939.875,624.125
1,443,15,0,136608,136608,0,712113114.125,712113866.562,752.438
1,444,0,0,136704,136704,0,712613086.750,712613865.062,778.312
1,445,3,0,136992,136992,0,714112986.062,714113636.375,650.312
1,446,4,0,137088,137088,0,714612959.500,714613639.812,680.312
1,447,9,0,137568,137568,0,717112799.438,717113531.812,732.375
1,448,15,0,138144,138144,0,720112605.750,720113362.188,756.438
1,449,0,0,138240,138240,0,720612578.562,720613312.000,733.438
1,450,3,0,138528,138528,0,722112476.250,722113240.250,764.000
1,451,4,0,138624,138624,0,722612447.125,722613153.312,706.188
1,452,9,0,139104,139104,0,725112291.750,725112915.875,624.125
1,453,15,0,139680,139680,0,728112090.125,728112842.562,752.438
1,454,0,0,139776,139776,0,728612062.750,728612841.062,778.312
1,455,3,0,140064,140064,0,730111962.125,730112612.062,649.938
1,456,4,0,140160,140160,0,730611933.812,730612638.812,705.000
1,457,9,0,140640,140640,0,733111780.125,733112481.812,701.688
1,458,15,0,141216,141216,0,736111578.062,736112331.375,753.312
1,459,0,0,141312,141312,0,736611551.875,736612330.188,778.312
1,460,3,0,141600,141600,0,738111450.062,738112125.688,675.625
1,461,4,0,141696,141696,0,738611423.250,738612129.438,706.188
1,462,9,0,142176,142176,0,741111267.875,741111892.000,624.125
1,463,15,0,142752,142752,0,744111066.062,744111818.688,752.625
1,464,0,0,142848,142848,0,744611038.875,744611817.188,778.312
1,465,3,0,143136,143136,0,746110938.125,746111588.188,650.062
1,466,4,0,143232,143232,0,746610912.000,746611599.375,687.375
1,467,9,0,143712,143712,0,749110751.688,749111512.562,760.875
1,468,15,0,144288,144288,0,752110554.062,752111332.688,778.625
1,469,0,0,144384,144384,0,752610530.625,752611231.188,700.562
1,470,3,0,144672,144672,0,754110430.188,754111168.375,738.188
1,471,4,0,144768,144768,0,754610399.812,754611165.188,765.375
1,472,9,0,145248,145248,0,757110239.812,757111005.562,765.750
1,473,15,0,145824,145824,0,760110042.062,760110749.188,707.125
1,474,0,0,145920,145920,0,760610015.062,760610774.812,759.750
1,475,3,0,146208,146208,0,762109916.875,762110648.438,731.562
1,476,4,0,146304,146304,0,762609890.562,762610596.750,706.188
1,477,9,0,146784,146784,0,765109727.688,765110436.438,708.750
1,478,15,0,147360,147360,0,768109530.062,768110309.188,779.125
1,479,0,0,147456,147456,0,768609502.875,768610281.188,778.312
1,480,3,0,147744,147744,0,770109402.125,770110052.188,650.062
1,481,4,0,147840,147840,0,770609378.312,770610001.062,622.750
1,482,9,0,148320,148320,0,773109215.938,773109840.062,624.125
1,483,15,0,148896,148896,0,776109018.062,776109674.375,656.312
1,484,0,0,148992,148992,0,776608990.438,776609672.188,681.750
1,485,3,0,149280,149280,0,778108890.062,778109624.938,734.875
1,486,4,0,149376,149376,0,778608862.812,778609646.750,783.938
1,487,9,0,149856,149856,0,781108703.812,781109385.812,682.000
1,488,15,0,150432,150432,0,784108512.812,784109146.312,633.500
1,489,0,0,150528,150528,0,784608479.688,784609258.000,778.312
1,490,3,0,150816,150816,0,786108378.188,786109105.812,727.625
1,491,4,0,150912,150912,0,786608350.562,786609082.750,732.188
1,492,9,0,151392,151392,0,789108195.938,789108897.625,701.688
1,493,15,0,151968,151968,0,792107997.812,792108728.625,730.812
1,494,0,0,152064,152064,0,792607970.312,792608748.625,778.312
1,495,3,0,152352,152352,0,794107870.938,794108498.438,627.500
1,496,4,0,152448,152448,0,794607842.812,794608471.812,629.000
1,497,9,0,152928,152928,0,797107679.875,797108393.875,714.000
1,498,15,0,153504,153504,0,800107485.688,800108223.250,737.562
1,499,0,0,153600,153600,0,800607453.812,800608140.938,687.125
1,500,3,0,153888,153888,0,802107354.188,802108081.438,727.250
1,501,4,0,153984,153984,0,802607324.750,802608082.875,758.125
1,502,9,0,154464,154464,0,805107167.062,805107906.688,739.625
1,503,15,0,155040,155040,0,808106970.062,808107671.188,701.125
1,504,0,0,155136,155136,0,808606942.812,808607617.500,674.688
1,505,3,0,155424,155424,0,810106842.062,810107524.562,682.500
1,506,4,0,155520,155520,0,810606813.188,810607519.375,706.188
1,507,9,0,156000,156000,0,813106655.875,813107383.562,727.688
1,508,15,0,156576,156576,0,816106463.812,816107246.062,782.250
1,509,0,0,156672,156672,0,816606428.812,816607181.312,752.500
1,510,3,0,156960,156960,0,818106330.125,818107039.375,709.250
1,511,4,0,157056,157056,0,818606305.375,818607018.625,713.250
1,512,9,0,157536,157536,0,821106143.875,821106858.000,714.125
1,513,15,0,158112,158112,0,824105947.938,824106652.625,704.688
1,514,0,0,158208,158208,0,824605919.625,824606697.938,778.312
1,515,3,0,158496,158496,0,826105818.125,826106545.750,727.625
1,516,4,0,158592,158592,0,826605790.500,826606522.688,732.188
1,517,9,0,159072,159072,0,829105633.250,829106386.875,753.625
1,518,15,0,159648,159648,0,832105438.750,832106072.250,633.500
1,519,0,0,159744,159744,0,832605407.938,832606082.625,674.688
1,520,3,0,160032,160032,0,834105306.125,834106059.875,753.750
1,521,4,0,160128,160128,0,834605283.125,834606015.312,732.188
1,522,9,0,160608,160608,0,837105120.375,837105802.375,682.000
1,523,15,0,161184,161184,0,840104922.062,840105602.938,680.875
1,524,0,0,161280,161280,0,840604898.375,840605529.125,630.750
1,525,3,0,161568,161568,0,842104794.125,842105503.000,708.875
1,526,4,0,161664,161664,0,842604765.375,842605522.312,756.938
1,527,9,0,162144,162144,0,845104606.812,845105346.438,739.625
1,528,15,0,162720,162720,0,848104410.062,848105092.062,682.000
1,529,0,0,162816,162816,0,848604383.938,848605065.688,681.750
1,530,3,0,163104,163104,0,850104285.625,850104920.438,634.812
1,531,4,0,163200,163200,0,850604254.750,850604960.938,706.188
1,532,9,0,163680,163680,0,853104095.812,853104861.562,765.750
1,533,15,0,164256,164256,0,856103898.125,856104599.250,701.125
1,534,0,0,164352,164352,0,856603870.875,856604649.188,778.312
1,535,3,0,164640,164640,0,858103770.125,858104420.188,650.062
1,536,4,0,164736,164736,0,858603746.312,858604369.062,622.750
1,537,9,0,165216,165216,0,861103584.062,861104318.625,734.562
1,538,15,0,165792,165792,0,864103386.125,864104016.250,630.125
1,539,0,0,165888,165888,0,864603358.688,864604014.375,655.688
1,540,3,0,166176,166176,0,866103258.062,866103967.125,709.062
1,541,4,0,166272,166272,0,866603234.812,866603974.188,739.375
1,542,9,0,166752,166752,0,869103070.875,869103850.312,779.438
1,543,15,0,167328,167328,0,872102878.562,872103504.562,626.000
1,544,0,0,167424,167424,0,872602847.000,872603502.688,655.688
1,545,3,0,167712,167712,0,874102749.875,874103455.438,705.562
1,546,4,0,167808,167808,0,874602717.438,874603422.438,705.000
1,547,9,0,168288,168288,0,877102559.812,877103209.812,650.000
1,548,15,0,168864,168864,0,880102364.188,880103120.625,756.438
1,549,0,0,168960,168960,0,880602333.125,880603033.688,700.562
1,550,3,0,169248,169248,0,882102234.062,882102961.938,727.875
1,551,4,0,169344,169344,0,882602206.375,882602938.562,732.188
1,552,9,0,169824,169824,0,885102051.938,885102727.750,675.812
1,553,15,0,170400,170400,0,888101850.062,888102577.312,727.250
1,554,0,0,170496,170496,0,888601820.625,888602573.125,752.500
1,555,3,0,170784,170784,0,890101732.438,890102338.812,606.375
1,556,4,0,170880,170880,0,890601695.438,890602324.438,629.000
1,557,9,0,171360,171360,0,893101535.812,893102218.688,682.875
1,558,15,0,171936,171936,0,896101341.688,896101994.750,653.062
1,559,0,0,172032,172032,0,896601311.125,896601992.875,681.750
1,560,3,0,172320,172320,0,898101214.062,898101945.625,731.562
1,561,4,0,172416,172416,0,898601185.875,898601873.250,687.375
2,0,3,0,288,288,0,2158554.062,2159261.250,707.188
2,1,4,0,384,384,0,2658524.875,2659160.375,635.500
2,2,9,0,864,864,0,5158367.625,5159052.000,684.375
2,3,15,0,1440,1440,0,8158170.188,8158898.562,728.375
2,4,0,0,1536,1536,0,8658143.438,8658871.875,728.438
2,5,3,0,1824,1824,0,10158047.562,10158832.375,784.812
2,6,4,0,1920,1920,0,10658014.000,10658696.125,682.125
2,7,9,0,2400,2400,0,13157856.000,13158609.312,753.312
2,8,15,0,2976,2976,0,16157658.125,16158394.000,735.875
2,9,0,0,3072,3072,0,16657628.750,16658389.812,761.062
2,10,3,0,3360,3360,0,18157530.062,18158260.125,730.062
2,11,4,0,3456,3456,0,18657504.000,18658263.875,759.875
2,12,9,0,3936,3936,0,21157347.875,21158103.250,755.375
2,13,15,0,4512,4512,0,24157146.125,24157873.688,727.562
2,14,0,0,4608,4608,0,24657118.562,24657847.000,728.438
2,15,3,0,4896,4896,0,26157018.062,26157649.750,631.688
2,16,4,0,4992,4992,0,26656991.500,26657622.812,631.312
2,17,9,0,5472,5472,0,29156832.000,29157462.125,630.125
2,18,15,0,6048,6048,0,32156637.750,32157421.938,784.188
2,19,0,0,6144,6144,0,32656610.375,32657397.250,786.875
2,20,3,0,6432,6432,0,34156506.062,34157236.125,730.062
2,21,4,0,6528,6528,0,34656480.000,34657239.875,759.875
2,22,9,0,7008,7008,0,37156324.062,37156956.750,632.688
2,23,15,0,7584,7584,0,40156132.500,40156836.750,704.250
2,24,0,0,7680,7680,0,40656098.750,40656730.688,631.938
2,25,3,0,7968,7968,0,42156000.875,42156760.188,759.312
2,26,4,0,8064,8064,0,42655965.938,42656705.375,739.438
2,27,9,0,8544,8544,0,45155807.750,45156440.438,632.688
2,28,15,0,9120,9120,0,48155610.062,48156286.688,676.625
2,29,0,0,9216,9216,0,48655583.812,48656260.312,676.500
2,30,3,0,9504,9504,0,50155485.188,50156237.562,752.375
2,31,4,0,9600,9600,0,50655453.875,50656193.312,739.438
2,32,9,0,10080,10080,0,53155299.750,53156036.000,736.250
2,33,15,0,10656,10656,0,56155103.000,56155737.562,634.562
2,34,0,0,10752,10752,0,56655074.312,56655861.188,786.875
2,35,3,0,11040,11040,0,58154974.938,58155623.250,648.312
2,36,4,0,11136,11136,0,58654942.688,58655695.688,753.000
2,37,9,0,11616,11616,0,61154784.250,61155461.875,677.625
2,38,15,0,12192,12192,0,64154586.062,64155295.875,709.812
2,39,0,0,12288,12288,0,64654558.875,64655294.000,735.125
2,40,3,0,12576,12576,0,66154458.062,66155194.438,736.375
2,41,4,0,12672,12672,0,66654430.625,66655183.625,753.000
2,42,9,0,13152,13152,0,69154276.000,69154986.250,710.250
2,43,15,0,13728,13728,0,72154074.062,72154836.125,762.062
2,44,0,0,13824,13824,0,72654046.500,72654678.438,631.938
2,45,3,0,14112,14112,0,74153948.062,74154655.312,707.250
2,46,4,0,14208,14208,0,74653922.625,74654649.625,727.000
2,47,9,0,14688,14688,0,77153761.125,77154464.812,703.688
2,48,15,0,15264,15264,0,80153564.938,80154323.312,758.375
2,49,0,0,15360,15360,0,80653533.438,80654293.312,759.875
2,50,3,0,15648,15648,0,82153434.125,82154169.250,735.125
2,51,4,0,15744,15744,0,82653407.688,82654039.000,631.312
2,52,9,0,16224,16224,0,85153247.875,85153878.000,630.125
2,53,15,0,16800,16800,0,88153054.000,88153715.625,661.625
2,54,0,0,16896,16896,0,88653026.625,88653658.562,631.938
2,55,3,0,17184,17184,0,90152922.062,90153651.000,728.938
2,56,4,0,17280,17280,0,90652898.500,90653677.438,778.938
2,57,9,0,17760,17760,0,93152735.000,93153392.312,657.312
2,58,15,0,18336,18336,0,96152538.062,96153266.375,728.312
2,59,0,0,18432,18432,0,96652514.500,96653191.000,676.500
2,60,3,0,18720,18720,0,98152410.125,98153042.438,632.312
2,61,4,0,18816,18816,0,98652380.812,98653159.750,778.938
2,62,9,0,19296,19296,0,101152223.688,101152882.250,658.562
2,63,15,0,19872,19872,0,104152026.125,104152735.438,709.312
2,64,0,0,19968,19968,0,104651999.625,104652708.750,709.125
2,65,3,0,20256,20256,0,106151902.938,106152551.250,648.312
2,66,4,0,20352,20352,0,106651870.688,106652623.688,753.000
2,67,9,0,20832,20832,0,109151712.250,109152389.875,677.625
2,68,15,0,21408,21408,0,112151514.062,112152223.875,709.812
2,69,0,0,21504,21504,0,112651486.875,112652222.000,735.125
2,70,3,0,21792,21792,0,114151386.062,114152122.438,736.375
2,71,4,0,21888,21888,0,114651358.625,114652111.625,753.000
2,72,9,0,22368,22368,0,117151204.000,117151914.250,710.250
2,73,15,0,22944,22944,0,120151002.062,120151764.125,762.062
2,74,0,0,23040,23040,0,120650978.500,120651713.625,735.125
2,75,3,0,23328,23328,0,122150874.125,122151577.312,703.188
2,76,4,0,23424,23424,0,122650845.125,122651572.125,727.000
2,77,9,0,23904,23904,0,125150687.562,125151448.562,761.000
2,78,15,0,24480,24480,0,128150500.188,128151256.438,756.250
2,79,0,0,24576,24576,0,128650466.562,128651220.812,754.250
2,80,3,0,24864,24864,0,130150364.250,130151149.062,784.812
2,81,4,0,24960,24960,0,130650335.125,130651062.125,727.000
2,82,9,0,25440,25440,0,133150176.000,133150929.312,753.312
2,83,15,0,26016,26016,0,136149978.125,136150757.375,779.250
2,84,0,0,26112,26112,0,136649950.875,136650660.000,709.125
2,85,3,0,26400,26400,0,138149852.438,138150637.250,784.812
2,86,4,0,26496,26496,0,138649826.625,138650553.625,727.000
2,87,9,0,26976,26976,0,141149668.250,141150300.938,632.688
2,88,15,0,27552,27552,0,144149469.938,144150254.125,784.188
2,89,0,0,27648,27648,0,144649439.250,144650226.125,786.875
2,90,3,0,27936,27936,0,146149348.188,146150086.188,738.000
2,91,4,0,28032,28032,0,146649308.812,146650061.812,753.000
2,92,9,0,28512,28512,0,149149152.250,149149906.812,754.562
2,93,15,0,29088,29088,0,152148954.062,152149714.688,760.625
2,94,0,0,29184,29184,0,152648930.500,152649562.438,631.938
2,95,3,0,29472,29472,0,154148826.188,154149554.875,728.688
2,96,4,0,29568,29568,0,154648796.688,154649549.688,753.000
2,97,9,0,30048,30048,0,157148639.812,157149272.500,632.688
2,98,15,0,30624,30624,0,160148442.188,160149195.562,753.375
2,99,0,0,30720,30720,0,160648414.875,160649150.000,735.125
2,100,3,0,31008,31008,0,162148319.250,162149078.250,759.000
2,101,4,0,31104,31104,0,162648285.688,162648999.250,713.562
2,102,9,0,31584,31584,0,165148127.750,165148786.312,658.562
2,103,15,0,32160,32160,0,168147936.875,168148675.938,739.062
2,104,0,0,32256,32256,0,168647906.562,168648667.625,761.062
2,105,3,0,32544,32544,0,170147806.188,170148454.500,648.312
2,106,4,0,32640,32640,0,170647777.875,170648486.062,708.188
2,107,9,0,33120,33120,0,173147616.062,173148371.438,755.375
2,108,15,0,33696,33696,0,176147418.125,176148069.062,650.938
2,109,0,0,33792,33792,0,176647390.688,176648067.188,676.500
2,110,3,0,34080,34080,0,178147290.062,178148019.938,729.875
2,111,4,0,34176,34176,0,178647267.125,178648027.000,759.875
2,112,9,0,34656,34656,0,181147102.875,181147890.875,788.000
2,113,15,0,35232,35232,0,184146910.562,184147545.125,634.562
2,114,0,0,35328,35328,0,184646882.375,184647508.062,625.688
2,115,3,0,35616,35616,0,186146778.062,186147402.500,624.438
2,116,4,0,35712,35712,0,186646754.562,186647507.562,753.000
2,117,9,0,36192,36192,0,189146591.875,189147347.250,755.375
2,118,15,0,36768,36768,0,192146401.062,192147191.875,790.812
2,119,0,0,36864,36864,0,192646367.062,192647050.312,683.250
2,120,3,0,37152,37152,0,194146268.000,194146975.250,707.250
2,121,4,0,37248,37248,0,194646242.125,194646917.750,675.625
2,122,9,0,37728,37728,0,197146080.062,197146757.125,677.062
2,123,15,0,38304,38304,0,200145882.125,200146591.125,709.000
2,124,0,0,38400,38400,0,200645852.688,200646613.750,761.062
2,125,3,0,38688,38688,0,202145758.938,202146407.250,648.312
2,126,4,0,38784,38784,0,202645730.812,202646386.500,655.688
2,127,9,0,39264,39264,0,205145566.750,205146327.188,760.438
2,128,15,0,39840,39840,0,208145370.062,208146072.812,702.750
2,129,0,0,39936,39936,0,208645343.875,208646046.438,702.562
2,130,3,0,40224,40224,0,210145245.562,210145901.188,655.625
2,131,4,0,40320,40320,0,210645214.375,210645941.375,727.000
2,132,9,0,40800,40800,0,213145055.875,213145790.812,734.938
2,133,15,0,41376,41376,0,216144859.938,216145573.188,713.250
2,134,0,0,41472,41472,0,216644829.938,216645537.875,707.938
2,135,3,0,41760,41760,0,218144734.938,218145493.938,759.000
2,136,4,0,41856,41856,0,218644701.375,218645414.938,713.562
2,137,9,0,42336,42336,0,221144544.312,221145324.812,780.500
2,138,15,0,42912,42912,0,224144349.812,224145108.188,758.375
2,139,0,0,43008,43008,0,224644317.938,224645025.875,707.938
2,140,3,0,43296,43296,0,226144218.062,226144954.125,736.062
2,141,4,0,43392,43392,0,226644188.562,226644967.500,778.938
2,142,9,0,43872,43872,0,229144031.562,229144759.000,727.438
2,143,15,0,44448,44448,0,232143834.125,232144544.000,709.875
2,144,0,0,44544,44544,0,232643807.000,232644542.125,735.125
2,145,3,0,44832,44832,0,234143709.500,234144442.562,733.062
2,146,4,0,44928,44928,0,234643682.562,234644409.562,727.000
2,147,9,0,45408,45408,0,237143524.188,237144156.875,632.688
2,148,15,0,45984,45984,0,240143325.875,240144110.062,784.188
2,149,0,0,46080,46080,0,240643295.188,240644082.062,786.875
2,150,3,0,46368,46368,0,242143197.438,242143853.062,655.625
2,151,4,0,46464,46464,0,242643167.625,242643868.750,701.125
2,152,9,0,46944,46944,0,245143006.938,245143638.375,631.438
2,153,15,0,47520,47520,0,248142810.062,248143545.875,735.812
2,154,0,0,47616,47616,0,248642780.625,248643541.688,761.062
2,155,3,0,47904,47904,0,250142692.438,250143319.625,627.188
2,156,4,0,48000,48000,0,250642655.438,250643311.125,655.688
2,157,9,0,48480,48480,0,253142496.375,253143199.500,703.125
2,158,15,0,49056,49056,0,256142301.688,256142963.312,661.625
2,159,0,0,49152,49152,0,256642271.125,256642973.688,702.562
2,160,3,0,49440,49440,0,258142174.062,258142926.438,752.375
2,161,4,0,49536,49536,0,258642145.875,258642854.062,708.188
2,162,9,0,50016,50016,0,261141983.000,261142614.438,631.438
2,163,15,0,50592,50592,0,264141786.062,264142565.312,779.250
2,164,0,0,50688,50688,0,264641762.688,264642549.562,786.875
2,165,3,0,50976,50976,0,266141660.812,266142360.625,699.812
2,166,4,0,51072,51072,0,266641631.688,266642339.875,708.188
2,167,9,0,51552,51552,0,269141471.688,269142130.250,658.562
2,168,15,0,52128,52128,0,272141278.438,272141984.250,705.812
2,169,0,0,52224,52224,0,272641247.250,272641982.375,735.125
2,170,3,0,52512,52512,0,274141149.312,274141901.688,752.375
2,171,4,0,52608,52608,0,274641118.625,274641749.938,631.312
2,172,9,0,53088,53088,0,277140959.750,277141687.250,727.500
2,173,15,0,53664,53664,0,280140767.188,280141558.000,790.812
2,174,0,0,53760,53760,0,280640733.375,280641493.250,759.875
2,175,3,0,54048,54048,0,282140636.125,282141369.188,733.062
2,176,4,0,54144,54144,0,282640607.688,282641360.688,753.000
2,177,9,0,54624,54624,0,285140451.562,285141187.812,736.250
2,178,15,0,55200,55200,0,288140250.188,288140952.750,702.562
2,179,0,0,55296,55296,0,288640223.500,288640926.375,702.875
2,180,3,0,55584,55584,0,290140122.062,290140805.625,683.562
2,181,4,0,55680,55680,0,290640094.312,290640821.312,727.000
2,182,9,0,56160,56160,0,293139935.625,293140688.812,753.188
2,183,15,0,56736,56736,0,296139742.938,296140507.938,765.000
2,184,0,0,56832,56832,0,296639710.375,296640445.500,735.125
2,185,3,0,57120,57120,0,298139610.125,298140364.812,754.688
2,186,4,0,57216,57216,0,298639582.688,298640361.625,778.938
2,187,9,0,57696,57696,0,301139423.812,301140158.625,734.812
2,188,15,0,58272,58272,0,304139226.062,304139988.125,762.062
2,189,0,0,58368,58368,0,304639198.500,304639830.438,631.938
2,190,3,0,58656,58656,0,306139102.062,306139861.062,759.000
2,191,4,0,58752,58752,0,306639071.375,306639857.562,786.188
2,192,9,0,59232,59232,0,309138911.938,309139544.625,632.688
2,193,15,0,59808,59808,0,312138714.125,312139390.875,676.750
2,194,0,0,59904,59904,0,312638685.188,312639309.625,624.438
2,195,3,0,60192,60192,0,314138586.125,314139289.812,703.688
2,196,4,0,60288,60288,0,314638562.438,314639244.562,682.125
2,197,9,0,60768,60768,0,317138399.688,317139056.125,656.438
2,198,15,0,61344,61344,0,320138206.625,320138912.438,705.812
2,199,0,0,61440,61440,0,320638175.125,320638910.250,735.125
2,200,3,0,61728,61728,0,322138074.062,322138732.688,658.625
2,201,4,0,61824,61824,0,322638049.938,322638681.250,631.312
2,202,9,0,62304,62304,0,325137888.312,325138597.375,709.062
2,203,15,0,62880,62880,0,328137695.188,328138460.188,765.000
2,204,0,0,62976,62976,0,328637662.625,328638397.750,735.125
2,205,3,0,63264,63264,0,330137562.062,330138264.750,702.688
2,206,4,0,63360,63360,0,330637535.812,330638244.000,708.188
2,207,9,0,63840,63840,0,333137375.125,333138006.562,631.438
2,208,15,0,64416,64416,0,336137187.812,336137970.000,782.188
2,209,0,0,64512,64512,0,336637149.938,336637883.750,733.812
2,210,3,0,64800,64800,0,338137050.125,338137779.688,729.562
2,211,4,0,64896,64896,0,338637025.938,338637734.125,708.188
2,212,9,0,65376,65376,0,341136864.125,341137619.500,755.375
2,213,15,0,65952,65952,0,344136666.188,344137317.125,650.938
2,214,0,0,66048,66048,0,344636638.750,344637315.250,676.500
2,215,3,0,66336,66336,0,346136538.125,346137268.000,729.875
2,216,4,0,66432,66432,0,346636511.875,346637271.750,759.875
2,217,9,0,66912,66912,0,349136351.812,349137086.625,734.812
2,218,15,0,67488,67488,0,352136154.125,352136882.875,728.750
2,219,0,0,67584,67584,0,352636126.625,352636752.312,625.688
2,220,3,0,67872,67872,0,354136029.188,354136781.562,752.375
2,221,4,0,67968,67968,0,354635998.312,354636758.188,759.875
2,222,9,0,68448,68448,0,357135839.875,357136619.062,779.188
2,223,15,0,69024,69024,0,360135645.500,360136384.562,739.062
2,224,0,0,69120,69120,0,360635613.875,360636368.125,754.250
2,225,3,0,69408,69408,0,362135514.062,362136244.062,730.000
2,226,4,0,69504,69504,0,362635487.938,362636247.812,759.875
2,227,9,0,69984,69984,0,365135327.875,365136062.688,734.812
2,228,15,0,70560,70560,0,368135130.188,368135858.938,728.750
2,229,0,0,70656,70656,0,368635104.000,368635884.562,780.562
2,230,3,0,70944,70944,0,370135002.188,370135737.312,735.125
2,231,4,0,71040,71040,0,370634975.438,370635606.750,631.312
2,232,9,0,71520,71520,0,373134815.938,373135446.062,630.125
2,233,15,0,72096,72096,0,376134618.125,376135353.562,735.438
2,234,0,0,72192,72192,0,376634589.500,376635349.375,759.875
2,235,3,0,72480,72480,0,378134490.188,378135225.312,735.125
2,236,4,0,72576,72576,0,378634463.750,378635095.062,631.312
2,237,9,0,73056,73056,0,381134303.375,381135056.562,753.188
2,238,15,0,73632,73632,0,384134106.188,384134834.938,728.750
2,239,0,0,73728,73728,0,384634080.000,384634860.562,780.562
2,240,3,0,74016,74016,0,386133978.062,386134713.000,734.938
2,241,4,0,74112,74112,0,386633954.562,386634759.312,804.750
2,242,9,0,74592,74592,0,389133792.062,389134449.375,657.312
2,243,15,0,75168,75168,0,392133597.938,392134311.188,713.250
2,244,0,0,75264,75264,0,392633570.625,392634324.875,754.250
2,245,3,0,75552,75552,0,394133468.312,394134253.125,784.812
2,246,4,0,75648,75648,0,394633439.188,394634166.188,727.000
2,247,9,0,76128,76128,0,397133279.938,397134066.812,786.875
2,248,15,0,76704,76704,0,400133087.500,400133878.312,790.812
2,249,0,0,76800,76800,0,400633053.375,400633813.250,759.875
2,250,3,0,77088,77088,0,402132954.062,402133689.188,735.125
2,251,4,0,77184,77184,0,402632926.625,402633686.500,759.875
2,252,9,0,77664,77664,0,405132768.312,405133522.875,754.562
2,253,15,0,78240,78240,0,408132573.875,408133306.250,732.375
2,254,0,0,78336,78336,0,408632543.312,408633304.375,761.062
2,255,3,0,78624,78624,0,410132447.812,410133232.625,784.812
2,256,4,0,78720,78720,0,410632419.062,410633198.000,778.938
2,257,9,0,79200,79200,0,413132255.375,413132888.062,632.688
2,258,15,0,79776,79776,0,416132058.188,416132786.938,728.750
2,259,0,0,79872,79872,0,416632032.000,416632812.562,780.562
2,260,3,0,80160,80160,0,418131930.062,418132665.000,734.938
2,261,4,0,80256,80256,0,418631906.562,418632711.312,804.750
2,262,9,0,80736,80736,0,421131743.625,421132425.875,682.250
2,263,15,0,81312,81312,0,424131549.938,424132263.188,713.250
2,264,0,0,81408,81408,0,424631522.625,424632276.875,754.250
2,265,3,0,81696,81696,0,426131420.312,426132205.125,784.812
2,266,4,0,81792,81792,0,426631391.188,426632118.188,727.000
2,267,9,0,82272,82272,0,429131232.062,429131985.375,753.312
2,268,15,0,82848,82848,0,432131039.250,432131693.562,654.312
2,269,0,0,82944,82944,0,432631006.750,432631715.875,709.125
2,270,3,0,83232,83232,0,434130906.125,434131530.562,624.438
2,271,4,0,83328,83328,0,434630877.562,434631643.062,765.500
2,272,9,0,83808,83808,0,437130720.000,437131454.938,734.938
2,273,15,0,84384,84384,0,440130524.062,440131237.312,713.250
2,274,0,0,84480,84480,0,440630494.938,440631275.500,780.562
2,275,3,0,84768,84768,0,442130401.062,442131185.875,784.812
2,276,4,0,84864,84864,0,442630364.812,442631117.812,753.000
2,277,9,0,85344,85344,0,445130208.250,445130962.812,754.562
2,278,15,0,85920,85920,0,448130010.188,448130713.062,702.875
2,279,0,0,86016,86016,0,448629982.438,448630710.875,728.438
2,280,3,0,86304,86304,0,450129882.062,450130663.625,781.562
2,281,4,0,86400,86400,0,450629853.000,450630580.000,727.000
2,282,9,0,86880,86880,0,453129695.562,453130423.000,727.438
2,283,15,0,87456,87456,0,456129498.125,456130208.000,709.875
2,284,0,0,87552,87552,0,456629471.000,456630206.125,735.125
2,285,3,0,87840,87840,0,458129374.125,458130029.750,655.625
2,286,4,0,87936,87936,0,458629343.250,458630070.250,727.000
2,287,9,0,88416,88416,0,461129183.625,461129885.125,701.500
2,288,15,0,88992,88992,0,464128986.062,464129637.000,650.938
2,289,0,0,89088,89088,0,464628962.812,464629723.875,761.062
2,290,3,0,89376,89376,0,466128861.688,466129639.875,778.188
2,291,4,0,89472,89472,0,466628828.625,466629607.562,778.938
2,292,9,0,89952,89952,0,469128671.812,469129330.375,658.562
2,293,15,0,90528,90528,0,472128476.188,472129241.188,765.000
2,294,0,0,90624,90624,0,472628445.125,472629154.250,709.125
2,295,3,0,90912,90912,0,474128350.000,474129128.188,778.188
2,296,4,0,91008,91008,0,474628316.938,474629095.875,778.938
2,297,9,0,91488,91488,0,477128159.812,477128818.375,658.562
2,298,15,0,92064,92064,0,480127972.312,480128631.188,658.875
2,299,0,0,92160,92160,0,480627935.625,480628722.500,786.875
2,300,3,0,92448,92448,0,482127834.125,482128570.312,736.188
2,301,4,0,92544,92544,0,482627806.500,482628559.500,753.000
2,302,9,0,93024,93024,0,485127649.250,485128411.438,762.188
2,303,15,0,93600,93600,0,488127454.750,488128109.062,654.312
2,304,0,0,93696,93696,0,488627423.938,488628107.188,683.250
2,305,3,0,93984,93984,0,490127322.125,490128084.438,762.312
2,306,4,0,94080,94080,0,490627299.125,490628052.125,753.000
2,307,9,0,94560,94560,0,493127136.375,493127839.188,702.812
2,308,15,0,95136,95136,0,496126938.062,496127639.750,701.688
2,309,0,0,95232,95232,0,496626914.375,496627571.812,657.438
2,310,3,0,95520,95520,0,498126810.125,498127539.812,729.688
2,311,4,0,95616,95616,0,498626781.375,498627546.875,765.500
2,312,9,0,96096,96096,0,501126622.812,501127383.250,760.438
2,313,15,0,96672,96672,0,504126426.062,504127128.875,702.812
2,314,0,0,96768,96768,0,504626399.938,504627102.500,702.562
2,315,3,0,97056,97056,0,506126301.625,506126957.250,655.625
2,316,4,0,97152,97152,0,506626270.750,506626997.750,727.000
2,317,9,0,97632,97632,0,509126111.812,509126898.375,786.562
2,318,15,0,98208,98208,0,512125914.125,512126623.812,709.688
2,319,0,0,98304,98304,0,512625886.875,512626570.125,683.250
2,320,3,0,98592,98592,0,514125786.062,514126470.562,684.500
2,321,4,0,98688,98688,0,514625762.250,514626437.562,675.312
2,322,9,0,99168,99168,0,517125599.812,517126258.375,658.562
2,323,15,0,99744,99744,0,520125404.188,520126169.188,765.000
2,324,0,0,99840,99840,0,520625373.125,520626082.250,709.125
2,325,3,0,100128,100128,0,522125278.000,522126056.188,778.188
2,326,4,0,100224,100224,0,522625244.938,522626023.875,778.938
2,327,9,0,100704,100704,0,525125087.812,525125746.375,658.562
2,328,15,0,101280,101280,0,528124900.312,528125559.188,658.875
2,329,0,0,101376,101376,0,528624863.625,528625650.500,786.875
2,330,3,0,101664,101664,0,530124762.125,530125498.312,736.188
2,331,4,0,101760,101760,0,530624738.688,530625414.000,675.312
2,332,9,0,102240,102240,0,533124577.250,533125339.438,762.188
2,333,15,0,102816,102816,0,536124382.750,536125037.062,654.312
2,334,0,0,102912,102912,0,536624351.938,536625035.188,683.250
2,335,3,0,103200,103200,0,538124250.125,538125012.438,762.312
2,336,4,0,103296,103296,0,538624226.812,538624980.125,753.312
2,337,9,0,103776,103776,0,541124064.375,541124767.188,702.812
2,338,15,0,104352,104352,0,544123866.062,544124567.750,701.688
2,339,0,0,104448,104448,0,544623838.812,544624541.375,702.562
2,340,3,0,104736,104736,0,546123738.062,546124472.938,734.875
2,341,4,0,104832,104832,0,546623709.125,546624462.125,753.000
2,342,9,0,105312,105312,0,549123552.625,549124203.812,651.188
2,343,15,0,105888,105888,0,552123354.062,552124090.125,736.062
2,344,0,0,105984,105984,0,552623324.875,552624085.938,761.062
2,345,3,0,106272,106272,0,554123226.062,554123980.750,754.688
2,346,4,0,106368,106368,0,554623198.312,554623977.250,778.938
2,347,9,0,106848,106848,0,557123040.375,557123717.438,677.062
2,348,15,0,107424,107424,0,560122844.375,560123609.375,765.000
2,349,0,0,107520,107520,0,560622815.375,560623595.938,780.562
2,350,3,0,107808,107808,0,562122714.188,562123371.562,657.375
2,351,4,0,107904,107904,0,562622690.438,562623476.625,786.188
2,352,9,0,108384,108384,0,565122527.312,565123185.875,658.562
2,353,15,0,108960,108960,0,568122330.062,568123038.750,708.688
2,354,0,0,109056,109056,0,568622303.250,568623012.375,709.125
2,355,3,0,109344,109344,0,570122202.188,570122937.312,735.125
2,356,4,0,109440,109440,0,570622175.438,570622806.750,631.312
2,357,9,0,109920,109920,0,573122015.812,573122797.500,781.688
2,358,15,0,110496,110496,0,576121821.938,576122535.188,713.250
2,359,0,0,110592,110592,0,576621794.625,576622548.875,754.250
2,360,3,0,110880,110880,0,578121690.188,578122400.312,710.125
2,361,4,0,110976,110976,0,578621666.188,578622367.312,701.125
2,362,9,0,111456,111456,0,581121503.125,581122289.438,786.312
2,363,15,0,112032,112032,0,584121309.812,584122094.000,784.188
2,364,0,0,112128,112128,0,584621279.125,584622066.000,786.875
2,365,3,0,112416,112416,0,586121181.375,586121837.000,655.625
2,366,4,0,112512,112512,0,586621151.562,586621852.688,701.125
2,367,9,0,112992,112992,0,589120991.625,589121744.812,753.188
2,368,15,0,113568,113568,0,592120798.938,592121563.938,765.000
2,369,0,0,113664,113664,0,592620766.375,592621501.500,735.125
2,370,3,0,113952,113952,0,594120666.125,594121420.812,754.688
2,371,4,0,114048,114048,0,594620638.688,594621417.625,778.938
2,372,9,0,114528,114528,0,597120479.812,597121214.938,735.125
2,373,15,0,115104,115104,0,600120284.062,600120997.312,713.250
2,374,0,0,115200,115200,0,600620258.875,600621019.938,761.062
2,375,3,0,115488,115488,0,602120158.500,602120806.812,648.312
2,376,4,0,115584,115584,0,602620129.875,602620838.062,708.188
2,377,9,0,116064,116064,0,605119967.000,605120598.438,631.438
2,378,15,0,116640,116640,0,608119770.062,608120549.312,779.250
2,379,0,0,116736,116736,0,608619746.688,608620533.562,786.875
2,380,3,0,117024,117024,0,610119644.812,610120344.625,699.812
2,381,4,0,117120,117120,0,610619615.688,610620323.875,708.188
2,382,9,0,117600,117600,0,613119455.688,613120114.250,658.562
2,383,15,0,118176,118176,0,616119262.438,616119968.250,705.812
2,384,0,0,118272,118272,0,616619230.938,616619966.375,735.438
2,385,3,0,118560,118560,0,618119133.312,618119885.688,752.375
2,386,4,0,118656,118656,0,618619102.625,618619733.938,631.312
2,387,9,0,119136,119136,0,621118943.750,621119671.250,727.500
2,388,15,0,119712,119712,0,624118751.188,624119542.000,790.812
2,389,0,0,119808,119808,0,624618717.375,624619477.250,759.875
2,390,3,0,120096,120096,0,626118620.125,626119353.188,733.062
2,391,4,0,120192,120192,0,626618591.688,626619344.688,753.000
2,392,9,0,120672,120672,0,629118435.562,629119171.812,736.250
2,393,15,0,121248,121248,0,632118234.188,632118936.750,702.562
2,394,0,0,121344,121344,0,632618207.500,632618910.062,702.562
2,395,3,0,121632,121632,0,634118106.250,634118763.938,657.688
2,396,4,0,121728,121728,0,634618078.500,634618779.625,701.125
2,397,9,0,122208,122208,0,637117919.562,637118680.562,761.000
2,398,15,0,122784,122784,0,640117725.500,640118387.125,661.625
2,399,0,0,122880,122880,0,640617698.438,640618330.375,631.938
2,400,3,0,123168,123168,0,642117599.250,642118384.062,784.812
2,401,4,0,123264,123264,0,642617567.938,642618223.625,655.688
2,402,9,0,123744,123744,0,645117408.062,645118038.188,630.125
2,403,15,0,124320,124320,0,648117217.000,648117956.062,739.062
2,404,0,0,124416,124416,0,648617180.688,648617915.812,735.125
2,405,3,0,124704,124704,0,650117082.062,650117811.750,729.688
2,406,4,0,124800,124800,0,650617055.500,650617686.812,631.312
2,407,9,0,125280,125280,0,653116896.000,653117526.125,630.125
2,408,15,0,125856,125856,0,656116698.188,656117400.188,702.000
2,409,0,0,125952,125952,0,656616674.750,656617306.688,631.938
2,410,3,0,126240,126240,0,658116575.562,658117360.375,784.812
2,411,4,0,126336,126336,0,658616542.312,658617224.438,682.125
2,412,9,0,126816,126816,0,661116383.875,661117170.750,786.875
2,413,15,0,127392,127392,0,664116186.125,664116914.500,728.375
2,414,0,0,127488,127488,0,664616159.375,664616887.812,728.438
2,415,3,0,127776,127776,0,666116063.500,666116848.312,784.812
2,416,4,0,127872,127872,0,666616029.938,666616712.062,682.125
2,417,9,0,128352,128352,0,669115875.312,669116637.500,762.188
2,418,15,0,128928,128928,0,672115674.062,672116350.688,676.625
2,419,0,0,129024,129024,0,672615651.000,672616437.875,786.875
2,420,3,0,129312,129312,0,674115548.688,674116230.062,681.375
2,421,4,0,129408,129408,0,674615519.062,674616246.062,727.000
2,422,9,0,129888,129888,0,677115359.625,677116069.875,710.250
2,423,15,0,130464,130464,0,680115165.500,680115852.875,687.375
2,424,0,0,130560,130560,0,680615133.812,680615841.750,707.938
2,425,3,0,130848,130848,0,682115034.125,682115744.625,710.500
2,426,4,0,130944,130944,0,682615010.188,682615711.312,701.125
2,427,9,0,131424,131424,0,685114848.000,685115575.500,727.500
2,428,15,0,132000,132000,0,688114651.938,688115339.312,687.375
2,429,0,0,132096,132096,0,688614626.812,688615361.938,735.125
2,430,3,0,132384,132384,0,690114522.062,690115225.625,703.562
2,431,4,0,132480,132480,0,690614498.250,690615180.375,682.125
2,432,9,0,132960,132960,0,693114335.562,693115096.562,761.000
2,433,15,0,133536,133536,0,696114138.125,696114925.938,787.812
2,434,0,0,133632,133632,0,696614110.750,696614897.625,786.875
2,435,3,0,133920,133920,0,698114010.062,698114668.938,658.875
2,436,4,0,134016,134016,0,698613983.500,698614684.625,701.125
2,437,9,0,134496,134496,0,701113823.438,701114576.625,753.188
2,438,15,0,135072,135072,0,704113629.750,704114394.750,765.000
2,439,0,0,135168,135168,0,704613602.562,704614356.812,754.250
2,440,3,0,135456,135456,0,706113500.250,706114285.062,784.812
2,441,4,0,135552,135552,0,706613471.125,706614198.125,727.000
2,442,9,0,136032,136032,0,709113315.750,709113948.438,632.688
2,443,15,0,136608,136608,0,712113114.125,712113875.125,761.000
2,444,0,0,136704,136704,0,712613086.750,712613873.625,786.875
2,445,3,0,136992,136992,0,714112986.062,714113644.938,658.875
2,446,4,0,137088,137088,0,714612959.500,714613660.625,701.125
2,447,9,0,137568,137568,0,717112799.438,717113552.625,753.188
2,448,15,0,138144,138144,0,720112605.750,720113370.750,765.000
2,449,0,0,138240,138240,0,720612578.562,720613332.812,754.250
2,450,3,0,138528,138528,0,722112476.250,722113261.062,784.812
2,451,4,0,138624,138624,0,722612447.125,722613174.125,727.000
2,452,9,0,139104,139104,0,725112291.750,725112924.438,632.688
2,453,15,0,139680,139680,0,728112090.125,728112851.125,761.000
2,454,0,0,139776,139776,0,728612062.750,728612849.625,786.875
2,455,3,0,140064,140064,0,730111962.125,730112620.625,658.500
2,456,4,0,140160,140160,0,730611933.812,730612647.375,713.562
2,457,9,0,140640,140640,0,733111780.125,733112490.375,710.250
2,458,15,0,141216,141216,0,736111578.062,736112339.938,761.875
2,459,0,0,141312,141312,0,736611551.875,736612338.750,786.875
2,460,3,0,141600,141600,0,738111450.062,738112134.250,684.188
2,461,4,0,141696,141696,0,738611423.250,738612150.250,727.000
2,462,9,0,142176,142176,0,741111267.875,741111900.562,632.688
2,463,15,0,142752,142752,0,744111066.062,744111827.250,761.188
2,464,0,0,142848,142848,0,744611038.875,744611825.750,786.875
2,465,3,0,143136,143136,0,746110938.125,746111596.750,658.625
2,466,4,0,143232,143232,0,746610912.000,746611620.188,708.188
2,467,9,0,143712,143712,0,749110751.688,749111533.375,781.688
2,468,15,0,144288,144288,0,752110554.062,752111341.250,787.188
2,469,0,0,144384,144384,0,752610530.625,752611239.750,709.125
2,470,3,0,144672,144672,0,754110430.188,754111189.188,759.000
2,471,4,0,144768,144768,0,754610399.812,754611186.000,786.188
2,472,9,0,145248,145248,0,757110239.812,757111026.375,786.562
2,473,15,0,145824,145824,0,760110042.062,760110770.000,727.938
2,474,0,0,145920,145920,0,760610015.062,760610795.625,780.562
2,475,3,0,146208,146208,0,762109916.875,762110669.250,752.375
2,476,4,0,146304,146304,0,762609890.562,762610617.562,727.000
2,477,9,0,146784,146784,0,765109727.688,765110457.250,729.562
2,478,15,0,147360,147360,0,768109530.062,768110317.750,787.688
2,479,0,0,147456,147456,0,768609502.875,768610289.750,786.875
2,480,3,0,147744,147744,0,770109402.125,770110060.750,658.625
2,481,4,0,147840,147840,0,770609378.312,770610009.625,631.312
2,482,9,0,148320,148320,0,773109215.938,773109848.625,632.688
2,483,15,0,148896,148896,0,776109018.062,776109695.188,677.125
2,484,0,0,148992,148992,0,776608990.438,776609693.000,702.562
2,485,3,0,149280,149280,0,778108890.062,778109645.750,755.688
2,486,4,0,149376,149376,0,778608862.812,778609667.562,804.750
2,487,9,0,149856,149856,0,781108703.812,781109406.625,702.812
2,488,15,0,150432,150432,0,784108512.812,784109167.125,654.312
2,489,0,0,150528,150528,0,784608479.688,784609266.562,786.875
2,490,3,0,150816,150816,0,786108378.188,786109114.375,736.188
2,491,4,0,150912,150912,0,786608350.562,786609103.562,753.000
2,492,9,0,151392,151392,0,789108195.938,789108906.188,710.250
2,493,15,0,151968,151968,0,792107997.812,792108737.188,739.375
2,494,0,0,152064,152064,0,792607970.312,792608757.188,786.875
2,495,3,0,152352,152352,0,794107870.938,794108519.250,648.312
2,496,4,0,152448,152448,0,794607842.812,794608498.500,655.688
2,497,9,0,152928,152928,0,797107679.875,797108414.688,734.812
2,498,15,0,153504,153504,0,800107485.688,800108244.062,758.375
2,499,0,0,153600,153600,0,800607453.812,800608161.750,707.938
2,500,3,0,153888,153888,0,802107354.188,802108090.000,735.812
2,501,4,0,153984,153984,0,802607324.750,802608103.688,778.938
2,502,9,0,154464,154464,0,805107167.062,805107927.500,760.438
2,503,15,0,155040,155040,0,808106970.062,808107679.750,709.688
2,504,0,0,155136,155136,0,808606942.812,808607626.062,683.250
2,505,3,0,155424,155424,0,810106842.062,810107545.375,703.312
2,506,4,0,155520,155520,0,810606813.188,810607540.188,727.000
2,507,9,0,156000,156000,0,813106655.875,813107392.125,736.250
2,508,15,0,156576,156576,0,816106463.812,816107254.625,790.812
2,509,0,0,156672,156672,0,816606428.812,816607189.875,761.062
2,510,3,0,156960,156960,0,818106330.125,818107060.188,730.062
2,511,4,0,157056,157056,0,818606305.375,818607039.438,734.062
2,512,9,0,157536,157536,0,821106143.875,821106878.812,734.938
2,513,15,0,158112,158112,0,824105947.938,824106661.188,713.250
2,514,0,0,158208,158208,0,824605919.625,824606706.500,786.875
2,515,3,0,158496,158496,0,826105818.125,826106554.312,736.188
2,516,4,0,158592,158592,0,826605790.500,826606543.500,753.000
2,517,9,0,159072,159072,0,829105633.250,829106395.438,762.188
2,518,15,0,159648,159648,0,832105438.750,832106093.062,654.312
2,519,0,0,159744,159744,0,832605407.938,832606091.188,683.250
2,520,3,0,160032,160032,0,834105306.125,834106068.438,762.312
2,521,4,0,160128,160128,0,834605283.125,834606036.125,753.000
2,522,9,0,160608,160608,0,837105120.375,837105823.188,702.812
2,523,15,0,161184,161184,0,840104922.062,840105623.750,701.688
2,524,0,0,161280,161280,0,840604898.375,840605555.812,657.438
2,525,3,0,161568,161568,0,842104794.125,842105523.812,729.688
2,526,4,0,161664,161664,0,842604765.375,842605530.875,765.500
2,527,9,0,162144,162144,0,845104606.812,845105367.250,760.438
2,528,15,0,162720,162720,0,848104410.062,848105112.875,702.812
2,529,0,0,162816,162816,0,848604383.938,848605086.500,702.562
2,530,3,0,163104,163104,0,850104285.625,850104941.250,655.625
2,531,4,0,163200,163200,0,850604254.750,850604981.750,727.000
2,532,9,0,163680,163680,0,853104095.812,853104882.375,786.562
2,533,15,0,164256,164256,0,856103898.125,856104607.812,709.688
2,534,0,0,164352,164352,0,856603870.875,856604657.750,786.875
2,535,3,0,164640,164640,0,858103770.125,858104428.750,658.625
2,536,4,0,164736,164736,0,858603746.312,858604377.625,631.312
2,537,9,0,165216,165216,0,861103584.062,861104339.438,755.375
2,538,15,0,165792,165792,0,864103386.125,864104037.062,650.938
2,539,0,0,165888,165888,0,864603358.688,864604035.188,676.500
2,540,3,0,166176,166176,0,866103258.062,866103987.938,729.875
2,541,4,0,166272,166272,0,866603234.812,866603995.000,760.188
2,542,9,0,166752,166752,0,869103070.875,869103858.875,788.000
2,543,15,0,167328,167328,0,872102878.562,872103513.125,634.562
2,544,0,0,167424,167424,0,872602847.000,872603523.500,676.500
2,545,3,0,167712,167712,0,874102749.875,874103476.250,726.375
2,546,4,0,167808,167808,0,874602717.438,874603431.000,713.562
2,547,9,0,168288,168288,0,877102559.812,877103218.375,658.562
2,548,15,0,168864,168864,0,880102364.188,880103129.188,765.000
2,549,0,0,168960,168960,0,880602333.125,880603042.250,709.125
2,550,3,0,169248,169248,0,882102234.062,882102970.500,736.438
2,551,4,0,169344,169344,0,882602206.375,882602959.375,753.000
2,552,9,0,169824,169824,0,885102051.938,885102736.312,684.375
2,553,15,0,170400,170400,0,888101850.062,888102585.875,735.812
2,554,0,0,170496,170496,0,888601820.625,888602581.688,761.062
2,555,3,0,170784,170784,0,890101732.438,890102359.625,627.188
2,556,4,0,170880,170880,0,890601695.438,890602351.125,655.688
2,557,9,0,171360,171360,0,893101535.812,893102239.500,703.688
2,558,15,0,171936,171936,0,896101341.688,896102003.312,661.625
2,559,0,0,172032,172032,0,896601311.125,896602013.688,702.562
2,560,3,0,172320,172320,0,898101214.062,898101966.438,752.375
2,561,4,0,172416,172416,0,898601185.875,898601894.062,708.188
3,0,3,0,288,288,0,2158554.062,2159283.500,729.438
3,1,4,0,384,384,0,2658524.875,2659200.750,675.875
3,2,9,0,864,864,0,5158367.625,5159074.250,706.625
3,3,15,0,1440,1440,0,8158170.188,8158908.562,738.375
3,4,0,0,1536,1536,0,8658143.438,8658881.875,738.438
3,5,3,0,1824,1824,0,10158047.562,10158854.625,807.062
3,6,4,0,1920,1920,0,10658014.000,10658718.375,704.375
3,7,9,0,2400,2400,0,13157856.000,13158619.312,763.312
3,8,15,0,2976,2976,0,16157658.125,16158416.250,758.125
3,9,0,0,3072,3072,0,16657628.750,16658412.062,783.312
3,10,3,0,3360,3360,0,18157530.062,18158282.375,752.312
3,11,4,0,3456,3456,0,18657504.000,18658286.125,782.125
3,12,9,0,3936,3936,0,21157347.875,21158113.250,765.375
3,13,15,0,4512,4512,0,24157146.125,24157883.688,737.562
3,14,0,0,4608,4608,0,24657118.562,24657857.000,738.438
3,15,3,0,4896,4896,0,26157018.062,26157672.000,653.938
3,16,4,0,4992,4992,0,26656991.500,26657650.938,659.438
3,17,9,0,5472,5472,0,29156832.000,29157484.375,652.375
3,18,15,0,6048,6048,0,32156637.750,32157444.188,806.438
3,19,0,0,6144,6144,0,32656610.375,32657419.500,809.125
3,20,3,0,6432,6432,0,34156506.062,34157258.375,752.312
3,21,4,0,6528,6528,0,34656480.000,34657262.125,782.125
3,22,9,0,7008,7008,0,37156324.062,37156979.000,654.938
3,23,15,0,7584,7584,0,40156132.500,40156859.000,726.500
3,24,0,0,7680,7680,0,40656098.750,40656758.812,660.062
3,25,3,0,7968,7968,0,42156000.875,42156782.438,781.562
3,26,4,0,8064,8064,0,42655965.938,42656727.625,761.688
3,27,9,0,8544,8544,0,45155807.750,45156462.688,654.938
3,28,15,0,9120,9120,0,48155610.062,48156296.688,686.625
3,29,0,0,9216,9216,0,48655583.812,48656270.312,686.500
3,30,3,0,9504,9504,0,50155485.188,50156247.562,762.375
3,31,4,0,9600,9600,0,50655453.875,50656215.562,761.688
3,32,9,0,10080,10080,0,53155299.750,53156058.250,758.500
3,33,15,0,10656,10656,0,56155103.000,56155759.812,656.812
3,34,0,0,10752,10752,0,56655074.312,56655883.438,809.125
3,35,3,0,11040,11040,0,58154974.938,58155633.250,658.312
3,36,4,0,11136,11136,0,58654942.688,58655705.688,763.000
3,37,9,0,11616,11616,0,61154784.250,61155471.875,687.625
3,38,15,0,12192,12192,0,64154586.062,64155318.125,732.062
3,39,0,0,12288,12288,0,64654558.875,64655316.250,757.375
3,40,3,0,12576,12576,0,66154458.062,66155216.688,758.625
3,41,4,0,12672,12672,0,66654430.625,66655193.625,763.000
3,42,9,0,13152,13152,0,69154276.000,69155008.500,732.500
3,43,15,0,13728,13728,0,72154074.062,72154858.375,784.312
3,44,0,0,13824,13824,0,72654046.500,72654706.562,660.062
3,45,3,0,14112,14112,0,74153948.062,74154677.562,729.500
3,46,4,0,14208,14208,0,74653922.625,74654659.625,737.000
3,47,9,0,14688,14688,0,77153761.125,77154474.812,713.688
3,48,15,0,15264,15264,0,80153564.938,80154345.562,780.625
3,49,0,0,15360,15360,0,80653533.438,80654315.562,782.125
3,50,3,0,15648,15648,0,82153434.125,82154191.500,757.375
3,51,4,0,15744,15744,0,82653407.688,82654067.125,659.438
3,52,9,0,16224,16224,0,85153247.875,85153900.250,652.375
3,53,15,0,16800,16800,0,88153054.000,88153737.875,683.875
3,54,0,0,16896,16896,0,88653026.625,88653686.688,660.062
3,55,3,0,17184,17184,0,90152922.062,90153661.000,738.938
3,56,4,0,17280,17280,0,90652898.500,90653687.438,788.938
3,57,9,0,17760,17760,0,93152735.000,93153414.562,679.562
3,58,15,0,18336,18336,0,96152538.062,96153276.375,738.312
3,59,0,0,18432,18432,0,96652514.500,96653201.000,686.500
3,60,3,0,18720,18720,0,98152410.125,98153064.688,654.562
3,61,4,0,18816,18816,0,98652380.812,98653169.750,788.938
3,62,9,0,19296,19296,0,101152223.688,101152904.500,680.812
3,63,15,0,19872,19872,0,104152026.125,104152757.688,731.562
3,64,0,0,19968,19968,0,104651999.625,104652731.000,731.375
3,65,3,0,20256,20256,0,106151902.938,106152561.250,658.312
3,66,4,0,20352,20352,0,106651870.688,106652633.688,763.000
3,67,9,0,20832,20832,0,109151712.250,109152399.875,687.625
3,68,15,0,21408,21408,0,112151514.062,112152246.125,732.062
3,69,0,0,21504,21504,0,112651486.875,112652244.250,757.375
3,70,3,0,21792,21792,0,114151386.062,114152144.688,758.625
3,71,4,0,21888,21888,0,114651358.625,114652121.625,763.000
3,72,9,0,22368,22368,0,117151204.000,117151936.500,732.500
3,73,15,0,22944,22944,0,120151002.062,120151786.375,784.312
3,74,0,0,23040,23040,0,120650978.500,120651735.875,757.375
3,75,3,0,23328,23328,0,122150874.125,122151587.312,713.188
3,76,4,0,23424,23424,0,122650845.125,122651582.125,737.000
3,77,9,0,23904,23904,0,125150687.562,125151470.812,783.250
3,78,15,0,24480,24480,0,128150500.188,128151278.688,778.500
3,79,0,0,24576,24576,0,128650466.562,128651230.812,764.250
3,80,3,0,24864,24864,0,130150364.250,130151171.312,807.062
3,81,4,0,24960,24960,0,130650335.125,130651072.125,737.000
3,82,9,0,25440,25440,0,133150176.000,133150939.312,763.312
3,83,15,0,26016,26016,0,136149978.125,136150767.375,789.250
3,84,0,0,26112,26112,0,136649950.875,136650682.250,731.375
3,85,3,0,26400,26400,0,138149852.438,138150659.500,807.062
3,86,4,0,26496,26496,0,138649826.625,138650563.625,737.000
3,87,9,0,26976,26976,0,141149668.250,141150323.188,654.938
3,88,15,0,27552,27552,0,144149469.938,144150276.375,806.438
3,89,0,0,27648,27648,0,144649439.250,144650248.375,809.125
3,90,3,0,27936,27936,0,146149348.188,146150108.438,760.250
3,91,4,0,28032,28032,0,146649308.812,146650071.812,763.000
3,92,9,0,28512,28512,0,149149152.250,149149916.812,764.562
3,93,15,0,29088,29088,0,152148954.062,152149736.938,782.875
3,94,0,0,29184,29184,0,152648930.500,152649590.562,660.062
3,95,3,0,29472,29472,0,154148826.188,154149564.875,738.688
3,96,4,0,29568,29568,0,154648796.688,154649559.688,763.000
3,97,9,0,30048,30048,0,157148639.812,157149294.750,654.938
3,98,15,0,30624,30624,0,160148442.188,160149205.562,763.375
3,99,0,0,30720,30720,0,160648414.875,160649172.250,757.375
3,100,3,0,31008,31008,0,162148319.250,162149100.500,781.250
3,101,4,0,31104,31104,0,162648285.688,162649021.500,735.812
3,102,9,0,31584,31584,0,165148127.750,165148808.562,680.812
3,103,15,0,32160,32160,0,168147936.875,168148698.188,761.312
3,104,0,0,32256,32256,0,168647906.562,168648689.875,783.312
3,105,3,0,32544,32544,0,170147806.188,170148464.500,658.312
3,106,4,0,32640,32640,0,170647777.875,170648508.312,730.438
3,107,9,0,33120,33120,0,173147616.062,173148381.438,765.375
3,108,15,0,33696,33696,0,176147418.125,176148079.062,660.938
3,109,0,0,33792,33792,0,176647390.688,176648077.188,686.500
3,110,3,0,34080,34080,0,178147290.062,178148042.188,752.125
3,111,4,0,34176,34176,0,178647267.125,178648049.250,782.125
3,112,9,0,34656,34656,0,181147102.875,181147913.125,810.250
3,113,15,0,35232,35232,0,184146910.562,184147567.375,656.812
3,114,0,0,35328,35328,0,184646882.375,184647518.062,635.688
3,115,3,0,35616,35616,0,186146778.062,186147412.500,634.438
3,116,4,0,35712,35712,0,186646754.562,186647517.562,763.000
3,117,9,0,36192,36192,0,189146591.875,189147357.250,765.375
3,118,15,0,36768,36768,0,192146401.062,192147214.125,813.062
3,119,0,0,36864,36864,0,192646367.062,192647072.562,705.500
3,120,3,0,37152,37152,0,194146268.000,194146997.500,729.500
3,121,4,0,37248,37248,0,194646242.125,194646927.750,685.625
3,122,9,0,37728,37728,0,197146080.062,197146767.125,687.062
3,123,15,0,38304,38304,0,200145882.125,200146613.375,731.250
3,124,0,0,38400,38400,0,200645852.688,200646636.000,783.312
3,125,3,0,38688,38688,0,202145758.938,202146417.250,658.312
3,126,4,0,38784,38784,0,202645730.812,202646408.750,677.938
3,127,9,0,39264,39264,0,205145566.750,205146349.438,782.688
3,128,15,0,39840,39840,0,208145370.062,208146082.812,712.750
3,129,0,0,39936,39936,0,208645343.875,208646056.438,712.562
3,130,3,0,40224,40224,0,210145245.562,210145923.438,677.875
3,131,4,0,40320,40320,0,210645214.375,210645951.375,737.000
3,132,9,0,40800,40800,0,213145055.875,213145813.062,757.188
3,133,15,0,41376,41376,0,216144859.938,216145595.438,735.500
3,134,0,0,41472,41472,0,216644829.938,216645560.125,730.188
3,135,3,0,41760,41760,0,218144734.938,218145516.188,781.250
3,136,4,0,41856,41856,0,218644701.375,218645437.188,735.812
3,137,9,0,42336,42336,0,221144544.312,221145334.812,790.500
3,138,15,0,42912,42912,0,224144349.812,224145130.438,780.625
3,139,0,0,43008,43008,0,224644317.938,224645048.125,730.188
3,140,3,0,43296,43296,0,226144218.062,226144976.375,758.312
3,141,4,0,43392,43392,0,226644188.562,226644977.500,788.938
3,142,9,0,43872,43872,0,229144031.562,229144769.000,737.438
3,143,15,0,44448,44448,0,232143834.125,232144566.250,732.125
3,144,0,0,44544,44544,0,232643807.000,232644564.375,757.375
3,145,3,0,44832,44832,0,234143709.500,234144464.812,755.312
3,146,4,0,44928,44928,0,234643682.562,234644419.562,737.000
3,147,9,0,45408,45408,0,237143524.188,237144179.125,654.938
3,148,15,0,45984,45984,0,240143325.875,240144132.312,806.438
3,149,0,0,46080,46080,0,240643295.188,240644104.312,809.125
3,150,3,0,46368,46368,0,242143197.438,242143875.312,677.875
3,151,4,0,46464,46464,0,242643167.625,242643878.750,711.125
3,152,9,0,46944,46944,0,245143006.938,245143660.625,653.688
3,153,15,0,47520,47520,0,248142810.062,248143568.125,758.062
3,154,0,0,47616,47616,0,248642780.625,248643563.938,783.312
3,155,3,0,47904,47904,0,250142692.438,250143341.875,649.438
3,156,4,0,48000,48000,0,250642655.438,250643333.375,677.938
3,157,9,0,48480,48480,0,253142496.375,253143209.500,713.125
3,158,15,0,49056,49056,0,256142301.688,256142985.562,683.875
3,159,0,0,49152,49152,0,256642271.125,256642983.688,712.562
3,160,3,0,49440,49440,0,258142174.062,258142936.438,762.375
3,161,4,0,49536,49536,0,258642145.875,258642876.312,730.438
3,162,9,0,50016,50016,0,261141983.000,261142636.688,653.688
3,163,15,0,50592,50592,0,264141786.062,264142575.312,789.250
3,164,0,0,50688,50688,0,264641762.688,264642571.812,809.125
3,165,3,0,50976,50976,0,266141660.812,266142370.625,709.812
3,166,4,0,51072,51072,0,266641631.688,266642362.125,730.438
3,167,9,0,51552,51552,0,269141471.688,269142152.500,680.812
3,168,15,0,52128,52128,0,272141278.438,272142006.500,728.062
3,169,0,0,52224,52224,0,272641247.250,272642004.625,757.375
3,170,3,0,52512,52512,0,274141149.312,274141911.688,762.375
3,171,4,0,52608,52608,0,274641118.625,274641778.062,659.438
3,172,9,0,53088,53088,0,277140959.750,277141697.250,737.500
3,173,15,0,53664,53664,0,280140767.188,280141580.250,813.062
3,174,0,0,53760,53760,0,280640733.375,280641515.500,782.125
3,175,3,0,54048,54048,0,282140636.125,282141391.438,755.312
3,176,4,0,54144,54144,0,282640607.688,282641370.688,763.000
3,177,9,0,54624,54624,0,285140451.562,285141210.062,758.500
3,178,15,0,55200,55200,0,288140250.188,288140962.750,712.562
3,179,0,0,55296,55296,0,288640223.500,288640936.375,712.875
3,180,3,0,55584,55584,0,290140122.062,290140827.875,705.812
3,181,4,0,55680,55680,0,290640094.312,290640831.312,737.000
3,182,9,0,56160,56160,0,293139935.625,293140698.812,763.188
3,183,15,0,56736,56736,0,296139742.938,296140530.188,787.250
3,184,0,0,56832,56832,0,296639710.375,296640467.750,757.375
3,185,3,0,57120,57120,0,298139610.125,298140374.812,764.688
3,186,4,0,57216,57216,0,298639582.688,298640371.625,788.938
3,187,9,0,57696,57696,0,301139423.812,301140180.875,757.062
3,188,15,0,58272,58272,0,304139226.062,304140010.375,784.312
3,189,0,0,58368,58368,0,304639198.500,304639858.562,660.062
3,190,3,0,58656,58656,0,306139102.062,306139883.312,781.250
3,191,4,0,58752,58752,0,306639071.375,306639879.812,808.438
3,192,9,0,59232,59232,0,309138911.938,309139566.875,654.938
3,193,15,0,59808,59808,0,312138714.125,312139400.875,686.750
3,194,0,0,59904,59904,0,312638685.188,312639319.625,634.438
3,195,3,0,60192,60192,0,314138586.125,314139312.062,725.938
3,196,4,0,60288,60288,0,314638562.438,314639266.812,704.375
3,197,9,0,60768,60768,0,317138399.688,317139078.375,678.688
3,198,15,0,61344,61344,0,320138206.625,320138934.688,728.062
3,199,0,0,61440,61440,0,320638175.125,320638932.500,757.375
3,200,3,0,61728,61728,0,322138074.062,322138754.938,680.875
3,201,4,0,61824,61824,0,322638049.938,322638709.375,659.438
3,202,9,0,62304,62304,0,325137888.312,325138619.625,731.312
3,203,15,0,62880,62880,0,328137695.188,328138482.438,787.250
3,204,0,0,62976,62976,0,328637662.625,328638420.000,757.375
3,205,3,0,63264,63264,0,330137562.062,330138274.750,712.688
3,206,4,0,63360,63360,0,330637535.812,330638266.250,730.438
3,207,9,0,63840,63840,0,333137375.125,333138028.812,653.688
3,208,15,0,64416,64416,0,336137187.812,336137992.250,804.438
3,209,0,0,64512,64512,0,336637149.938,336637906.000,756.062
3,210,3,0,64800,64800,0,338137050.125,338137801.938,751.812
3,211,4,0,64896,64896,0,338637025.938,338637756.375,730.438
3,212,9,0,65376,65376,0,341136864.125,341137629.500,765.375
3,213,15,0,65952,65952,0,344136666.188,344137327.125,660.938
3,214,0,0,66048,66048,0,344636638.750,344637325.250,686.500
3,215,3,0,66336,66336,0,346136538.125,346137290.250,752.125
3,216,4,0,66432,66432,0,346636511.875,346637294.000,782.125
3,217,9,0,66912,66912,0,349136351.812,349137108.875,757.062
3,218,15,0,67488,67488,0,352136154.125,352136892.875,738.750
3,219,0,0,67584,67584,0,352636126.625,352636762.312,635.688
3,220,3,0,67872,67872,0,354136029.188,354136791.562,762.375
3,221,4,0,67968,67968,0,354635998.312,354636780.438,782.125
3,222,9,0,68448,68448,0,357135839.875,357136629.062,789.188
3,223,15,0,69024,69024,0,360135645.500,360136406.812,761.312
3,224,0,0,69120,69120,0,360635613.875,360636378.125,764.250
3,225,3,0,69408,69408,0,362135514.062,362136266.312,752.250
3,226,4,0,69504,69504,0,362635487.938,362636270.062,782.125
3,227,9,0,69984,69984,0,365135327.875,365136084.938,757.062
3,228,15,0,70560,70560,0,368135130.188,368135868.938,738.750
3,229,0,0,70656,70656,0,368635104.000,368635894.562,790.562
3,230,3,0,70944,70944,0,370135002.188,370135759.562,757.375
3,231,4,0,71040,71040,0,370634975.438,370635634.875,659.438
3,232,9,0,71520,71520,0,373134815.938,373135468.312,652.375
3,233,15,0,72096,72096,0,376134618.125,376135375.812,757.688
3,234,0,0,72192,72192,0,376634589.500,376635371.625,782.125
3,235,3,0,72480,72480,0,378134490.188,378135247.562,757.375
3,236,4,0,72576,72576,0,378634463.750,378635123.188,659.438
3,237,9,0,73056,73056,0,381134303.375,381135066.562,763.188
3,238,15,0,73632,73632,0,384134106.188,384134844.938,738.750
3,239,0,0,73728,73728,0,384634080.000,384634870.562,790.562
3,240,3,0,74016,74016,0,386133978.062,386134735.250,757.188
3,241,4,0,74112,74112,0,386633954.562,386634769.312,814.750
3,242,9,0,74592,74592,0,389133792.062,389134471.625,679.562
3,243,15,0,75168,75168,0,392133597.938,392134333.438,735.500
3,244,0,0,75264,75264,0,392633570.625,392634334.875,764.250
3,245,3,0,75552,75552,0,394133468.312,394134275.375,807.062
3,246,4,0,75648,75648,0,394633439.188,394634176.188,737.000
3,247,9,0,76128,76128,0,397133279.938,397134089.062,809.125
3,248,15,0,76704,76704,0,400133087.500,400133900.562,813.062
3,249,0,0,76800,76800,0,400633053.375,400633835.500,782.125
3,250,3,0,77088,77088,0,402132954.062,402133711.438,757.375
3,251,4,0,77184,77184,0,402632926.625,402633708.750,782.125
3,252,9,0,77664,77664,0,405132768.312,405133532.875,764.562
3,253,15,0,78240,78240,0,408132573.875,408133328.500,754.625
3,254,0,0,78336,78336,0,408632543.312,408633326.625,783.312
3,255,3,0,78624,78624,0,410132447.812,410133254.875,807.062
3,256,4,0,78720,78720,0,410632419.062,410633208.000,788.938
3,257,9,0,79200,79200,0,413132255.375,413132910.312,654.938
3,258,15,0,79776,79776,0,416132058.188,416132796.938,738.750
3,259,0,0,79872,79872,0,416632032.000,416632822.562,790.562
3,260,3,0,80160,80160,0,418131930.062,418132687.250,757.188
3,261,4,0,80256,80256,0,418631906.562,418632721.312,814.750
3,262,9,0,80736,80736,0,421131743.625,421132448.125,704.500
3,263,15,0,81312,81312,0,424131549.938,424132285.438,735.500
3,264,0,0,81408,81408,0,424631522.625,424632286.875,764.250
3,265,3,0,81696,81696,0,426131420.312,426132227.375,807.062
3,266,4,0,81792,81792,0,426631391.188,426632128.188,737.000
3,267,9,0,82272,82272,0,429131232.062,429131995.375,763.312
3,268,15,0,82848,82848,0,432131039.250,432131715.812,676.562
3,269,0,0,82944,82944,0,432631006.750,432631738.125,731.375
3,270,3,0,83232,83232,0,434130906.125,434131540.562,634.438
3,271,4,0,83328,83328,0,434630877.562,434631665.312,787.750
3,272,9,0,83808,83808,0,437130720.000,437131477.188,757.188
3,273,15,0,84384,84384,0,440130524.062,440131259.562,735.500
3,274,0,0,84480,84480,0,440630494.938,440631285.500,790.562
3,275,3,0,84768,84768,0,442130401.062,442131208.125,807.062
3,276,4,0,84864,84864,0,442630364.812,442631127.812,763.000
3,277,9,0,85344,85344,0,445130208.250,445130972.812,764.562
3,278,15,0,85920,85920,0,448130010.188,448130723.062,712.875
3,279,0,0,86016,86016,0,448629982.438,448630720.875,738.438
3,280,3,0,86304,86304,0,450129882.062,450130685.875,803.812
3,281,4,0,86400,86400,0,450629853.000,450630590.000,737.000
3,282,9,0,86880,86880,0,453129695.562,453130433.000,737.438
3,283,15,0,87456,87456,0,456129498.125,456130230.250,732.125
3,284,0,0,87552,87552,0,456629471.000,456630228.375,757.375
3,285,3,0,87840,87840,0,458129374.125,458130052.000,677.875
3,286,4,0,87936,87936,0,458629343.250,458630080.250,737.000
3,287,9,0,88416,88416,0,461129183.625,461129895.125,711.500
3,288,15,0,88992,88992,0,464128986.062,464129647.000,660.938
3,289,0,0,89088,89088,0,464628962.812,464629746.125,783.312
3,290,3,0,89376,89376,0,466128861.688,466129649.875,788.188
3,291,4,0,89472,89472,0,466628828.625,466629617.562,788.938
3,292,9,0,89952,89952,0,469128671.812,469129352.625,680.812
3,293,15,0,90528,90528,0,472128476.188,472129263.438,787.250
3,294,0,0,90624,90624,0,472628445.125,472629176.500,731.375
3,295,3,0,90912,90912,0,474128350.000,474129138.188,788.188
3,296,4,0,91008,91008,0,474628316.938,474629105.875,788.938
3,297,9,0,91488,91488,0,477128159.812,477128840.625,680.812
3,298,15,0,92064,92064,0,480127972.312,480128653.438,681.125
3,299,0,0,92160,92160,0,480627935.625,480628744.750,809.125
3,300,3,0,92448,92448,0,482127834.125,482128592.562,758.438
3,301,4,0,92544,92544,0,482627806.500,482628569.500,763.000
3,302,9,0,93024,93024,0,485127649.250,485128433.688,784.438
3,303,15,0,93600,93600,0,488127454.750,488128131.312,676.562
3,304,0,0,93696,93696,0,488627423.938,488628129.438,705.500
3,305,3,0,93984,93984,0,490127322.125,490128106.688,784.562
3,306,4,0,94080,94080,0,490627299.125,490628062.125,763.000
3,307,9,0,94560,94560,0,493127136.375,493127849.188,712.812
3,308,15,0,95136,95136,0,496126938.062,496127649.750,711.688
3,309,0,0,95232,95232,0,496626914.375,496627594.062,679.688
3,310,3,0,95520,95520,0,498126810.125,498127562.062,751.938
3,311,4,0,95616,95616,0,498626781.375,498627569.125,787.750
3,312,9,0,96096,96096,0,501126622.812,501127405.500,782.688
3,313,15,0,96672,96672,0,504126426.062,504127138.875,712.812
3,314,0,0,96768,96768,0,504626399.938,504627112.500,712.562
3,315,3,0,97056,97056,0,506126301.625,506126979.500,677.875
3,316,4,0,97152,97152,0,506626270.750,506627007.750,737.000
3,317,9,0,97632,97632,0,509126111.812,509126920.625,808.812
3,318,15,0,98208,98208,0,512125914.125,512126646.062,731.938
3,319,0,0,98304,98304,0,512625886.875,512626592.375,705.500
3,320,3,0,98592,98592,0,514125786.062,514126492.812,706.750
3,321,4,0,98688,98688,0,514625762.250,514626447.562,685.312
3,322,9,0,99168,99168,0,517125599.812,517126280.625,680.812
3,323,15,0,99744,99744,0,520125404.188,520126191.438,787.250
3,324,0,0,99840,99840,0,520625373.125,520626104.500,731.375
3,325,3,0,100128,100128,0,522125278.000,522126066.188,788.188
3,326,4,0,100224,100224,0,522625244.938,522626033.875,788.938
3,327,9,0,100704,100704,0,525125087.812,525125768.625,680.812
3,328,15,0,101280,101280,0,528124900.312,528125581.438,681.125
3,329,0,0,101376,101376,0,528624863.625,528625672.750,809.125
3,330,3,0,101664,101664,0,530124762.125,530125520.562,758.438
3,331,4,0,101760,101760,0,530624738.688,530625424.000,685.312
3,332,9,0,102240,102240,0,533124577.250,533125361.688,784.438
3,333,15,0,102816,102816,0,536124382.750,536125059.312,676.562
3,334,0,0,102912,102912,0,536624351.938,536625057.438,705.500
3,335,3,0,103200,103200,0,538124250.125,538125034.688,784.562
3,336,4,0,103296,103296,0,538624226.812,538624990.125,763.312
3,337,9,0,103776,103776,0,541124064.375,541124777.188,712.812
3,338,15,0,104352,104352,0,544123866.062,544124577.750,711.688
3,339,0,0,104448,104448,0,544623838.812,544624551.375,712.562
3,340,3,0,104736,104736,0,546123738.062,546124495.188,757.125
3,341,4,0,104832,104832,0,546623709.125,546624472.125,763.000
3,342,9,0,105312,105312,0,549123552.625,549124213.812,661.188
3,343,15,0,105888,105888,0,552123354.062,552124112.375,758.312
3,344,0,0,105984,105984,0,552623324.875,552624108.188,783.312
3,345,3,0,106272,106272,0,554123226.062,554123990.750,764.688
3,346,4,0,106368,106368,0,554623198.312,554623987.250,788.938
3,347,9,0,106848,106848,0,557123040.375,557123727.438,687.062
3,348,15,0,107424,107424,0,560122844.375,560123631.625,787.250
3,349,0,0,107520,107520,0,560622815.375,560623605.938,790.562
3,350,3,0,107808,107808,0,562122714.188,562123393.812,679.625
3,351,4,0,107904,107904,0,562622690.438,562623498.875,808.438
3,352,9,0,108384,108384,0,565122527.312,565123208.125,680.812
3,353,15,0,108960,108960,0,568122330.062,568123061.000,730.938
3,354,0,0,109056,109056,0,568622303.250,568623034.625,731.375
3,355,3,0,109344,109344,0,570122202.188,570122959.562,757.375
3,356,4,0,109440,109440,0,570622175.438,570622834.875,659.438
3,357,9,0,109920,109920,0,573122015.812,573122807.500,791.688
3,358,15,0,110496,110496,0,576121821.938,576122557.438,735.500
3,359,0,0,110592,110592,0,576621794.625,576622558.875,764.250
3,360,3,0,110880,110880,0,578121690.188,578122422.562,732.375
3,361,4,0,110976,110976,0,578621666.188,578622377.312,711.125
3,362,9,0,111456,111456,0,581121503.125,581122311.688,808.562
3,363,15,0,112032,112032,0,584121309.812,584122116.250,806.438
3,364,0,0,112128,112128,0,584621279.125,584622088.250,809.125
3,365,3,0,112416,112416,0,586121181.375,586121859.250,677.875
3,366,4,0,112512,112512,0,586621151.562,586621862.688,711.125
3,367,9,0,112992,112992,0,589120991.625,589121754.812,763.188
3,368,15,0,113568,113568,0,592120798.938,592121586.188,787.250
3,369,0,0,113664,113664,0,592620766.375,592621523.750,757.375
3,370,3,0,113952,113952,0,594120666.125,594121430.812,764.688
3,371,4,0,114048,114048,0,594620638.688,594621427.625,788.938
3,372,9,0,114528,114528,0,597120479.812,597121237.188,757.375
3,373,15,0,115104,115104,0,600120284.062,600121019.562,735.500
3,374,0,0,115200,115200,0,600620258.875,600621042.188,783.312
3,375,3,0,115488,115488,0,602120158.500,602120816.812,658.312
3,376,4,0,115584,115584,0,602620129.875,602620860.312,730.438
3,377,9,0,116064,116064,0,605119967.000,605120620.688,653.688
3,378,15,0,116640,116640,0,608119770.062,608120559.312,789.250
3,379,0,0,116736,116736,0,608619746.688,608620555.812,809.125
3,380,3,0,117024,117024,0,610119644.812,610120354.625,709.812
3,381,4,0,117120,117120,0,610619615.688,610620346.125,730.438
3,382,9,0,117600,117600,0,613119455.688,613120136.500,680.812
3,383,15,0,118176,118176,0,616119262.438,616119990.500,728.062
3,384,0,0,118272,118272,0,616619230.938,616619988.625,757.688
3,385,3,0,118560,118560,0,618119133.312,618119895.688,762.375
3,386,4,0,118656,118656,0,618619102.625,618619762.062,659.438
3,387,9,0,119136,119136,0,621118943.750,621119681.250,737.500
3,388,15,0,119712,119712,0,624118751.188,624119564.250,813.062
3,389,0,0,119808,119808,0,624618717.375,624619499.500,782.125
3,390,3,0,120096,120096,0,626118620.125,626119375.438,755.312
3,391,4,0,120192,120192,0,626618591.688,626619354.688,763.000
3,392,9,0,120672,120672,0,629118435.562,629119194.062,758.500
3,393,15,0,121248,121248,0,632118234.188,632118946.750,712.562
3,394,0,0,121344,121344,0,632618207.500,632618920.062,712.562
3,395,3,0,121632,121632,0,634118106.250,634118786.188,679.938
3,396,4,0,121728,121728,0,634618078.500,634618789.625,711.125
3,397,9,0,122208,122208,0,637117919.562,637118702.812,783.250
3,398,15,0,122784,122784,0,640117725.500,640118409.375,683.875
3,399,0,0,122880,122880,0,640617698.438,640618358.500,660.062
3,400,3,0,123168,123168,0,642117599.250,642118406.312,807.062
3,401,4,0,123264,123264,0,642617567.938,642618245.875,677.938
3,402,9,0,123744,123744,0,645117408.062,645118060.438,652.375
3,403,15,0,124320,124320,0,648117217.000,648117978.312,761.312
3,404,0,0,124416,124416,0,648617180.688,648617938.062,757.375
3,405,3,0,124704,124704,0,650117082.062,650117834.000,751.938
3,406,4,0,124800,124800,0,650617055.500,650617714.938,659.438
3,407,9,0,125280,125280,0,653116896.000,653117548.375,652.375
3,408,15,0,125856,125856,0,656116698.188,656117410.188,712.000
3,409,0,0,125952,125952,0,656616674.750,656617334.812,660.062
3,410,3,0,126240,126240,0,658116575.562,658117382.625,807.062
3,411,4,0,126336,126336,0,658616542.312,658617246.688,704.375
3,412,9,0,126816,126816,0,661116383.875,661117193.000,809.125
3,413,15,0,127392,127392,0,664116186.125,664116924.500,738.375
3,414,0,0,127488,127488,0,664616159.375,664616897.812,738.438
3,415,3,0,127776,127776,0,666116063.500,666116870.562,807.062
3,416,4,0,127872,127872,0,666616029.938,666616734.312,704.375
3,417,9,0,128352,128352,0,669115875.312,669116659.750,784.438
3,418,15,0,128928,128928,0,672115674.062,672116360.688,686.625
3,419,0,0,129024,129024,0,672615651.000,672616460.125,809.125
3,420,3,0,129312,129312,0,674115548.688,674116252.312,703.625
3,421,4,0,129408,129408,0,674615519.062,674616256.062,737.000
3,422,9,0,129888,129888,0,677115359.625,677116092.125,732.500
3,423,15,0,130464,130464,0,680115165.500,680115875.125,709.625
3,424,0,0,130560,130560,0,680615133.812,680615864.000,730.188
3,425,3,0,130848,130848,0,682115034.125,682115766.875,732.750
3,426,4,0,130944,130944,0,682615010.188,682615721.312,711.125
3,427,9,0,131424,131424,0,685114848.000,685115585.500,737.500
3,428,15,0,132000,132000,0,688114651.938,688115361.562,709.625
3,429,0,0,132096,132096,0,688614626.812,688615384.188,757.375
3,430,3,0,132384,132384,0,690114522.062,690115247.875,725.812
3,431,4,0,132480,132480,0,690614498.250,690615202.625,704.375
3,432,9,0,132960,132960,0,693114335.562,693115118.812,783.250
3,433,15,0,133536,133536,0,696114138.125,696114948.188,810.062
3,434,0,0,133632,133632,0,696614110.750,696614919.875,809.125
3,435,3,0,133920,133920,0,698114010.062,698114691.188,681.125
3,436,4,0,134016,134016,0,698613983.500,698614694.625,711.125
3,437,9,0,134496,134496,0,701113823.438,701114586.625,763.188
3,438,15,0,135072,135072,0,704113629.750,704114417.000,787.250
3,439,0,0,135168,135168,0,704613602.562,704614366.812,764.250
3,440,3,0,135456,135456,0,706113500.250,706114307.312,807.062
3,441,4,0,135552,135552,0,706613471.125,706614208.125,737.000
3,442,9,0,136032,136032,0,709113315.750,709113970.688,654.938
3,443,15,0,136608,136608,0,712113114.125,712113897.375,783.250
3,444,0,0,136704,136704,0,712613086.750,712613895.875,809.125
3,445,3,0,136992,136992,0,714112986.062,714113667.188,681.125
3,446,4,0,137088,137088,0,714612959.500,714613670.625,711.125
3,447,9,0,137568,137568,0,717112799.438,717113562.625,763.188
3,448,15,0,138144,138144,0,720112605.750,720113393.000,787.250
3,449,0,0,138240,138240,0,720612578.562,720613342.812,764.250
3,450,3,0,138528,138528,0,722112476.250,722113283.312,807.062
3,451,4,0,138624,138624,0,722612447.125,722613184.125,737.000
3,452,9,0,139104,139104,0,725112291.750,725112946.688,654.938
3,453,15,0,139680,139680,0,728112090.125,728112873.375,783.250
3,454,0,0,139776,139776,0,728612062.750,728612871.875,809.125
3,455,3,0,140064,140064,0,730111962.125,730112642.875,680.750
3,456,4,0,140160,140160,0,730611933.812,730612669.625,735.812
3,457,9,0,140640,140640,0,733111780.125,733112512.625,732.500
3,458,15,0,141216,141216,0,736111578.062,736112362.188,784.125
3,459,0,0,141312,141312,0,736611551.875,736612361.000,809.125
3,460,3,0,141600,141600,0,738111450.062,738112156.500,706.438
3,461,4,0,141696,141696,0,738611423.250,738612160.250,737.000
3,462,9,0,142176,142176,0,741111267.875,741111922.812,654.938
3,463,15,0,142752,142752,0,744111066.062,744111849.500,783.438
3,464,0,0,142848,142848,0,744611038.875,744611848.000,809.125
3,465,3,0,143136,143136,0,746110938.125,746111619.000,680.875
3,466,4,0,143232,143232,0,746610912.000,746611642.438,730.438
3,467,9,0,143712,143712,0,749110751.688,749111543.375,791.688
3,468,15,0,144288,144288,0,752110554.062,752111363.500,809.438
3,469,0,0,144384,144384,0,752610530.625,752611262.000,731.375
3,470,3,0,144672,144672,0,754110430.188,754111211.438,781.250
3,471,4,0,144768,144768,0,754610399.812,754611208.250,808.438
3,472,9,0,145248,145248,0,757110239.812,757111048.625,808.812
3,473,15,0,145824,145824,0,760110042.062,760110780.000,737.938
3,474,0,0,145920,145920,0,760610015.062,760610805.625,790.562
3,475,3,0,146208,146208,0,762109916.875,762110679.250,762.375
3,476,4,0,146304,146304,0,762609890.562,762610627.562,737.000
3,477,9,0,146784,146784,0,765109727.688,765110467.250,739.562
3,478,15,0,147360,147360,0,768109530.062,768110340.000,809.938
3,479,0,0,147456,147456,0,768609502.875,768610312.000,809.125
3,480,3,0,147744,147744,0,770109402.125,770110083.000,680.875
3,481,4,0,147840,147840,0,770609378.312,770610037.750,659.438
3,482,9,0,148320,148320,0,773109215.938,773109870.875,654.938
3,483,15,0,148896,148896,0,776109018.062,776109705.188,687.125
3,484,0,0,148992,148992,0,776608990.438,776609703.000,712.562
3,485,3,0,149280,149280,0,778108890.062,778109668.000,777.938
3,486,4,0,149376,149376,0,778608862.812,778609677.562,814.750
3,487,9,0,149856,149856,0,781108703.812,781109416.625,712.812
3,488,15,0,150432,150432,0,784108512.812,784109189.375,676.562
3,489,0,0,150528,150528,0,784608479.688,784609288.812,809.125
3,490,3,0,150816,150816,0,786108378.188,786109136.625,758.438
3,491,4,0,150912,150912,0,786608350.562,786609113.562,763.000
3,492,9,0,151392,151392,0,789108195.938,789108928.438,732.500
3,493,15,0,151968,151968,0,792107997.812,792108759.438,761.625
3,494,0,0,152064,152064,0,792607970.312,792608779.438,809.125
3,495,3,0,152352,152352,0,794107870.938,794108529.250,658.312
3,496,4,0,152448,152448,0,794607842.812,794608520.750,677.938
3,497,9,0,152928,152928,0,797107679.875,797108436.938,757.062
3,498,15,0,153504,153504,0,800107485.688,800108266.312,780.625
3,499,0,0,153600,153600,0,800607453.812,800608184.000,730.188
3,500,3,0,153888,153888,0,802107354.188,802108112.250,758.062
3,501,4,0,153984,153984,0,802607324.750,802608113.688,788.938
3,502,9,0,154464,154464,0,805107167.062,805107949.750,782.688
3,503,15,0,155040,155040,0,808106970.062,808107702.000,731.938
3,504,0,0,155136,155136,0,808606942.812,808607648.312,705.500
3,505,3,0,155424,155424,0,810106842.062,810107555.375,713.312
3,506,4,0,155520,155520,0,810606813.188,810607550.188,737.000
3,507,9,0,156000,156000,0,813106655.875,813107414.375,758.500
3,508,15,0,156576,156576,0,816106463.812,816107276.875,813.062
3,509,0,0,156672,156672,0,816606428.812,816607212.125,783.312
3,510,3,0,156960,156960,0,818106330.125,818107082.438,752.312
3,511,4,0,157056,157056,0,818606305.375,818607061.688,756.312
3,512,9,0,157536,157536,0,821106143.875,821106901.062,757.188
3,513,15,0,158112,158112,0,824105947.938,824106683.438,735.500
3,514,0,0,158208,158208,0,824605919.625,824606728.750,809.125
3,515,3,0,158496,158496,0,826105818.125,826106576.562,758.438
3,516,4,0,158592,158592,0,826605790.500,826606553.500,763.000
3,517,9,0,159072,159072,0,829105633.250,829106417.688,784.438
3,518,15,0,159648,159648,0,832105438.750,832106115.312,676.562
3,519,0,0,159744,159744,0,832605407.938,832606113.438,705.500
3,520,3,0,160032,160032,0,834105306.125,834106090.688,784.562
3,521,4,0,160128,160128,0,834605283.125,834606046.125,763.000
3,522,9,0,160608,160608,0,837105120.375,837105833.188,712.812
3,523,15,0,161184,161184,0,840104922.062,840105633.750,711.688
3,524,0,0,161280,161280,0,840604898.375,840605578.062,679.688
3,525,3,0,161568,161568,0,842104794.125,842105546.062,751.938
3,526,4,0,161664,161664,0,842604765.375,842605553.125,787.750
3,527,9,0,162144,162144,0,845104606.812,845105389.500,782.688
3,528,15,0,162720,162720,0,848104410.062,848105122.875,712.812
3,529,0,0,162816,162816,0,848604383.938,848605096.500,712.562
3,530,3,0,163104,163104,0,850104285.625,850104963.500,677.875
3,531,4,0,163200,163200,0,850604254.750,850604991.750,737.000
3,532,9,0,163680,163680,0,853104095.812,853104904.625,808.812
3,533,15,0,164256,164256,0,856103898.125,856104630.062,731.938
3,534,0,0,164352,164352,0,856603870.875,856604680.000,809.125
3,535,3,0,164640,164640,0,858103770.125,858104451.000,680.875
3,536,4,0,164736,164736,0,858603746.312,858604405.750,659.438
3,537,9,0,165216,165216,0,861103584.062,861104349.438,765.375
3,538,15,0,165792,165792,0,864103386.125,864104047.062,660.938
3,539,0,0,165888,165888,0,864603358.688,864604045.188,686.500
3,540,3,0,166176,166176,0,866103258.062,866104010.188,752.125
3,541,4,0,166272,166272,0,866603234.812,866604017.250,782.438
3,542,9,0,166752,166752,0,869103070.875,869103881.125,810.250
3,543,15,0,167328,167328,0,872102878.562,872103535.375,656.812
3,544,0,0,167424,167424,0,872602847.000,872603533.500,686.500
3,545,3,0,167712,167712,0,874102749.875,874103486.250,736.375
3,546,4,0,167808,167808,0,874602717.438,874603453.250,735.812
3,547,9,0,168288,168288,0,877102559.812,877103240.625,680.812
3,548,15,0,168864,168864,0,880102364.188,880103151.438,787.250
3,549,0,0,168960,168960,0,880602333.125,880603064.500,731.375
3,550,3,0,169248,169248,0,882102234.062,882102992.750,758.688
3,551,4,0,169344,169344,0,882602206.375,882602969.375,763.000
3,552,9,0,169824,169824,0,885102051.938,885102758.562,706.625
3,553,15,0,170400,170400,0,888101850.062,888102608.125,758.062
3,554,0,0,170496,170496,0,888601820.625,888602603.938,783.312
3,555,3,0,170784,170784,0,890101732.438,890102381.875,649.438
3,556,4,0,170880,170880,0,890601695.438,890602373.375,677.938
3,557,9,0,171360,171360,0,893101535.812,893102249.500,713.688
3,558,15,0,171936,171936,0,896101341.688,896102025.562,683.875
3,559,0,0,172032,172032,0,896601311.125,896602023.688,712.562
3,560,3,0,172320,172320,0,898101214.062,898101976.438,762.375
3,561,4,0,172416,172416,0,898601185.875,898601916.312,730.438
4,0,3,0,288,288,0,2158554.062,2159293.000,738.938
4,1,4,0,384,384,0,2658524.875,2659210.250,685.375
4,2,9,0,864,864,0,5158367.625,5159096.000,728.375
4,3,15,0,1440,1440,0,8158170.188,8158930.312,760.125
4,4,0,0,1536,1536,0,8658143.438,8658903.625,760.188
4,5,3,0,1824,1824,0,10158047.562,10158864.125,816.562
4,6,4,0,1920,1920,0,10658014.000,10658740.125,726.125
4,7,9,0,2400,2400,0,13157856.000,13158641.062,785.062
4,8,15,0,2976,2976,0,16157658.125,16158438.000,779.875
4,9,0,0,3072,3072,0,16657628.750,16658433.812,805.062
4,10,3,0,3360,3360,0,18157530.062,18158291.875,761.812
4,11,4,0,3456,3456,0,18657504.000,18658307.875,803.875
4,12,9,0,3936,3936,0,21157347.875,21158135.000,787.125
4,13,15,0,4512,4512,0,24157146.125,24157905.438,759.312
4,14,0,0,4608,4608,0,24657118.562,24657878.750,760.188
4,15,3,0,4896,4896,0,26157018.062,26157693.750,675.688
4,16,4,0,4992,4992,0,26656991.500,26657672.688,681.188
4,17,9,0,5472,5472,0,29156832.000,29157506.125,674.125
4,18,15,0,6048,6048,0,32156637.750,32157453.688,815.938
4,19,0,0,6144,6144,0,32656610.375,32657441.250,830.875
4,20,3,0,6432,6432,0,34156506.062,34157267.875,761.812
4,21,4,0,6528,6528,0,34656480.000,34657283.875,803.875
4,22,9,0,7008,7008,0,37156324.062,37157000.750,676.688
4,23,15,0,7584,7584,0,40156132.500,40156868.500,736.000
4,24,0,0,7680,7680,0,40656098.750,40656780.562,681.812
4,25,3,0,7968,7968,0,42156000.875,42156804.188,803.312
4,26,4,0,8064,8064,0,42655965.938,42656749.375,783.438
4,27,9,0,8544,8544,0,45155807.750,45156484.438,676.688
4,28,15,0,9120,9120,0,48155610.062,48156318.438,708.375
4,29,0,0,9216,9216,0,48655583.812,48656292.062,708.250
4,30,3,0,9504,9504,0,50155485.188,50156269.312,784.125
4,31,4,0,9600,9600,0,50655453.875,50656237.312,783.438
4,32,9,0,10080,10080,0,53155299.750,53156080.000,780.250
4,33,15,0,10656,10656,0,56155103.000,56155781.562,678.562
4,34,0,0,10752,10752,0,56655074.312,56655905.188,830.875
4,35,3,0,11040,11040,0,58154974.938,58155655.000,680.062
4,36,4,0,11136,11136,0,58654942.688,58655727.438,784.750
4,37,9,0,11616,11616,0,61154784.250,61155493.625,709.375
4,38,15,0,12192,12192,0,64154586.062,64155339.875,753.812
4,39,0,0,12288,12288,0,64654558.875,64655338.000,779.125
4,40,3,0,12576,12576,0,66154458.062,66155238.438,780.375
4,41,4,0,12672,12672,0,66654430.625,66655215.375,784.750
4,42,9,0,13152,13152,0,69154276.000,69155030.250,754.250
4,43,15,0,13728,13728,0,72154074.062,72154880.125,806.062
4,44,0,0,13824,13824,0,72654046.500,72654728.312,681.812
4,45,3,0,14112,14112,0,74153948.062,74154687.062,739.000
4,46,4,0,14208,14208,0,74653922.625,74654681.375,758.750
4,47,9,0,14688,14688,0,77153761.125,77154496.562,735.438
4,48,15,0,15264,15264,0,80153564.938,80154355.062,790.125
4,49,0,0,15360,15360,0,80653533.438,80654337.312,803.875
4,50,3,0,15648,15648,0,82153434.125,82154213.250,779.125
4,51,4,0,15744,15744,0,82653407.688,82654088.875,681.188
4,52,9,0,16224,16224,0,85153247.875,85153922.000,674.125
4,53,15,0,16800,16800,0,88153054.000,88153759.625,705.625
4,54,0,0,16896,16896,0,88653026.625,88653708.438,681.812
4,55,3,0,17184,17184,0,90152922.062,90153682.750,760.688
4,56,4,0,17280,17280,0,90652898.500,90653709.188,810.688
4,57,9,0,17760,17760,0,93152735.000,93153436.312,701.312
4,58,15,0,18336,18336,0,96152538.062,96153298.125,760.062
4,59,0,0,18432,18432,0,96652514.500,96653222.750,708.250
4,60,3,0,18720,18720,0,98152410.125,98153086.438,676.312
4,61,4,0,18816,18816,0,98652380.812,98653191.500,810.688
4,62,9,0,19296,19296,0,101152223.688,101152926.250,702.562
4,63,15,0,19872,19872,0,104152026.125,104152779.438,753.312
4,64,0,0,19968,19968,0,104651999.625,104652752.750,753.125
4,65,3,0,20256,20256,0,106151902.938,106152583.000,680.062
4,66,4,0,20352,20352,0,106651870.688,106652655.438,784.750
4,67,9,0,20832,20832,0,109151712.250,109152421.625,709.375
4,68,15,0,21408,21408,0,112151514.062,112152267.875,753.812
4,69,0,0,21504,21504,0,112651486.875,112652266.000,779.125
4,70,3,0,21792,21792,0,114151386.062,114152166.438,780.375
4,71,4,0,21888,21888,0,114651358.625,114652143.375,784.750
4,72,9,0,22368,22368,0,117151204.000,117151958.250,754.250
4,73,15,0,22944,22944,0,120151002.062,120151808.125,806.062
4,74,0,0,23040,23040,0,120650978.500,120651757.625,779.125
4,75,3,0,23328,23328,0,122150874.125,122151609.062,734.938
4,76,4,0,23424,23424,0,122650845.125,122651603.875,758.750
4,77,9,0,23904,23904,0,125150687.562,125151492.562,805.000
4,78,15,0,24480,24480,0,128150500.188,128151288.188,788.000
4,79,0,0,24576,24576,0,128650466.562,128651252.562,786.000
4,80,3,0,24864,24864,0,130150364.250,130151180.812,816.562
4,81,4,0,24960,24960,0,130650335.125,130651093.875,758.750
4,82,9,0,25440,25440,0,133150176.000,133150961.062,785.062
4,83,15,0,26016,26016,0,136149978.125,136150789.125,811.000
4,84,0,0,26112,26112,0,136649950.875,136650704.000,753.125
4,85,3,0,26400,26400,0,138149852.438,138150669.000,816.562
4,86,4,0,26496,26496,0,138649826.625,138650585.375,758.750
4,87,9,0,26976,26976,0,141149668.250,141150344.938,676.688
4,88,15,0,27552,27552,0,144149469.938,144150285.875,815.938
4,89,0,0,27648,27648,0,144649439.250,144650270.125,830.875
4,90,3,0,27936,27936,0,146149348.188,146150130.188,782.000
4,91,4,0,28032,28032,0,146649308.812,146650093.562,784.750
4,92,9,0,28512,28512,0,149149152.250,149149938.562,786.312
4,93,15,0,29088,29088,0,152148954.062,152149758.688,804.625
4,94,0,0,29184,29184,0,152648930.500,152649612.312,681.812
4,95,3,0,29472,29472,0,154148826.188,154149586.625,760.438
4,96,4,0,29568,29568,0,154648796.688,154649581.438,784.750
4,97,9,0,30048,30048,0,157148639.812,157149316.500,676.688
4,98,15,0,30624,30624,0,160148442.188,160149227.312,785.125
4,99,0,0,30720,30720,0,160648414.875,160649194.000,779.125
4,100,3,0,31008,31008,0,162148319.250,162149110.000,790.750
4,101,4,0,31104,31104,0,162648285.688,162649043.250,757.562
4,102,9,0,31584,31584,0,165148127.750,165148830.312,702.562
4,103,15,0,32160,32160,0,168147936.875,168148719.938,783.062
4,104,0,0,32256,32256,0,168647906.562,168648711.625,805.062
4,105,3,0,32544,32544,0,170147806.188,170148486.250,680.062
4,106,4,0,32640,32640,0,170647777.875,170648530.062,752.188
4,107,9,0,33120,33120,0,173147616.062,173148403.188,787.125
4,108,15,0,33696,33696,0,176147418.125,176148100.812,682.688
4,109,0,0,33792,33792,0,176647390.688,176648098.938,708.250
4,110,3,0,34080,34080,0,178147290.062,178148051.688,761.625
4,111,4,0,34176,34176,0,178647267.125,178648071.000,803.875
4,112,9,0,34656,34656,0,181147102.875,181147934.875,832.000
4,113,15,0,35232,35232,0,184146910.562,184147589.125,678.562
4,114,0,0,35328,35328,0,184646882.375,184647557.938,675.562
4,115,3,0,35616,35616,0,186146778.062,186147434.250,656.188
4,116,4,0,35712,35712,0,186646754.562,186647539.312,784.750
4,117,9,0,36192,36192,0,189146591.875,189147379.000,787.125
4,118,15,0,36768,36768,0,192146401.062,192147235.875,834.812
4,119,0,0,36864,36864,0,192646367.062,192647094.312,727.250
4,120,3,0,37152,37152,0,194146268.000,194147007.000,739.000
4,121,4,0,37248,37248,0,194646242.125,194646949.500,707.375
4,122,9,0,37728,37728,0,197146080.062,197146788.875,708.812
4,123,15,0,38304,38304,0,200145882.125,200146635.125,753.000
4,124,0,0,38400,38400,0,200645852.688,200646657.750,805.062
4,125,3,0,38688,38688,0,202145758.938,202146439.000,680.062
4,126,4,0,38784,38784,0,202645730.812,202646430.500,699.688
4,127,9,0,39264,39264,0,205145566.750,205146371.188,804.438
4,128,15,0,39840,39840,0,208145370.062,208146104.562,734.500
4,129,0,0,39936,39936,0,208645343.875,208646078.188,734.312
4,130,3,0,40224,40224,0,210145245.562,210145932.938,687.375
4,131,4,0,40320,40320,0,210645214.375,210645973.125,758.750
4,132,9,0,40800,40800,0,213145055.875,213145834.812,778.938
4,133,15,0,41376,41376,0,216144859.938,216145617.188,757.250
4,134,0,0,41472,41472,0,216644829.938,216645569.625,739.688
4,135,3,0,41760,41760,0,218144734.938,218145525.688,790.750
4,136,4,0,41856,41856,0,218644701.375,218645458.938,757.562
4,137,9,0,42336,42336,0,221144544.312,221145356.562,812.250
4,138,15,0,42912,42912,0,224144349.812,224145139.938,790.125
4,139,0,0,43008,43008,0,224644317.938,224645057.625,739.688
4,140,3,0,43296,43296,0,226144218.062,226144998.125,780.062
4,141,4,0,43392,43392,0,226644188.562,226644999.250,810.688
4,142,9,0,43872,43872,0,229144031.562,229144790.750,759.188
4,143,15,0,44448,44448,0,232143834.125,232144588.000,753.875
4,144,0,0,44544,44544,0,232643807.000,232644586.125,779.125
4,145,3,0,44832,44832,0,234143709.500,234144474.312,764.812
4,146,4,0,44928,44928,0,234643682.562,234644441.312,758.750
4,147,9,0,45408,45408,0,237143524.188,237144200.875,676.688
4,148,15,0,45984,45984,0,240143325.875,240144141.812,815.938
4,149,0,0,46080,46080,0,240643295.188,240644126.062,830.875
4,150,3,0,46368,46368,0,242143197.438,242143884.812,687.375
4,151,4,0,46464,46464,0,242643167.625,242643900.500,732.875
4,152,9,0,46944,46944,0,245143006.938,245143682.375,675.438
4,153,15,0,47520,47520,0,248142810.062,248143589.875,779.812
4,154,0,0,47616,47616,0,248642780.625,248643585.688,805.062
4,155,3,0,47904,47904,0,250142692.438,250143351.375,658.938
4,156,4,0,48000,48000,0,250642655.438,250643355.125,699.688
4,157,9,0,48480,48480,0,253142496.375,253143231.250,734.875
4,158,15,0,49056,49056,0,256142301.688,256143007.312,705.625
4,159,0,0,49152,49152,0,256642271.125,256643005.438,734.312
4,160,3,0,49440,49440,0,258142174.062,258142958.188,784.125
4,161,4,0,49536,49536,0,258642145.875,258642898.062,752.188
4,162,9,0,50016,50016,0,261141983.000,261142658.438,675.438
4,163,15,0,50592,50592,0,264141786.062,264142597.062,811.000
4,164,0,0,50688,50688,0,264641762.688,264642593.562,830.875
4,165,3,0,50976,50976,0,266141660.812,266142392.375,731.562
4,166,4,0,51072,51072,0,266641631.688,266642383.875,752.188
4,167,9,0,51552,51552,0,269141471.688,269142174.250,702.562
4,168,15,0,52128,52128,0,272141278.438,272142016.000,737.562
4,169,0,0,52224,52224,0,272641247.250,272642026.375,779.125
4,170,3,0,52512,52512,0,274141149.312,274141933.438,784.125
4,171,4,0,52608,52608,0,274641118.625,274641799.812,681.188
4,172,9,0,53088,53088,0,277140959.750,277141719.000,759.250
4,173,15,0,53664,53664,0,280140767.188,280141602.000,834.812
4,174,0,0,53760,53760,0,280640733.375,280641537.250,803.875
4,175,3,0,54048,54048,0,282140636.125,282141400.938,764.812
4,176,4,0,54144,54144,0,282640607.688,282641392.438,784.750
4,177,9,0,54624,54624,0,285140451.562,285141231.812,780.250
4,178,15,0,55200,55200,0,288140250.188,288140984.500,734.312
4,179,0,0,55296,55296,0,288640223.500,288640958.125,734.625
4,180,3,0,55584,55584,0,290140122.062,290140849.625,727.562
4,181,4,0,55680,55680,0,290640094.312,290640853.062,758.750
4,182,9,0,56160,56160,0,293139935.625,293140720.562,784.938
4,183,15,0,56736,56736,0,296139742.938,296140551.938,809.000
4,184,0,0,56832,56832,0,296639710.375,296640489.500,779.125
4,185,3,0,57120,57120,0,298139610.125,298140396.562,786.438
4,186,4,0,57216,57216,0,298639582.688,298640393.375,810.688
4,187,9,0,57696,57696,0,301139423.812,301140202.625,778.812
4,188,15,0,58272,58272,0,304139226.062,304140032.125,806.062
4,189,0,0,58368,58368,0,304639198.500,304639880.312,681.812
4,190,3,0,58656,58656,0,306139102.062,306139892.812,790.750
4,191,4,0,58752,58752,0,306639071.375,306639889.312,817.938
4,192,9,0,59232,59232,0,309138911.938,309139588.625,676.688
4,193,15,0,59808,59808,0,312138714.125,312139422.625,708.500
4,194,0,0,59904,59904,0,312638685.188,312639359.500,674.312
4,195,3,0,60192,60192,0,314138586.125,314139321.562,735.438
4,196,4,0,60288,60288,0,314638562.438,314639288.562,726.125
4,197,9,0,60768,60768,0,317138399.688,317139100.125,700.438
4,198,15,0,61344,61344,0,320138206.625,320138944.188,737.562
4,199,0,0,61440,61440,0,320638175.125,320638954.250,779.125
4,200,3,0,61728,61728,0,322138074.062,322138776.688,702.625
4,201,4,0,61824,61824,0,322638049.938,322638731.125,681.188
4,202,9,0,62304,62304,0,325137888.312,325138641.375,753.062
4,203,15,0,62880,62880,0,328137695.188,328138504.188,809.000
4,204,0,0,62976,62976,0,328637662.625,328638441.750,779.125
4,205,3,0,63264,63264,0,330137562.062,330138296.500,734.438
4,206,4,0,63360,63360,0,330637535.812,330638288.000,752.188
4,207,9,0,63840,63840,0,333137375.125,333138050.562,675.438
4,208,15,0,64416,64416,0,336137187.812,336138001.750,813.938
4,209,0,0,64512,64512,0,336637149.938,336637915.500,765.562
4,210,3,0,64800,64800,0,338137050.125,338137811.438,761.312
4,211,4,0,64896,64896,0,338637025.938,338637778.125,752.188
4,212,9,0,65376,65376,0,341136864.125,341137651.250,787.125
4,213,15,0,65952,65952,0,344136666.188,344137348.875,682.688
4,214,0,0,66048,66048,0,344636638.750,344637347.000,708.250
4,215,3,0,66336,66336,0,346136538.125,346137299.750,761.625
4,216,4,0,66432,66432,0,346636511.875,346637315.750,803.875
4,217,9,0,66912,66912,0,349136351.812,349137130.625,778.812
4,218,15,0,67488,67488,0,352136154.125,352136914.625,760.500
4,219,0,0,67584,67584,0,352636126.625,352636802.188,675.562
4,220,3,0,67872,67872,0,354136029.188,354136813.312,784.125
4,221,4,0,67968,67968,0,354635998.312,354636802.188,803.875
4,222,9,0,68448,68448,0,357135839.875,357136650.812,810.938
4,223,15,0,69024,69024,0,360135645.500,360136428.562,783.062
4,224,0,0,69120,69120,0,360635613.875,360636399.875,786.000
4,225,3,0,69408,69408,0,362135514.062,362136275.812,761.750
4,226,4,0,69504,69504,0,362635487.938,362636291.812,803.875
4,227,9,0,69984,69984,0,365135327.875,365136106.688,778.812
4,228,15,0,70560,70560,0,368135130.188,368135890.688,760.500
4,229,0,0,70656,70656,0,368635104.000,368635916.312,812.312
4,230,3,0,70944,70944,0,370135002.188,370135781.312,779.125
4,231,4,0,71040,71040,0,370634975.438,370635656.625,681.188
4,232,9,0,71520,71520,0,373134815.938,373135490.062,674.125
4,233,15,0,72096,72096,0,376134618.125,376135397.562,779.438
4,234,0,0,72192,72192,0,376634589.500,376635393.375,803.875
4,235,3,0,72480,72480,0,378134490.188,378135269.312,779.125
4,236,4,0,72576,72576,0,378634463.750,378635144.938,681.188
4,237,9,0,73056,73056,0,381134303.375,381135088.312,784.938
4,238,15,0,73632,73632,0,384134106.188,384134866.688,760.500
4,239,0,0,73728,73728,0,384634080.000,384634892.312,812.312
4,240,3,0,74016,74016,0,386133978.062,386134757.000,778.938
4,241,4,0,74112,74112,0,386633954.562,386634791.062,836.500
4,242,9,0,74592,74592,0,389133792.062,389134493.375,701.312
4,243,15,0,75168,75168,0,392133597.938,392134355.188,757.250
4,244,0,0,75264,75264,0,392633570.625,392634356.625,786.000
4,245,3,0,75552,75552,0,394133468.312,394134284.875,816.562
4,246,4,0,75648,75648,0,394633439.188,394634197.938,758.750
4,247,9,0,76128,76128,0,397133279.938,397134110.812,830.875
4,248,15,0,76704,76704,0,400133087.500,400133922.312,834.812
4,249,0,0,76800,76800,0,400633053.375,400633857.250,803.875
4,250,3,0,77088,77088,0,402132954.062,402133733.188,779.125
4,251,4,0,77184,77184,0,402632926.625,402633730.500,803.875
4,252,9,0,77664,77664,0,405132768.312,405133554.625,786.312
4,253,15,0,78240,78240,0,408132573.875,408133338.000,764.125
4,254,0,0,78336,78336,0,408632543.312,408633348.375,805.062
4,255,3,0,78624,78624,0,410132447.812,410133264.375,816.562
4,256,4,0,78720,78720,0,410632419.062,410633229.750,810.688
4,257,9,0,79200,79200,0,413132255.375,413132932.062,676.688
4,258,15,0,79776,79776,0,416132058.188,416132818.688,760.500
4,259,0,0,79872,79872,0,416632032.000,416632844.312,812.312
4,260,3,0,80160,80160,0,418131930.062,418132709.000,778.938
4,261,4,0,80256,80256,0,418631906.562,418632743.062,836.500
4,262,9,0,80736,80736,0,421131743.625,421132469.875,726.250
4,263,15,0,81312,81312,0,424131549.938,424132307.188,757.250
4,264,0,0,81408,81408,0,424631522.625,424632308.625,786.000
4,265,3,0,81696,81696,0,426131420.312,426132236.875,816.562
4,266,4,0,81792,81792,0,426631391.188,426632149.938,758.750
4,267,9,0,82272,82272,0,429131232.062,429132017.125,785.062
4,268,15,0,82848,82848,0,432131039.250,432131725.312,686.062
4,269,0,0,82944,82944,0,432631006.750,432631759.875,753.125
4,270,3,0,83232,83232,0,434130906.125,434131562.312,656.188
4,271,4,0,83328,83328,0,434630877.562,434631687.062,809.500
4,272,9,0,83808,83808,0,437130720.000,437131498.938,778.938
4,273,15,0,84384,84384,0,440130524.062,440131281.312,757.250
4,274,0,0,84480,84480,0,440630494.938,440631307.250,812.312
4,275,3,0,84768,84768,0,442130401.062,442131217.625,816.562
4,276,4,0,84864,84864,0,442630364.812,442631149.562,784.750
4,277,9,0,85344,85344,0,445130208.250,445130994.562,786.312
4,278,15,0,85920,85920,0,448130010.188,448130744.812,734.625
4,279,0,0,86016,86016,0,448629982.438,448630742.625,760.188
4,280,3,0,86304,86304,0,450129882.062,450130695.375,813.312
4,281,4,0,86400,86400,0,450629853.000,450630611.750,758.750
4,282,9,0,86880,86880,0,453129695.562,453130454.750,759.188
4,283,15,0,87456,87456,0,456129498.125,456130252.000,753.875
4,284,0,0,87552,87552,0,456629471.000,456630250.125,779.125
4,285,3,0,87840,87840,0,458129374.125,458130061.500,687.375
4,286,4,0,87936,87936,0,458629343.250,458630102.000,758.750
4,287,9,0,88416,88416,0,461129183.625,461129916.875,733.250
4,288,15,0,88992,88992,0,464128986.062,464129668.750,682.688
4,289,0,0,89088,89088,0,464628962.812,464629767.875,805.062
4,290,3,0,89376,89376,0,466128861.688,466129671.625,809.938
4,291,4,0,89472,89472,0,466628828.625,466629639.312,810.688
4,292,9,0,89952,89952,0,469128671.812,469129374.375,702.562
4,293,15,0,90528,90528,0,472128476.188,472129285.188,809.000
4,294,0,0,90624,90624,0,472628445.125,472629198.250,753.125
4,295,3,0,90912,90912,0,474128350.000,474129159.938,809.938
4,296,4,0,91008,91008,0,474628316.938,474629127.625,810.688
4,297,9,0,91488,91488,0,477128159.812,477128862.375,702.562
4,298,15,0,92064,92064,0,480127972.312,480128675.188,702.875
4,299,0,0,92160,92160,0,480627935.625,480628766.500,830.875
4,300,3,0,92448,92448,0,482127834.125,482128614.312,780.188
4,301,4,0,92544,92544,0,482627806.500,482628591.250,784.750
4,302,9,0,93024,93024,0,485127649.250,485128455.438,806.188
4,303,15,0,93600,93600,0,488127454.750,488128140.812,686.062
4,304,0,0,93696,93696,0,488627423.938,488628151.188,727.250
4,305,3,0,93984,93984,0,490127322.125,490128128.438,806.312
4,306,4,0,94080,94080,0,490627299.125,490628083.875,784.750
4,307,9,0,94560,94560,0,493127136.375,493127870.938,734.562
4,308,15,0,95136,95136,0,496126938.062,496127671.500,733.438
4,309,0,0,95232,95232,0,496626914.375,496627615.812,701.438
4,310,3,0,95520,95520,0,498126810.125,498127571.562,761.438
4,311,4,0,95616,95616,0,498626781.375,498627590.875,809.500
4,312,9,0,96096,96096,0,501126622.812,501127427.250,804.438
4,313,15,0,96672,96672,0,504126426.062,504127160.625,734.562
4,314,0,0,96768,96768,0,504626399.938,504627134.250,734.312
4,315,3,0,97056,97056,0,506126301.625,506126989.000,687.375
4,316,4,0,97152,97152,0,506626270.750,506627029.500,758.750
4,317,9,0,97632,97632,0,509126111.812,509126942.375,830.562
4,318,15,0,98208,98208,0,512125914.125,512126667.812,753.688
4,319,0,0,98304,98304,0,512625886.875,512626614.125,727.250
4,320,3,0,98592,98592,0,514125786.062,514126514.562,728.500
4,321,4,0,98688,98688,0,514625762.250,514626469.312,707.062
4,322,9,0,99168,99168,0,517125599.812,517126302.375,702.562
4,323,15,0,99744,99744,0,520125404.188,520126213.188,809.000
4,324,0,0,99840,99840,0,520625373.125,520626126.250,753.125
4,325,3,0,100128,100128,0,522125278.000,522126087.938,809.938
4,326,4,0,100224,100224,0,522625244.938,522626055.625,810.688
4,327,9,0,100704,100704,0,525125087.812,525125790.375,702.562
4,328,15,0,101280,101280,0,528124900.312,528125603.188,702.875
4,329,0,0,101376,101376,0,528624863.625,528625694.500,830.875
4,330,3,0,101664,101664,0,530124762.125,530125542.312,780.188
4,331,4,0,101760,101760,0,530624738.688,530625445.750,707.062
4,332,9,0,102240,102240,0,533124577.250,533125383.438,806.188
4,333,15,0,102816,102816,0,536124382.750,536125068.812,686.062
4,334,0,0,102912,102912,0,536624351.938,536625079.188,727.250
4,335,3,0,103200,103200,0,538124250.125,538125056.438,806.312
4,336,4,0,103296,103296,0,538624226.812,538625011.875,785.062
4,337,9,0,103776,103776,0,541124064.375,541124798.938,734.562
4,338,15,0,104352,104352,0,544123866.062,544124599.500,733.438
4,339,0,0,104448,104448,0,544623838.812,544624573.125,734.312
4,340,3,0,104736,104736,0,546123738.062,546124516.938,778.875
4,341,4,0,104832,104832,0,546623709.125,546624493.875,784.750
4,342,9,0,105312,105312,0,549123552.625,549124235.562,682.938
4,343,15,0,105888,105888,0,552123354.062,552124134.125,780.062
4,344,0,0,105984,105984,0,552623324.875,552624129.938,805.062
4,345,3,0,106272,106272,0,554123226.062,554124012.500,786.438
4,346,4,0,106368,106368,0,554623198.312,554624009.000,810.688
4,347,9,0,106848,106848,0,557123040.375,557123749.188,708.812
4,348,15,0,107424,107424,0,560122844.375,560123653.375,809.000
4,349,0,0,107520,107520,0,560622815.375,560623627.688,812.312
4,350,3,0,107808,107808,0,562122714.188,562123415.562,701.375
4,351,4,0,107904,107904,0,562622690.438,562623508.375,817.938
4,352,9,0,108384,108384,0,565122527.312,565123229.875,702.562
4,353,15,0,108960,108960,0,568122330.062,568123082.750,752.688
4,354,0,0,109056,109056,0,568622303.250,568623056.375,753.125
4,355,3,0,109344,109344,0,570122202.188,570122981.312,779.125
4,356,4,0,109440,109440,0,570622175.438,570622856.625,681.188
4,357,9,0,109920,109920,0,573122015.812,573122829.250,813.438
4,358,15,0,110496,110496,0,576121821.938,576122579.188,757.250
4,359,0,0,110592,110592,0,576621794.625,576622580.625,786.000
4,360,3,0,110880,110880,0,578121690.188,578122444.312,754.125
4,361,4,0,110976,110976,0,578621666.188,578622399.062,732.875
4,362,9,0,111456,111456,0,581121503.125,581122333.438,830.312
4,363,15,0,112032,112032,0,584121309.812,584122125.750,815.938
4,364,0,0,112128,112128,0,584621279.125,584622110.000,830.875
4,365,3,0,112416,112416,0,586121181.375,586121868.750,687.375
4,366,4,0,112512,112512,0,586621151.562,586621884.438,732.875
4,367,9,0,112992,112992,0,589120991.625,589121776.562,784.938
4,368,15,0,113568,113568,0,592120798.938,592121607.938,809.000
4,369,0,0,113664,113664,0,592620766.375,592621545.500,779.125
4,370,3,0,113952,113952,0,594120666.125,594121452.562,786.438
4,371,4,0,114048,114048,0,594620638.688,594621449.375,810.688
4,372,9,0,114528,114528,0,597120479.812,597121258.938,779.125
4,373,15,0,115104,115104,0,600120284.062,600121041.312,757.250
4,374,0,0,115200,115200,0,600620258.875,600621063.938,805.062
4,375,3,0,115488,115488,0,602120158.500,602120838.562,680.062
4,376,4,0,115584,115584,0,602620129.875,602620882.062,752.188
4,377,9,0,116064,116064,0,605119967.000,605120642.438,675.438
4,378,15,0,116640,116640,0,608119770.062,608120581.062,811.000
4,379,0,0,116736,116736,0,608619746.688,608620577.562,830.875
4,380,3,0,117024,117024,0,610119644.812,610120376.375,731.562
4,381,4,0,117120,117120,0,610619615.688,610620367.875,752.188
4,382,9,0,117600,117600,0,613119455.688,613120158.250,702.562
4,383,15,0,118176,118176,0,616119262.438,616120000.000,737.562
4,384,0,0,118272,118272,0,616619230.938,616620010.375,779.438
4,385,3,0,118560,118560,0,618119133.312,618119917.438,784.125
4,386,4,0,118656,118656,0,618619102.625,618619783.812,681.188
4,387,9,0,119136,119136,0,621118943.750,621119703.000,759.250
4,388,15,0,119712,119712,0,624118751.188,624119586.000,834.812
4,389,0,0,119808,119808,0,624618717.375,624619521.250,803.875
4,390,3,0,120096,120096,0,626118620.125,626119384.938,764.812
4,391,4,0,120192,120192,0,626618591.688,626619376.438,784.750
4,392,9,0,120672,120672,0,629118435.562,629119215.812,780.250
4,393,15,0,121248,121248,0,632118234.188,632118968.500,734.312
4,394,0,0,121344,121344,0,632618207.500,632618941.812,734.312
4,395,3,0,121632,121632,0,634118106.250,634118807.938,701.688
4,396,4,0,121728,121728,0,634618078.500,634618811.375,732.875
4,397,9,0,122208,122208,0,637117919.562,637118724.562,805.000
4,398,15,0,122784,122784,0,640117725.500,640118431.125,705.625
4,399,0,0,122880,122880,0,640617698.438,640618380.250,681.812
4,400,3,0,123168,123168,0,642117599.250,642118415.812,816.562
4,401,4,0,123264,123264,0,642617567.938,642618267.625,699.688
4,402,9,0,123744,123744,0,645117408.062,645118082.188,674.125
4,403,15,0,124320,124320,0,648117217.000,648118000.062,783.062
4,404,0,0,124416,124416,0,648617180.688,648617959.812,779.125
4,405,3,0,124704,124704,0,650117082.062,650117843.500,761.438
4,406,4,0,124800,124800,0,650617055.500,650617736.688,681.188
4,407,9,0,125280,125280,0,653116896.000,653117570.125,674.125
4,408,15,0,125856,125856,0,656116698.188,656117431.938,733.750
4,409,0,0,125952,125952,0,656616674.750,656617356.562,681.812
4,410,3,0,126240,126240,0,658116575.562,658117392.125,816.562
4,411,4,0,126336,126336,0,658616542.312,658617268.438,726.125
4,412,9,0,126816,126816,0,661116383.875,661117214.750,830.875
4,413,15,0,127392,127392,0,664116186.125,664116946.250,760.125
4,414,0,0,127488,127488,0,664616159.375,664616919.562,760.188
4,415,3,0,127776,127776,0,666116063.500,666116880.062,816.562
4,416,4,0,127872,127872,0,666616029.938,666616756.062,726.125
4,417,9,0,128352,128352,0,669115875.312,669116681.500,806.188
4,418,15,0,128928,128928,0,672115674.062,672116382.438,708.375
4,419,0,0,129024,129024,0,672615651.000,672616481.875,830.875
4,420,3,0,129312,129312,0,674115548.688,674116261.812,713.125
4,421,4,0,129408,129408,0,674615519.062,674616277.812,758.750
4,422,9,0,129888,129888,0,677115359.625,677116113.875,754.250
4,423,15,0,130464,130464,0,680115165.500,680115896.875,731.375
4,424,0,0,130560,130560,0,680615133.812,680615873.500,739.688
4,425,3,0,130848,130848,0,682115034.125,682115788.625,754.500
4,426,4,0,130944,130944,0,682615010.188,682615743.062,732.875
4,427,9,0,131424,131424,0,685114848.000,685115607.250,759.250
4,428,15,0,132000,132000,0,688114651.938,688115383.312,731.375
4,429,0,0,132096,132096,0,688614626.812,688615405.938,779.125
4,430,3,0,132384,132384,0,690114522.062,690115257.375,735.312
4,431,4,0,132480,132480,0,690614498.250,690615224.375,726.125
4,432,9,0,132960,132960,0,693114335.562,693115140.562,805.000
4,433,15,0,133536,133536,0,696114138.125,696114969.938,831.812
4,434,0,0,133632,133632,0,696614110.750,696614941.625,830.875
4,435,3,0,133920,133920,0,698114010.062,698114712.938,702.875
4,436,4,0,134016,134016,0,698613983.500,698614716.375,732.875
4,437,9,0,134496,134496,0,701113823.438,701114608.375,784.938
4,438,15,0,135072,135072,0,704113629.750,704114438.750,809.000
4,439,0,0,135168,135168,0,704613602.562,704614388.562,786.000
4,440,3,0,135456,135456,0,706113500.250,706114316.812,816.562
4,441,4,0,135552,135552,0,706613471.125,706614229.875,758.750
4,442,9,0,136032,136032,0,709113315.750,709113992.438,676.688
4,443,15,0,136608,136608,0,712113114.125,712113919.125,805.000
4,444,0,0,136704,136704,0,712613086.750,712613917.625,830.875
4,445,3,0,136992,136992,0,714112986.062,714113688.938,702.875
4,446,4,0,137088,137088,0,714612959.500,714613692.375,732.875
4,447,9,0,137568,137568,0,717112799.438,717113584.375,784.938
4,448,15,0,138144,138144,0,720112605.750,720113414.750,809.000
4,449,0,0,138240,138240,0,720612578.562,720613364.562,786.000
4,450,3,0,138528,138528,0,722112476.250,722113292.812,816.562
4,451,4,0,138624,138624,0,722612447.125,722613205.875,758.750
4,452,9,0,139104,139104,0,725112291.750,725112968.438,676.688
4,453,15,0,139680,139680,0,728112090.125,728112895.125,805.000
4,454,0,0,139776,139776,0,728612062.750,728612893.625,830.875
4,455,3,0,140064,140064,0,730111962.125,730112664.625,702.500
4,456,4,0,140160,140160,0,730611933.812,730612691.375,757.562
4,457,9,0,140640,140640,0,733111780.125,733112534.375,754.250
4,458,15,0,141216,141216,0,736111578.062,736112383.938,805.875
4,459,0,0,141312,141312,0,736611551.875,736612382.750,830.875
4,460,3,0,141600,141600,0,738111450.062,738112178.250,728.188
4,461,4,0,141696,141696,0,738611423.250,738612182.000,758.750
4,462,9,0,142176,142176,0,741111267.875,741111944.562,676.688
4,463,15,0,142752,142752,0,744111066.062,744111871.250,805.188
4,464,0,0,142848,142848,0,744611038.875,744611869.750,830.875
4,465,3,0,143136,143136,0,746110938.125,746111640.750,702.625
4,466,4,0,143232,143232,0,746610912.000,746611664.188,752.188
4,467,9,0,143712,143712,0,749110751.688,749111565.125,813.438
4,468,15,0,144288,144288,0,752110554.062,752111385.250,831.188
4,469,0,0,144384,144384,0,752610530.625,752611283.750,753.125
4,470,3,0,144672,144672,0,754110430.188,754111220.938,790.750
4,471,4,0,144768,144768,0,754610399.812,754611217.750,817.938
4,472,9,0,145248,145248,0,757110239.812,757111070.375,830.562
4,473,15,0,145824,145824,0,760110042.062,760110801.750,759.688
4,474,0,0,145920,145920,0,760610015.062,760610827.375,812.312
4,475,3,0,146208,146208,0,762109916.875,762110701.000,784.125
4,476,4,0,146304,146304,0,762609890.562,762610649.312,758.750
4,477,9,0,146784,146784,0,765109727.688,765110489.000,761.312
4,478,15,0,147360,147360,0,768109530.062,768110361.750,831.688
4,479,0,0,147456,147456,0,768609502.875,768610333.750,830.875
4,480,3,0,147744,147744,0,770109402.125,770110104.750,702.625
4,481,4,0,147840,147840,0,770609378.312,770610059.500,681.188
4,482,9,0,148320,148320,0,773109215.938,773109892.625,676.688
4,483,15,0,148896,148896,0,776109018.062,776109726.938,708.875
4,484,0,0,148992,148992,0,776608990.438,776609724.750,734.312
4,485,3,0,149280,149280,0,778108890.062,778109677.500,787.438
4,486,4,0,149376,149376,0,778608862.812,778609699.312,836.500
4,487,9,0,149856,149856,0,781108703.812,781109438.375,734.562
4,488,15,0,150432,150432,0,784108512.812,784109198.875,686.062
4,489,0,0,150528,150528,0,784608479.688,784609310.562,830.875
4,490,3,0,150816,150816,0,786108378.188,786109158.375,780.188
4,491,4,0,150912,150912,0,786608350.562,786609135.312,784.750
4,492,9,0,151392,151392,0,789108195.938,789108950.188,754.250
4,493,15,0,151968,151968,0,792107997.812,792108781.188,783.375
4,494,0,0,152064,152064,0,792607970.312,792608801.188,830.875
4,495,3,0,152352,152352,0,794107870.938,794108551.000,680.062
4,496,4,0,152448,152448,0,794607842.812,794608542.500,699.688
4,497,9,0,152928,152928,0,797107679.875,797108458.688,778.812
4,498,15,0,153504,153504,0,800107485.688,800108275.812,790.125
4,499,0,0,153600,153600,0,800607453.812,800608193.500,739.688
4,500,3,0,153888,153888,0,802107354.188,802108134.000,779.812
4,501,4,0,153984,153984,0,802607324.750,802608135.438,810.688
4,502,9,0,154464,154464,0,805107167.062,805107971.500,804.438
4,503,15,0,155040,155040,0,808106970.062,808107723.750,753.688
4,504,0,0,155136,155136,0,808606942.812,808607670.062,727.250
4,505,3,0,155424,155424,0,810106842.062,810107577.125,735.062
4,506,4,0,155520,155520,0,810606813.188,810607571.938,758.750
4,507,9,0,156000,156000,0,813106655.875,813107436.125,780.250
4,508,15,0,156576,156576,0,816106463.812,816107298.625,834.812
4,509,0,0,156672,156672,0,816606428.812,816607233.875,805.062
4,510,3,0,156960,156960,0,818106330.125,818107091.938,761.812
4,511,4,0,157056,157056,0,818606305.375,818607083.438,778.062
4,512,9,0,157536,157536,0,821106143.875,821106922.812,778.938
4,513,15,0,158112,158112,0,824105947.938,824106705.188,757.250
4,514,0,0,158208,158208,0,824605919.625,824606750.500,830.875
4,515,3,0,158496,158496,0,826105818.125,826106598.312,780.188
4,516,4,0,158592,158592,0,826605790.500,826606575.250,784.750
4,517,9,0,159072,159072,0,829105633.250,829106439.438,806.188
4,518,15,0,159648,159648,0,832105438.750,832106124.812,686.062
4,519,0,0,159744,159744,0,832605407.938,832606135.188,727.250
4,520,3,0,160032,160032,0,834105306.125,834106112.438,806.312
4,521,4,0,160128,160128,0,834605283.125,834606067.875,784.750
4,522,9,0,160608,160608,0,837105120.375,837105854.938,734.562
4,523,15,0,161184,161184,0,840104922.062,840105655.500,733.438
4,524,0,0,161280,161280,0,840604898.375,840605599.812,701.438
4,525,3,0,161568,161568,0,842104794.125,842105555.562,761.438
4,526,4,0,161664,161664,0,842604765.375,842605574.875,809.500
4,527,9,0,162144,162144,0,845104606.812,845105411.250,804.438
4,528,15,0,162720,162720,0,848104410.062,848105144.625,734.562
4,529,0,0,162816,162816,0,848604383.938,848605118.250,734.312
4,530,3,0,163104,163104,0,850104285.625,850104973.000,687.375
4,531,4,0,163200,163200,0,850604254.750,850605013.500,758.750
4,532,9,0,163680,163680,0,853104095.812,853104926.375,830.562
4,533,15,0,164256,164256,0,856103898.125,856104651.812,753.688
4,534,0,0,164352,164352,0,856603870.875,856604701.750,830.875
4,535,3,0,164640,164640,0,858103770.125,858104472.750,702.625
4,536,4,0,164736,164736,0,858603746.312,858604427.500,681.188
4,537,9,0,165216,165216,0,861103584.062,861104371.188,787.125
4,538,15,0,165792,165792,0,864103386.125,864104068.812,682.688
4,539,0,0,165888,165888,0,864603358.688,864604066.938,708.250
4,540,3,0,166176,166176,0,866103258.062,866104019.688,761.625
4,541,4,0,166272,166272,0,866603234.812,866604039.000,804.188
4,542,9,0,166752,166752,0,869103070.875,869103902.875,832.000
4,543,15,0,167328,167328,0,872102878.562,872103557.125,678.562
4,544,0,0,167424,167424,0,872602847.000,872603555.250,708.250
4,545,3,0,167712,167712,0,874102749.875,874103508.000,758.125
4,546,4,0,167808,167808,0,874602717.438,874603475.000,757.562
4,547,9,0,168288,168288,0,877102559.812,877103262.375,702.562
4,548,15,0,168864,168864,0,880102364.188,880103173.188,809.000
4,549,0,0,168960,168960,0,880602333.125,880603086.250,753.125
4,550,3,0,169248,169248,0,882102234.062,882103014.500,780.438
4,551,4,0,169344,169344,0,882602206.375,882602991.125,784.750
4,552,9,0,169824,169824,0,885102051.938,885102780.312,728.375
4,553,15,0,170400,170400,0,888101850.062,888102629.875,779.812
4,554,0,0,170496,170496,0,888601820.625,888602625.688,805.062
4,555,3,0,170784,170784,0,890101732.438,890102391.375,658.938
4,556,4,0,170880,170880,0,890601695.438,890602395.125,699.688
4,557,9,0,171360,171360,0,893101535.812,893102271.250,735.438
4,558,15,0,171936,171936,0,896101341.688,896102047.312,705.625
4,559,0,0,172032,172032,0,896601311.125,896602045.438,734.312
4,560,3,0,172320,172320,0,898101214.062,898101998.188,784.125
4,561,4,0,172416,172416,0,898601185.875,898601938.062,752.188
5,0,3,0,288,288,0,2158554.062,2159314.688,760.625
5,1,4,0,384,384,0,2658524.875,2659231.938,707.062
5,2,9,0,864,864,0,5158367.625,5159105.438,737.812
5,3,15,0,1440,1440,0,8158170.188,8158952.000,781.812
5,4,0,0,1536,1536,0,8658143.438,8658925.312,781.875
5,5,3,0,1824,1824,0,10158047.562,10158885.812,838.250
5,6,4,0,1920,1920,0,10658014.000,10658749.562,735.562
5,7,9,0,2400,2400,0,13157856.000,13158662.750,806.750
5,8,15,0,2976,2976,0,16157658.125,16158447.438,789.312
5,9,0,0,3072,3072,0,16657628.750,16658443.250,814.500
5,10,3,0,3360,3360,0,18157530.062,18158313.562,783.500
5,11,4,0,3456,3456,0,18657504.000,18658317.312,813.312
5,12,9,0,3936,3936,0,21157347.875,21158156.688,808.812
5,13,15,0,4512,4512,0,24157146.125,24157927.125,781.000
5,14,0,0,4608,4608,0,24657118.562,24657900.438,781.875
5,15,3,0,4896,4896,0,26157018.062,26157703.188,685.125
5,16,4,0,4992,4992,0,26656991.500,26657694.375,702.875
5,17,9,0,5472,5472,0,29156832.000,29157515.562,683.562
5,18,15,0,6048,6048,0,32156637.750,32157475.375,837.625
5,19,0,0,6144,6144,0,32656610.375,32657450.688,840.312
5,20,3,0,6432,6432,0,34156506.062,34157289.562,783.500
5,21,4,0,6528,6528,0,34656480.000,34657293.312,813.312
5,22,9,0,7008,7008,0,37156324.062,37157010.188,686.125
5,23,15,0,7584,7584,0,40156132.500,40156890.188,757.688
5,24,0,0,7680,7680,0,40656098.750,40656802.250,703.500
5,25,3,0,7968,7968,0,42156000.875,42156813.625,812.750
5,26,4,0,8064,8064,0,42655965.938,42656771.062,805.125
5,27,9,0,8544,8544,0,45155807.750,45156493.875,686.125
5,28,15,0,9120,9120,0,48155610.062,48156340.125,730.062
5,29,0,0,9216,9216,0,48655583.812,48656313.750,729.938
5,30,3,0,9504,9504,0,50155485.188,50156291.000,805.812
5,31,4,0,9600,9600,0,50655453.875,50656259.000,805.125
5,32,9,0,10080,10080,0,53155299.750,53156089.438,789.688
5,33,15,0,10656,10656,0,56155103.000,56155803.250,700.250
5,34,0,0,10752,10752,0,56655074.312,56655914.625,840.312
5,35,3,0,11040,11040,0,58154974.938,58155676.688,701.750
5,36,4,0,11136,11136,0,58654942.688,58655749.125,806.438
5,37,9,0,11616,11616,0,61154784.250,61155515.312,731.062
5,38,15,0,12192,12192,0,64154586.062,64155349.312,763.250
5,39,0,0,12288,12288,0,64654558.875,64655347.438,788.562
5,40,3,0,12576,12576,0,66154458.062,66155247.875,789.812
5,41,4,0,12672,12672,0,66654430.625,66655237.062,806.438
5,42,9,0,13152,13152,0,69154276.000,69155039.688,763.688
5,43,15,0,13728,13728,0,72154074.062,72154889.562,815.500
5,44,0,0,13824,13824,0,72654046.500,72654750.000,703.500
5,45,3,0,14112,14112,0,74153948.062,74154708.750,760.688
5,46,4,0,14208,14208,0,74653922.625,74654703.062,780.438
5,47,9,0,14688,14688,0,77153761.125,77154518.250,757.125
5,48,15,0,15264,15264,0,80153564.938,80154376.750,811.812
5,49,0,0,15360,15360,0,80653533.438,80654346.750,813.312
5,50,3,0,15648,15648,0,82153434.125,82154222.688,788.562
5,51,4,0,15744,15744,0,82653407.688,82654110.562,702.875
5,52,9,0,16224,16224,0,85153247.875,85153931.438,683.562
5,53,15,0,16800,16800,0,88153054.000,88153781.312,727.312
5,54,0,0,16896,16896,0,88653026.625,88653730.125,703.500
5,55,3,0,17184,17184,0,90152922.062,90153704.438,782.375
5,56,4,0,17280,17280,0,90652898.500,90653730.875,832.375
5,57,9,0,17760,17760,0,93152735.000,93153445.750,710.750
5,58,15,0,18336,18336,0,96152538.062,96153319.812,781.750
5,59,0,0,18432,18432,0,96652514.500,96653244.438,729.938
5,60,3,0,18720,18720,0,98152410.125,98153095.875,685.750
5,61,4,0,18816,18816,0,98652380.812,98653213.188,832.375
5,62,9,0,19296,19296,0,101152223.688,101152935.688,712.000
5,63,15,0,19872,19872,0,104152026.125,104152788.875,762.750
5,64,0,0,19968,19968,0,104651999.625,104652762.188,762.562
5,65,3,0,20256,20256,0,106151902.938,106152604.688,701.750
5,66,4,0,20352,20352,0,106651870.688,106652677.125,806.438
5,67,9,0,20832,20832,0,109151712.250,109152443.312,731.062
5,68,15,0,21408,21408,0,112151514.062,112152277.312,763.250
5,69,0,0,21504,21504,0,112651486.875,112652275.438,788.562
5,70,3,0,21792,21792,0,114151386.062,114152175.875,789.812
5,71,4,0,21888,21888,0,114651358.625,114652165.062,806.438
5,72,9,0,22368,22368,0,117151204.000,117151967.688,763.688
5,73,15,0,22944,22944,0,120151002.062,120151817.562,815.500
5,74,0,0,23040,23040,0,120650978.500,120651767.062,788.562
5,75,3,0,23328,23328,0,122150874.125,122151630.750,756.625
5,76,4,0,23424,23424,0,122650845.125,122651625.562,780.438
5,77,9,0,23904,23904,0,125150687.562,125151502.000,814.438
5,78,15,0,24480,24480,0,128150500.188,128151309.875,809.688
5,79,0,0,24576,24576,0,128650466.562,128651274.250,807.688
5,80,3,0,24864,24864,0,130150364.250,130151202.500,838.250
5,81,4,0,24960,24960,0,130650335.125,130651115.562,780.438
5,82,9,0,25440,25440,0,133150176.000,133150982.750,806.750
5,83,15,0,26016,26016,0,136149978.125,136150810.812,832.688
5,84,0,0,26112,26112,0,136649950.875,136650713.438,762.562
5,85,3,0,26400,26400,0,138149852.438,138150690.688,838.250
5,86,4,0,26496,26496,0,138649826.625,138650607.062,780.438
5,87,9,0,26976,26976,0,141149668.250,141150354.375,686.125
5,88,15,0,27552,27552,0,144149469.938,144150307.562,837.625
5,89,0,0,27648,27648,0,144649439.250,144650279.562,840.312
5,90,3,0,27936,27936,0,146149348.188,146150151.875,803.688
5,91,4,0,28032,28032,0,146649308.812,146650115.250,806.438
5,92,9,0,28512,28512,0,149149152.250,149149960.250,808.000
5,93,15,0,29088,29088,0,152148954.062,152149768.125,814.062
5,94,0,0,29184,29184,0,152648930.500,152649634.000,703.500
5,95,3,0,29472,29472,0,154148826.188,154149608.312,782.125
5,96,4,0,29568,29568,0,154648796.688,154649603.125,806.438
5,97,9,0,30048,30048,0,157148639.812,157149325.938,686.125
5,98,15,0,30624,30624,0,160148442.188,160149249.000,806.812
5,99,0,0,30720,30720,0,160648414.875,160649203.438,788.562
5,100,3,0,31008,31008,0,162148319.250,162149131.688,812.438
5,101,4,0,31104,31104,0,162648285.688,162649064.938,779.250
5,102,9,0,31584,31584,0,165148127.750,165148839.750,712.000
5,103,15,0,32160,32160,0,168147936.875,168148741.625,804.750
5,104,0,0,32256,32256,0,168647906.562,168648721.062,814.500
5,105,3,0,32544,32544,0,170147806.188,170148507.938,701.750
5,106,4,0,32640,32640,0,170647777.875,170648539.500,761.625
5,107,9,0,33120,33120,0,173147616.062,173148424.875,808.812
5,108,15,0,33696,33696,0,176147418.125,176148122.500,704.375
5,109,0,0,33792,33792,0,176647390.688,176648120.625,729.938
5,110,3,0,34080,34080,0,178147290.062,178148073.375,783.312
5,111,4,0,34176,34176,0,178647267.125,178648080.438,813.312
5,112,9,0,34656,34656,0,181147102.875,181147944.312,841.438
5,113,15,0,35232,35232,0,184146910.562,184147610.812,700.250
5,114,0,0,35328,35328,0,184646882.375,184647567.375,685.000
5,115,3,0,35616,35616,0,186146778.062,186147455.938,677.875
5,116,4,0,35712,35712,0,186646754.562,186647561.000,806.438
5,117,9,0,36192,36192,0,189146591.875,189147400.688,808.812
5,118,15,0,36768,36768,0,192146401.062,192147257.562,856.500
5,119,0,0,36864,36864,0,192646367.062,192647103.750,736.688
5,120,3,0,37152,37152,0,194146268.000,194147028.688,760.688
5,121,4,0,37248,37248,0,194646242.125,194646971.188,729.062
5,122,9,0,37728,37728,0,197146080.062,197146810.562,730.500
5,123,15,0,38304,38304,0,200145882.125,200146644.562,762.438
5,124,0,0,38400,38400,0,200645852.688,200646667.188,814.500
5,125,3,0,38688,38688,0,202145758.938,202146460.688,701.750
5,126,4,0,38784,38784,0,202645730.812,202646439.938,709.125
5,127,9,0,39264,39264,0,205145566.750,205146380.625,813.875
5,128,15,0,39840,39840,0,208145370.062,208146126.250,756.188
5,129,0,0,39936,39936,0,208645343.875,208646099.875,756.000
5,130,3,0,40224,40224,0,210145245.562,210145954.625,709.062
5,131,4,0,40320,40320,0,210645214.375,210645994.812,780.438
5,132,9,0,40800,40800,0,213145055.875,213145844.250,788.375
5,133,15,0,41376,41376,0,216144859.938,216145638.875,778.938
5,134,0,0,41472,41472,0,216644829.938,216645591.312,761.375
5,135,3,0,41760,41760,0,218144734.938,218145547.375,812.438
5,136,4,0,41856,41856,0,218644701.375,218645480.625,779.250
5,137,9,0,42336,42336,0,221144544.312,221145378.250,833.938
5,138,15,0,42912,42912,0,224144349.812,224145161.625,811.812
5,139,0,0,43008,43008,0,224644317.938,224645079.312,761.375
5,140,3,0,43296,43296,0,226144218.062,226145007.562,789.500
5,141,4,0,43392,43392,0,226644188.562,226645020.938,832.375
5,142,9,0,43872,43872,0,229144031.562,229144812.438,780.875
5,143,15,0,44448,44448,0,232143834.125,232144597.438,763.312
5,144,0,0,44544,44544,0,232643807.000,232644595.562,788.562
5,145,3,0,44832,44832,0,234143709.500,234144496.000,786.500
5,146,4,0,44928,44928,0,234643682.562,234644463.000,780.438
5,147,9,0,45408,45408,0,237143524.188,237144210.312,686.125
5,148,15,0,45984,45984,0,240143325.875,240144163.500,837.625
5,149,0,0,46080,46080,0,240643295.188,240644135.500,840.312
5,150,3,0,46368,46368,0,242143197.438,242143906.500,709.062
5,151,4,0,46464,46464,0,242643167.625,242643922.188,754.562
5,152,9,0,46944,46944,0,245143006.938,245143691.812,684.875
5,153,15,0,47520,47520,0,248142810.062,248143599.312,789.250
5,154,0,0,47616,47616,0,248642780.625,248643595.125,814.500
5,155,3,0,47904,47904,0,250142692.438,250143373.062,680.625
5,156,4,0,48000,48000,0,250642655.438,250643364.562,709.125
5,157,9,0,48480,48480,0,253142496.375,253143252.938,756.562
5,158,15,0,49056,49056,0,256142301.688,256143029.000,727.312
5,159,0,0,49152,49152,0,256642271.125,256643027.125,756.000
5,160,3,0,49440,49440,0,258142174.062,258142979.875,805.812
5,161,4,0,49536,49536,0,258642145.875,258642907.500,761.625
5,162,9,0,50016,50016,0,261141983.000,261142667.875,684.875
5,163,15,0,50592,50592,0,264141786.062,264142618.750,832.688
5,164,0,0,50688,50688,0,264641762.688,264642603.000,840.312
5,165,3,0,50976,50976,0,266141660.812,266142414.062,753.250
5,166,4,0,51072,51072,0,266641631.688,266642393.312,761.625
5,167,9,0,51552,51552,0,269141471.688,269142183.688,712.000
5,168,15,0,52128,52128,0,272141278.438,272142037.688,759.250
5,169,0,0,52224,52224,0,272641247.250,272642035.812,788.562
5,170,3,0,52512,52512,0,274141149.312,274141955.125,805.812
5,171,4,0,52608,52608,0,274641118.625,274641821.500,702.875
5,172,9,0,53088,53088,0,277140959.750,277141740.688,780.938
5,173,15,0,53664,53664,0,280140767.188,280141623.688,856.500
5,174,0,0,53760,53760,0,280640733.375,280641546.688,813.312
5,175,3,0,54048,54048,0,282140636.125,282141422.625,786.500
5,176,4,0,54144,54144,0,282640607.688,282641414.125,806.438
5,177,9,0,54624,54624,0,285140451.562,285141241.250,789.688
5,178,15,0,55200,55200,0,288140250.188,288141006.188,756.000
5,179,0,0,55296,55296,0,288640223.500,288640979.812,756.312
5,180,3,0,55584,55584,0,290140122.062,290140859.062,737.000
5,181,4,0,55680,55680,0,290640094.312,290640874.750,780.438
5,182,9,0,56160,56160,0,293139935.625,293140742.250,806.625
5,183,15,0,56736,56736,0,296139742.938,296140573.625,830.688
5,184,0,0,56832,56832,0,296639710.375,296640498.938,788.562
5,185,3,0,57120,57120,0,298139610.125,298140418.250,808.125
5,186,4,0,57216,57216,0,298639582.688,298640415.062,832.375
5,187,9,0,57696,57696,0,301139423.812,301140212.062,788.250
5,188,15,0,58272,58272,0,304139226.062,304140041.562,815.500
5,189,0,0,58368,58368,0,304639198.500,304639902.000,703.500
5,190,3,0,58656,58656,0,306139102.062,306139914.500,812.438
5,191,4,0,58752,58752,0,306639071.375,306639911.000,839.625
5,192,9,0,59232,59232,0,309138911.938,309139598.062,686.125
5,193,15,0,59808,59808,0,312138714.125,312139444.312,730.188
5,194,0,0,59904,59904,0,312638685.188,312639368.938,683.750
5,195,3,0,60192,60192,0,314138586.125,314139343.250,757.125
5,196,4,0,60288,60288,0,314638562.438,314639298.000,735.562
5,197,9,0,60768,60768,0,317138399.688,317139109.562,709.875
5,198,15,0,61344,61344,0,320138206.625,320138965.875,759.250
5,199,0,0,61440,61440,0,320638175.125,320638963.688,788.562
5,200,3,0,61728,61728,0,322138074.062,322138786.125,712.062
5,201,4,0,61824,61824,0,322638049.938,322638752.812,702.875
5,202,9,0,62304,62304,0,325137888.312,325138650.812,762.500
5,203,15,0,62880,62880,0,328137695.188,328138525.875,830.688
5,204,0,0,62976,62976,0,328637662.625,328638451.188,788.562
5,205,3,0,63264,63264,0,330137562.062,330138318.188,756.125
5,206,4,0,63360,63360,0,330637535.812,330638297.438,761.625
5,207,9,0,63840,63840,0,333137375.125,333138060.000,684.875
5,208,15,0,64416,64416,0,336137187.812,336138023.438,835.625
5,209,0,0,64512,64512,0,336637149.938,336637937.188,787.250
5,210,3,0,64800,64800,0,338137050.125,338137833.125,783.000
5,211,4,0,64896,64896,0,338637025.938,338637787.562,761.625
5,212,9,0,65376,65376,0,341136864.125,341137672.938,808.812
5,213,15,0,65952,65952,0,344136666.188,344137370.562,704.375
5,214,0,0,66048,66048,0,344636638.750,344637368.688,729.938
5,215,3,0,66336,66336,0,346136538.125,346137321.438,783.312
5,216,4,0,66432,66432,0,346636511.875,346637325.188,813.312
5,217,9,0,66912,66912,0,349136351.812,349137140.062,788.250
5,218,15,0,67488,67488,0,352136154.125,352136936.312,782.188
5,219,0,0,67584,67584,0,352636126.625,352636811.625,685.000
5,220,3,0,67872,67872,0,354136029.188,354136835.000,805.812
5,221,4,0,67968,67968,0,354635998.312,354636811.625,813.312
5,222,9,0,68448,68448,0,357135839.875,357136672.500,832.625
5,223,15,0,69024,69024,0,360135645.500,360136450.250,804.750
5,224,0,0,69120,69120,0,360635613.875,360636421.562,807.688
5,225,3,0,69408,69408,0,362135514.062,362136297.500,783.438
5,226,4,0,69504,69504,0,362635487.938,362636301.250,813.312
5,227,9,0,69984,69984,0,365135327.875,365136116.125,788.250
5,228,15,0,70560,70560,0,368135130.188,368135912.375,782.188
5,229,0,0,70656,70656,0,368635104.000,368635938.000,834.000
5,230,3,0,70944,70944,0,370135002.188,370135790.750,788.562
5,231,4,0,71040,71040,0,370634975.438,370635678.312,702.875
5,232,9,0,71520,71520,0,373134815.938,373135499.500,683.562
5,233,15,0,72096,72096,0,376134618.125,376135407.000,788.875
5,234,0,0,72192,72192,0,376634589.500,376635402.812,813.312
5,235,3,0,72480,72480,0,378134490.188,378135278.750,788.562
5,236,4,0,72576,72576,0,378634463.750,378635166.625,702.875
5,237,9,0,73056,73056,0,381134303.375,381135110.000,806.625
5,238,15,0,73632,73632,0,384134106.188,384134888.375,782.188
5,239,0,0,73728,73728,0,384634080.000,384634914.000,834.000
5,240,3,0,74016,74016,0,386133978.062,386134766.438,788.375
5,241,4,0,74112,74112,0,386633954.562,386634812.750,858.188
5,242,9,0,74592,74592,0,389133792.062,389134502.812,710.750
5,243,15,0,75168,75168,0,392133597.938,392134376.875,778.938
5,244,0,0,75264,75264,0,392633570.625,392634378.312,807.688
5,245,3,0,75552,75552,0,394133468.312,394134306.562,838.250
5,246,4,0,75648,75648,0,394633439.188,394634219.625,780.438
5,247,9,0,76128,76128,0,397133279.938,397134120.250,840.312
5,248,15,0,76704,76704,0,400133087.500,400133944.000,856.500
5,249,0,0,76800,76800,0,400633053.375,400633866.688,813.312
5,250,3,0,77088,77088,0,402132954.062,402133742.625,788.562
5,251,4,0,77184,77184,0,402632926.625,402633739.938,813.312
5,252,9,0,77664,77664,0,405132768.312,405133576.312,808.000
5,253,15,0,78240,78240,0,408132573.875,408133359.688,785.812
5,254,0,0,78336,78336,0,408632543.312,408633357.812,814.500
5,255,3,0,78624,78624,0,410132447.812,410133286.062,838.250
5,256,4,0,78720,78720,0,410632419.062,410633251.438,832.375
5,257,9,0,79200,79200,0,413132255.375,413132941.500,686.125
5,258,15,0,79776,79776,0,416132058.188,416132840.375,782.188
5,259,0,0,79872,79872,0,416632032.000,416632866.000,834.000
5,260,3,0,80160,80160,0,418131930.062,418132718.438,788.375
5,261,4,0,80256,80256,0,418631906.562,418632764.750,858.188
5,262,9,0,80736,80736,0,421131743.625,421132479.312,735.688
5,263,15,0,81312,81312,0,424131549.938,424132328.875,778.938
5,264,0,0,81408,81408,0,424631522.625,424632330.312,807.688
5,265,3,0,81696,81696,0,426131420.312,426132258.562,838.250
5,266,4,0,81792,81792,0,426631391.188,426632171.625,780.438
5,267,9,0,82272,82272,0,429131232.062,429132038.812,806.750
5,268,15,0,82848,82848,0,432131039.250,432131747.000,707.750
5,269,0,0,82944,82944,0,432631006.750,432631769.312,762.562
5,270,3,0,83232,83232,0,434130906.125,434131584.000,677.875
5,271,4,0,83328,83328,0,434630877.562,434631708.750,831.188
5,272,9,0,83808,83808,0,437130720.000,437131508.375,788.375
5,273,15,0,84384,84384,0,440130524.062,440131303.000,778.938
5,274,0,0,84480,84480,0,440630494.938,440631328.938,834.000
5,275,3,0,84768,84768,0,442130401.062,442131239.312,838.250
5,276,4,0,84864,84864,0,442630364.812,442631171.250,806.438
5,277,9,0,85344,85344,0,445130208.250,445131016.250,808.000
5,278,15,0,85920,85920,0,448130010.188,448130766.500,756.312
5,279,0,0,86016,86016,0,448629982.438,448630764.312,781.875
5,280,3,0,86304,86304,0,450129882.062,450130717.062,835.000
5,281,4,0,86400,86400,0,450629853.000,450630633.438,780.438
5,282,9,0,86880,86880,0,453129695.562,453130476.438,780.875
5,283,15,0,87456,87456,0,456129498.125,456130261.438,763.312
5,284,0,0,87552,87552,0,456629471.000,456630259.562,788.562
5,285,3,0,87840,87840,0,458129374.125,458130083.188,709.062
5,286,4,0,87936,87936,0,458629343.250,458630123.688,780.438
5,287,9,0,88416,88416,0,461129183.625,461129938.562,754.938
5,288,15,0,88992,88992,0,464128986.062,464129690.438,704.375
5,289,0,0,89088,89088,0,464628962.812,464629777.312,814.500
5,290,3,0,89376,89376,0,466128861.688,466129693.312,831.625
5,291,4,0,89472,89472,0,466628828.625,466629661.000,832.375
5,292,9,0,89952,89952,0,469128671.812,469129383.812,712.000
5,293,15,0,90528,90528,0,472128476.188,472129306.875,830.688
5,294,0,0,90624,90624,0,472628445.125,472629207.688,762.562
5,295,3,0,90912,90912,0,474128350.000,474129181.625,831.625
5,296,4,0,91008,91008,0,474628316.938,474629149.312,832.375
5,297,9,0,91488,91488,0,477128159.812,477128871.812,712.000
5,298,15,0,92064,92064,0,480127972.312,480128684.625,712.312
5,299,0,0,92160,92160,0,480627935.625,480628775.938,840.312
5,300,3,0,92448,92448,0,482127834.125,482128623.750,789.625
5,301,4,0,92544,92544,0,482627806.500,482628612.938,806.438
5,302,9,0,93024,93024,0,485127649.250,485128464.875,815.625
5,303,15,0,93600,93600,0,488127454.750,488128162.500,707.750
5,304,0,0,93696,93696,0,488627423.938,488628160.625,736.688
5,305,3,0,93984,93984,0,490127322.125,490128137.875,815.750
5,306,4,0,94080,94080,0,490627299.125,490628105.562,806.438
5,307,9,0,94560,94560,0,493127136.375,493127892.625,756.250
5,308,15,0,95136,95136,0,496126938.062,496127693.188,755.125
5,309,0,0,95232,95232,0,496626914.375,496627625.250,710.875
5,310,3,0,95520,95520,0,498126810.125,498127593.250,783.125
5,311,4,0,95616,95616,0,498626781.375,498627612.562,831.188
5,312,9,0,96096,96096,0,501126622.812,501127436.688,813.875
5,313,15,0,96672,96672,0,504126426.062,504127182.312,756.250
5,314,0,0,96768,96768,0,504626399.938,504627155.938,756.000
5,315,3,0,97056,97056,0,506126301.625,506127010.688,709.062
5,316,4,0,97152,97152,0,506626270.750,506627051.188,780.438
5,317,9,0,97632,97632,0,509126111.812,509126951.812,840.000
5,318,15,0,98208,98208,0,512125914.125,512126677.250,763.125
5,319,0,0,98304,98304,0,512625886.875,512626623.562,736.688
5,320,3,0,98592,98592,0,514125786.062,514126524.000,737.938
5,321,4,0,98688,98688,0,514625762.250,514626491.000,728.750
5,322,9,0,99168,99168,0,517125599.812,517126311.812,712.000
5,323,15,0,99744,99744,0,520125404.188,520126234.875,830.688
5,324,0,0,99840,99840,0,520625373.125,520626135.688,762.562
5,325,3,0,100128,100128,0,522125278.000,522126109.625,831.625
5,326,4,0,100224,100224,0,522625244.938,522626077.312,832.375
5,327,9,0,100704,100704,0,525125087.812,525125799.812,712.000
5,328,15,0,101280,101280,0,528124900.312,528125612.625,712.312
5,329,0,0,101376,101376,0,528624863.625,528625703.938,840.312
5,330,3,0,101664,101664,0,530124762.125,530125551.750,789.625
5,331,4,0,101760,101760,0,530624738.688,530625467.438,728.750
5,332,9,0,102240,102240,0,533124577.250,533125392.875,815.625
5,333,15,0,102816,102816,0,536124382.750,536125090.500,707.750
5,334,0,0,102912,102912,0,536624351.938,536625088.625,736.688
5,335,3,0,103200,103200,0,538124250.125,538125065.875,815.750
5,336,4,0,103296,103296,0,538624226.812,538625033.562,806.750
5,337,9,0,103776,103776,0,541124064.375,541124820.625,756.250
5,338,15,0,104352,104352,0,544123866.062,544124621.188,755.125
5,339,0,0,104448,104448,0,544623838.812,544624594.812,756.000
5,340,3,0,104736,104736,0,546123738.062,546124526.375,788.312
5,341,4,0,104832,104832,0,546623709.125,546624515.562,806.438
5,342,9,0,105312,105312,0,549123552.625,549124257.250,704.625
5,343,15,0,105888,105888,0,552123354.062,552124143.562,789.500
5,344,0,0,105984,105984,0,552623324.875,552624139.375,814.500
5,345,3,0,106272,106272,0,554123226.062,554124034.188,808.125
5,346,4,0,106368,106368,0,554623198.312,554624030.688,832.375
5,347,9,0,106848,106848,0,557123040.375,557123770.875,730.500
5,348,15,0,107424,107424,0,560122844.375,560123675.062,830.688
5,349,0,0,107520,107520,0,560622815.375,560623649.375,834.000
5,350,3,0,107808,107808,0,562122714.188,562123425.000,710.812
5,351,4,0,107904,107904,0,562622690.438,562623530.062,839.625
5,352,9,0,108384,108384,0,565122527.312,565123239.312,712.000
5,353,15,0,108960,108960,0,568122330.062,568123092.188,762.125
5,354,0,0,109056,109056,0,568622303.250,568623065.812,762.562
5,355,3,0,109344,109344,0,570122202.188,570122990.750,788.562
5,356,4,0,109440,109440,0,570622175.438,570622878.312,702.875
5,357,9,0,109920,109920,0,573122015.812,573122850.938,835.125
5,358,15,0,110496,110496,0,576121821.938,576122600.875,778.938
5,359,0,0,110592,110592,0,576621794.625,576622602.312,807.688
5,360,3,0,110880,110880,0,578121690.188,578122453.750,763.562
5,361,4,0,110976,110976,0,578621666.188,578622420.750,754.562
5,362,9,0,111456,111456,0,581121503.125,581122342.875,839.750
5,363,15,0,112032,112032,0,584121309.812,584122147.438,837.625
5,364,0,0,112128,112128,0,584621279.125,584622119.438,840.312
5,365,3,0,112416,112416,0,586121181.375,586121890.438,709.062
5,366,4,0,112512,112512,0,586621151.562,586621906.125,754.562
5,367,9,0,112992,112992,0,589120991.625,589121798.250,806.625
5,368,15,0,113568,113568,0,592120798.938,592121629.625,830.688
5,369,0,0,113664,113664,0,592620766.375,592621554.938,788.562
5,370,3,0,113952,113952,0,594120666.125,594121474.250,808.125
5,371,4,0,114048,114048,0,594620638.688,594621471.062,832.375
5,372,9,0,114528,114528,0,597120479.812,597121268.375,788.562
5,373,15,0,115104,115104,0,600120284.062,600121063.000,778.938
5,374,0,0,115200,115200,0,600620258.875,600621073.375,814.500
5,375,3,0,115488,115488,0,602120158.500,602120860.250,701.750
5,376,4,0,115584,115584,0,602620129.875,602620891.500,761.625
5,377,9,0,116064,116064,0,605119967.000,605120651.875,684.875
5,378,15,0,116640,116640,0,608119770.062,608120602.750,832.688
5,379,0,0,116736,116736,0,608619746.688,608620587.000,840.312
5,380,3,0,117024,117024,0,610119644.812,610120398.062,753.250
5,381,4,0,117120,117120,0,610619615.688,610620377.312,761.625
5,382,9,0,117600,117600,0,613119455.688,613120167.688,712.000
5,383,15,0,118176,118176,0,616119262.438,616120021.688,759.250
5,384,0,0,118272,118272,0,616619230.938,616620019.812,788.875
5,385,3,0,118560,118560,0,618119133.312,618119939.125,805.812
5,386,4,0,118656,118656,0,618619102.625,618619805.500,702.875
5,387,9,0,119136,119136,0,621118943.750,621119724.688,780.938
5,388,15,0,119712,119712,0,624118751.188,624119607.688,856.500
5,389,0,0,119808,119808,0,624618717.375,624619530.688,813.312
5,390,3,0,120096,120096,0,626118620.125,626119406.625,786.500
5,391,4,0,120192,120192,0,626618591.688,626619398.125,806.438
5,392,9,0,120672,120672,0,629118435.562,629119225.250,789.688
5,393,15,0,121248,121248,0,632118234.188,632118990.188,756.000
5,394,0,0,121344,121344,0,632618207.500,632618963.500,756.000
5,395,3,0,121632,121632,0,634118106.250,634118817.375,711.125
5,396,4,0,121728,121728,0,634618078.500,634618833.062,754.562
5,397,9,0,122208,122208,0,637117919.562,637118734.000,814.438
5,398,15,0,122784,122784,0,640117725.500,640118452.812,727.312
5,399,0,0,122880,122880,0,640617698.438,640618401.938,703.500
5,400,3,0,123168,123168,0,642117599.250,642118437.500,838.250
5,401,4,0,123264,123264,0,642617567.938,642618277.062,709.125
5,402,9,0,123744,123744,0,645117408.062,645118091.625,683.562
5,403,15,0,124320,124320,0,648117217.000,648118021.750,804.750
5,404,0,0,124416,124416,0,648617180.688,648617969.250,788.562
5,405,3,0,124704,124704,0,650117082.062,650117865.188,783.125
5,406,4,0,124800,124800,0,650617055.500,650617758.375,702.875
5,407,9,0,125280,125280,0,653116896.000,653117579.562,683.562
5,408,15,0,125856,125856,0,656116698.188,656117453.625,755.438
5,409,0,0,125952,125952,0,656616674.750,656617378.250,703.500
5,410,3,0,126240,126240,0,658116575.562,658117413.812,838.250
5,411,4,0,126336,126336,0,658616542.312,658617277.875,735.562
5,412,9,0,126816,126816,0,661116383.875,661117224.188,840.312
5,413,15,0,127392,127392,0,664116186.125,664116967.938,781.812
5,414,0,0,127488,127488,0,664616159.375,664616941.250,781.875
5,415,3,0,127776,127776,0,666116063.500,666116901.750,838.250
5,416,4,0,127872,127872,0,666616029.938,666616765.500,735.562
5,417,9,0,128352,128352,0,669115875.312,669116690.938,815.625
5,418,15,0,128928,128928,0,672115674.062,672116404.125,730.062
5,419,0,0,129024,129024,0,672615651.000,672616491.312,840.312
5,420,3,0,129312,129312,0,674115548.688,674116283.500,734.812
5,421,4,0,129408,129408,0,674615519.062,674616299.500,780.438
5,422,9,0,129888,129888,0,677115359.625,677116123.312,763.688
5,423,15,0,130464,130464,0,680115165.500,680115918.562,753.062
5,424,0,0,130560,130560,0,680615133.812,680615895.188,761.375
5,425,3,0,130848,130848,0,682115034.125,682115798.062,763.938
5,426,4,0,130944,130944,0,682615010.188,682615764.750,754.562
5,427,9,0,131424,131424,0,685114848.000,685115628.938,780.938
5,428,15,0,132000,132000,0,688114651.938,688115405.000,753.062
5,429,0,0,132096,132096,0,688614626.812,688615415.375,788.562
5,430,3,0,132384,132384,0,690114522.062,690115279.062,757.000
5,431,4,0,132480,132480,0,690614498.250,690615233.812,735.562
5,432,9,0,132960,132960,0,693114335.562,693115150.000,814.438
5,433,15,0,133536,133536,0,696114138.125,696114979.375,841.250
5,434,0,0,133632,133632,0,696614110.750,696614951.062,840.312
5,435,3,0,133920,133920,0,698114010.062,698114722.375,712.312
5,436,4,0,134016,134016,0,698613983.500,698614738.062,754.562
5,437,9,0,134496,134496,0,701113823.438,701114630.062,806.625
5,438,15,0,135072,135072,0,704113629.750,704114460.438,830.688
5,439,0,0,135168,135168,0,704613602.562,704614410.250,807.688
5,440,3,0,135456,135456,0,706113500.250,706114338.500,838.250
5,441,4,0,135552,135552,0,706613471.125,706614251.562,780.438
5,442,9,0,136032,136032,0,709113315.750,709114001.875,686.125
5,443,15,0,136608,136608,0,712113114.125,712113928.562,814.438
5,444,0,0,136704,136704,0,712613086.750,712613927.062,840.312
5,445,3,0,136992,136992,0,714112986.062,714113698.375,712.312
5,446,4,0,137088,137088,0,714612959.500,714613714.062,754.562
5,447,9,0,137568,137568,0,717112799.438,717113606.062,806.625
5,448,15,0,138144,138144,0,720112605.750,720113436.438,830.688
5,449,0,0,138240,138240,0,720612578.562,720613386.250,807.688
5,450,3,0,138528,138528,0,722112476.250,722113314.500,838.250
5,451,4,0,138624,138624,0,722612447.125,722613227.562,780.438
5,452,9,0,139104,139104,0,725112291.750,725112977.875,686.125
5,453,15,0,139680,139680,0,728112090.125,728112904.562,814.438
5,454,0,0,139776,139776,0,728612062.750,728612903.062,840.312
5,455,3,0,140064,140064,0,730111962.125,730112674.062,711.938
5,456,4,0,140160,140160,0,730611933.812,730612713.062,779.250
5,457,9,0,140640,140640,0,733111780.125,733112543.812,763.688
5,458,15,0,141216,141216,0,736111578.062,736112393.375,815.312
5,459,0,0,141312,141312,0,736611551.875,736612392.188,840.312
5,460,3,0,141600,141600,0,738111450.062,738112187.688,737.625
5,461,4,0,141696,141696,0,738611423.250,738612203.688,780.438
5,462,9,0,142176,142176,0,741111267.875,741111954.000,686.125
5,463,15,0,142752,142752,0,744111066.062,744111880.688,814.625
5,464,0,0,142848,142848,0,744611038.875,744611879.188,840.312
5,465,3,0,143136,143136,0,746110938.125,746111650.188,712.062
5,466,4,0,143232,143232,0,746610912.000,746611673.625,761.625
5,467,9,0,143712,143712,0,749110751.688,749111586.812,835.125
5,468,15,0,144288,144288,0,752110554.062,752111394.688,840.625
5,469,0,0,144384,144384,0,752610530.625,752611293.188,762.562
5,470,3,0,144672,144672,0,754110430.188,754111242.625,812.438
5,471,4,0,144768,144768,0,754610399.812,754611239.438,839.625
5,472,9,0,145248,145248,0,757110239.812,757111079.812,840.000
5,473,15,0,145824,145824,0,760110042.062,760110823.438,781.375
5,474,0,0,145920,145920,0,760610015.062,760610849.062,834.000
5,475,3,0,146208,146208,0,762109916.875,762110722.688,805.812
5,476,4,0,146304,146304,0,762609890.562,762610671.000,780.438
5,477,9,0,146784,146784,0,765109727.688,765110510.688,783.000
5,478,15,0,147360,147360,0,768109530.062,768110371.188,841.125
5,479,0,0,147456,147456,0,768609502.875,768610343.188,840.312
5,480,3,0,147744,147744,0,770109402.125,770110114.188,712.062
5,481,4,0,147840,147840,0,770609378.312,770610081.188,702.875
5,482,9,0,148320,148320,0,773109215.938,773109902.062,686.125
5,483,15,0,148896,148896,0,776109018.062,776109748.625,730.562
5,484,0,0,148992,148992,0,776608990.438,776609746.438,756.000
5,485,3,0,149280,149280,0,778108890.062,778109699.188,809.125
5,486,4,0,149376,149376,0,778608862.812,778609721.000,858.188
5,487,9,0,149856,149856,0,781108703.812,781109460.062,756.250
5,488,15,0,150432,150432,0,784108512.812,784109220.562,707.750
5,489,0,0,150528,150528,0,784608479.688,784609320.000,840.312
5,490,3,0,150816,150816,0,786108378.188,786109167.812,789.625
5,491,4,0,150912,150912,0,786608350.562,786609157.000,806.438
5,492,9,0,151392,151392,0,789108195.938,789108959.625,763.688
5,493,15,0,151968,151968,0,792107997.812,792108802.875,805.062
5,494,0,0,152064,152064,0,792607970.312,792608810.625,840.312
5,495,3,0,152352,152352,0,794107870.938,794108572.688,701.750
5,496,4,0,152448,152448,0,794607842.812,794608551.938,709.125
5,497,9,0,152928,152928,0,797107679.875,797108468.125,788.250
5,498,15,0,153504,153504,0,800107485.688,800108297.500,811.812
5,499,0,0,153600,153600,0,800607453.812,800608215.188,761.375
5,500,3,0,153888,153888,0,802107354.188,802108143.438,789.250
5,501,4,0,153984,153984,0,802607324.750,802608157.125,832.375
5,502,9,0,154464,154464,0,805107167.062,805107980.938,813.875
5,503,15,0,155040,155040,0,808106970.062,808107733.188,763.125
5,504,0,0,155136,155136,0,808606942.812,808607679.500,736.688
5,505,3,0,155424,155424,0,810106842.062,810107598.812,756.750
5,506,4,0,155520,155520,0,810606813.188,810607593.625,780.438
5,507,9,0,156000,156000,0,813106655.875,813107445.562,789.688
5,508,15,0,156576,156576,0,816106463.812,816107320.312,856.500
5,509,0,0,156672,156672,0,816606428.812,816607243.312,814.500
5,510,3,0,156960,156960,0,818106330.125,818107113.625,783.500
5,511,4,0,157056,157056,0,818606305.375,818607092.875,787.500
5,512,9,0,157536,157536,0,821106143.875,821106932.250,788.375
5,513,15,0,158112,158112,0,824105947.938,824106726.875,778.938
5,514,0,0,158208,158208,0,824605919.625,824606759.938,840.312
5,515,3,0,158496,158496,0,826105818.125,826106607.750,789.625
5,516,4,0,158592,158592,0,826605790.500,826606596.938,806.438
5,517,9,0,159072,159072,0,829105633.250,829106448.875,815.625
5,518,15,0,159648,159648,0,832105438.750,832106146.500,707.750
5,519,0,0,159744,159744,0,832605407.938,832606144.625,736.688
5,520,3,0,160032,160032,0,834105306.125,834106121.875,815.750
5,521,4,0,160128,160128,0,834605283.125,834606089.562,806.438
5,522,9,0,160608,160608,0,837105120.375,837105876.625,756.250
5,523,15,0,161184,161184,0,840104922.062,840105677.188,755.125
5,524,0,0,161280,161280,0,840604898.375,840605609.250,710.875
5,525,3,0,161568,161568,0,842104794.125,842105577.250,783.125
5,526,4,0,161664,161664,0,842604765.375,842605596.562,831.188
5,527,9,0,162144,162144,0,845104606.812,845105420.688,813.875
5,528,15,0,162720,162720,0,848104410.062,848105166.312,756.250
5,529,0,0,162816,162816,0,848604383.938,848605139.938,756.000
5,530,3,0,163104,163104,0,850104285.625,850104994.688,709.062
5,531,4,0,163200,163200,0,850604254.750,850605035.188,780.438
5,532,9,0,163680,163680,0,853104095.812,853104935.812,840.000
5,533,15,0,164256,164256,0,856103898.125,856104661.250,763.125
5,534,0,0,164352,164352,0,856603870.875,856604711.188,840.312
5,535,3,0,164640,164640,0,858103770.125,858104482.188,712.062
5,536,4,0,164736,164736,0,858603746.312,858604449.188,702.875
5,537,9,0,165216,165216,0,861103584.062,861104392.875,808.812
5,538,15,0,165792,165792,0,864103386.125,864104090.500,704.375
5,539,0,0,165888,165888,0,864603358.688,864604088.625,729.938
5,540,3,0,166176,166176,0,866103258.062,866104041.375,783.312
5,541,4,0,166272,166272,0,866603234.812,866604048.438,813.625
5,542,9,0,166752,166752,0,869103070.875,869103912.312,841.438
5,543,15,0,167328,167328,0,872102878.562,872103578.812,700.250
5,544,0,0,167424,167424,0,872602847.000,872603576.938,729.938
5,545,3,0,167712,167712,0,874102749.875,874103529.688,779.812
5,546,4,0,167808,167808,0,874602717.438,874603496.688,779.250
5,547,9,0,168288,168288,0,877102559.812,877103271.812,712.000
5,548,15,0,168864,168864,0,880102364.188,880103194.875,830.688
5,549,0,0,168960,168960,0,880602333.125,880603095.688,762.562
5,550,3,0,169248,169248,0,882102234.062,882103023.938,789.875
5,551,4,0,169344,169344,0,882602206.375,882603012.812,806.438
5,552,9,0,169824,169824,0,885102051.938,885102789.750,737.812
5,553,15,0,170400,170400,0,888101850.062,888102639.312,789.250
5,554,0,0,170496,170496,0,888601820.625,888602635.125,814.500
5,555,3,0,170784,170784,0,890101732.438,890102413.062,680.625
5,556,4,0,170880,170880,0,890601695.438,890602404.562,709.125
5,557,9,0,171360,171360,0,893101535.812,893102292.938,757.125
5,558,15,0,171936,171936,0,896101341.688,896102069.000,727.312
5,559,0,0,172032,172032,0,896601311.125,896602067.125,756.000
5,560,3,0,172320,172320,0,898101214.062,898102019.875,805.812
5,561,4,0,172416,172416,0,898601185.875,898601947.500,761.625
6,0,3,0,288,288,0,2158554.062,2159336.625,782.562
6,1,4,0,384,384,0,2658524.875,2659253.875,729.000
6,2,9,0,864,864,0,5158367.625,5159127.375,759.750
6,3,15,0,1440,1440,0,8158170.188,8158973.938,803.750
6,4,0,0,1536,1536,0,8658143.438,8658947.250,803.812
6,5,3,0,1824,1824,0,10158047.562,10158907.750,860.188
6,6,4,0,1920,1920,0,10658014.000,10658771.500,757.500
6,7,9,0,2400,2400,0,13157856.000,13158672.438,816.438
6,8,15,0,2976,2976,0,16157658.125,16158469.375,811.250
6,9,0,0,3072,3072,0,16657628.750,16658465.188,836.438
6,10,3,0,3360,3360,0,18157530.062,18158335.500,805.438
6,11,4,0,3456,3456,0,18657504.000,18658339.250,835.250
6,12,9,0,3936,3936,0,21157347.875,21158178.625,830.750
6,13,15,0,4512,4512,0,24157146.125,24157949.062,802.938
6,14,0,0,4608,4608,0,24657118.562,24657922.375,803.812
6,15,3,0,4896,4896,0,26157018.062,26157725.125,707.062
6,16,4,0,4992,4992,0,26656991.500,26657704.062,712.562
6,17,9,0,5472,5472,0,29156832.000,29157537.500,705.500
6,18,15,0,6048,6048,0,32156637.750,32157497.312,859.562
6,19,0,0,6144,6144,0,32656610.375,32657472.625,862.250
6,20,3,0,6432,6432,0,34156506.062,34157311.500,805.438
6,21,4,0,6528,6528,0,34656480.000,34657315.250,835.250
6,22,9,0,7008,7008,0,37156324.062,37157032.125,708.062
6,23,15,0,7584,7584,0,40156132.500,40156912.125,779.625
6,24,0,0,7680,7680,0,40656098.750,40656811.938,713.188
6,25,3,0,7968,7968,0,42156000.875,42156835.562,834.688
6,26,4,0,8064,8064,0,42655965.938,42656780.750,814.812
6,27,9,0,8544,8544,0,45155807.750,45156515.812,708.062
6,28,15,0,9120,9120,0,48155610.062,48156362.062,752.000
6,29,0,0,9216,9216,0,48655583.812,48656323.438,739.625
6,30,3,0,9504,9504,0,50155485.188,50156300.688,815.500
6,31,4,0,9600,9600,0,50655453.875,50656268.688,814.812
6,32,9,0,10080,10080,0,53155299.750,53156111.375,811.625
6,33,15,0,10656,10656,0,56155103.000,56155812.938,709.938
6,34,0,0,10752,10752,0,56655074.312,56655936.562,862.250
6,35,3,0,11040,11040,0,58154974.938,58155686.375,711.438
6,36,4,0,11136,11136,0,58654942.688,58655758.812,816.125
6,37,9,0,11616,11616,0,61154784.250,61155537.250,753.000
6,38,15,0,12192,12192,0,64154586.062,64155371.250,785.188
6,39,0,0,12288,12288,0,64654558.875,64655369.375,810.500
6,40,3,0,12576,12576,0,66154458.062,66155269.812,811.750
6,41,4,0,12672,12672,0,66654430.625,66655246.750,816.125
6,42,9,0,13152,13152,0,69154276.000,69155061.625,785.625
6,43,15,0,13728,13728,0,72154074.062,72154911.500,837.438
6,44,0,0,13824,13824,0,72654046.500,72654759.688,713.188
6,45,3,0,14112,14112,0,74153948.062,74154730.688,782.625
6,46,4,0,14208,14208,0,74653922.625,74654712.750,790.125
6,47,9,0,14688,14688,0,77153761.125,77154540.188,779.062
6,48,15,0,15264,15264,0,80153564.938,80154398.688,833.750
6,49,0,0,15360,15360,0,80653533.438,80654368.688,835.250
6,50,3,0,15648,15648,0,82153434.125,82154244.625,810.500
6,51,4,0,15744,15744,0,82653407.688,82654120.250,712.562
6,52,9,0,16224,16224,0,85153247.875,85153953.375,705.500
6,53,15,0,16800,16800,0,88153054.000,88153791.000,737.000
6,54,0,0,16896,16896,0,88653026.625,88653739.812,713.188
6,55,3,0,17184,17184,0,90152922.062,90153726.375,804.312
6,56,4,0,17280,17280,0,90652898.500,90653740.562,842.062
6,57,9,0,17760,17760,0,93152735.000,93153467.688,732.688
6,58,15,0,18336,18336,0,96152538.062,96153341.750,803.688
6,59,0,0,18432,18432,0,96652514.500,96653254.125,739.625
6,60,3,0,18720,18720,0,98152410.125,98153117.812,707.688
6,61,4,0,18816,18816,0,98652380.812,98653222.875,842.062
6,62,9,0,19296,19296,0,101152223.688,101152957.625,733.938
6,63,15,0,19872,19872,0,104152026.125,104152810.812,784.688
6,64,0,0,19968,19968,0,104651999.625,104652784.125,784.500
6,65,3,0,20256,20256,0,106151902.938,106152614.375,711.438
6,66,4,0,20352,20352,0,106651870.688,106652686.812,816.125
6,67,9,0,20832,20832,0,109151712.250,109152465.250,753.000
6,68,15,0,21408,21408,0,112151514.062,112152299.250,785.188
6,69,0,0,21504,21504,0,112651486.875,112652297.375,810.500
6,70,3,0,21792,21792,0,114151386.062,114152197.812,811.750
6,71,4,0,21888,21888,0,114651358.625,114652174.750,816.125
6,72,9,0,22368,22368,0,117151204.000,117151989.625,785.625
6,73,15,0,22944,22944,0,120151002.062,120151839.500,837.438
6,74,0,0,23040,23040,0,120650978.500,120651789.000,810.500
6,75,3,0,23328,23328,0,122150874.125,122151652.688,778.562
6,76,4,0,23424,23424,0,122650845.125,122651635.250,790.125
6,77,9,0,23904,23904,0,125150687.562,125151523.938,836.375
6,78,15,0,24480,24480,0,128150500.188,128151331.812,831.625
6,79,0,0,24576,24576,0,128650466.562,128651283.938,817.375
6,80,3,0,24864,24864,0,130150364.250,130151224.438,860.188
6,81,4,0,24960,24960,0,130650335.125,130651125.250,790.125
6,82,9,0,25440,25440,0,133150176.000,133150992.438,816.438
6,83,15,0,26016,26016,0,136149978.125,136150832.750,854.625
6,84,0,0,26112,26112,0,136649950.875,136650735.375,784.500
6,85,3,0,26400,26400,0,138149852.438,138150712.625,860.188
6,86,4,0,26496,26496,0,138649826.625,138650616.750,790.125
6,87,9,0,26976,26976,0,141149668.250,141150376.312,708.062
6,88,15,0,27552,27552,0,144149469.938,144150329.500,859.562
6,89,0,0,27648,27648,0,144649439.250,144650301.500,862.250
6,90,3,0,27936,27936,0,146149348.188,146150161.562,813.375
6,91,4,0,28032,28032,0,146649308.812,146650124.938,816.125
6,92,9,0,28512,28512,0,149149152.250,149149982.188,829.938
6,93,15,0,29088,29088,0,152148954.062,152149790.062,836.000
6,94,0,0,29184,29184,0,152648930.500,152649643.688,713.188
6,95,3,0,29472,29472,0,154148826.188,154149630.250,804.062
6,96,4,0,29568,29568,0,154648796.688,154649612.812,816.125
6,97,9,0,30048,30048,0,157148639.812,157149347.875,708.062
6,98,15,0,30624,30624,0,160148442.188,160149270.938,828.750
6,99,0,0,30720,30720,0,160648414.875,160649225.375,810.500
6,100,3,0,31008,31008,0,162148319.250,162149153.625,834.375
6,101,4,0,31104,31104,0,162648285.688,162649074.625,788.938
6,102,9,0,31584,31584,0,165148127.750,165148861.688,733.938
6,103,15,0,32160,32160,0,168147936.875,168148751.312,814.438
6,104,0,0,32256,32256,0,168647906.562,168648743.000,836.438
6,105,3,0,32544,32544,0,170147806.188,170148517.625,711.438
6,106,4,0,32640,32640,0,170647777.875,170648561.438,783.562
6,107,9,0,33120,33120,0,173147616.062,173148446.812,830.750
6,108,15,0,33696,33696,0,176147418.125,176148144.438,726.312
6,109,0,0,33792,33792,0,176647390.688,176648130.312,739.625
6,110,3,0,34080,34080,0,178147290.062,178148095.312,805.250
6,111,4,0,34176,34176,0,178647267.125,178648102.375,835.250
6,112,9,0,34656,34656,0,181147102.875,181147966.250,863.375
6,113,15,0,35232,35232,0,184146910.562,184147620.500,709.938
6,114,0,0,35328,35328,0,184646882.375,184647589.312,706.938
6,115,3,0,35616,35616,0,186146778.062,186147477.875,699.812
6,116,4,0,35712,35712,0,186646754.562,186647570.688,816.125
6,117,9,0,36192,36192,0,189146591.875,189147422.625,830.750
6,118,15,0,36768,36768,0,192146401.062,192147267.250,866.188
6,119,0,0,36864,36864,0,192646367.062,192647125.688,758.625
6,120,3,0,37152,37152,0,194146268.000,194147050.625,782.625
6,121,4,0,37248,37248,0,194646242.125,194646980.875,738.750
6,122,9,0,37728,37728,0,197146080.062,197146832.500,752.438
6,123,15,0,38304,38304,0,200145882.125,200146666.500,784.375
6,124,0,0,38400,38400,0,200645852.688,200646689.125,836.438
6,125,3,0,38688,38688,0,202145758.938,202146470.375,711.438
6,126,4,0,38784,38784,0,202645730.812,202646461.875,731.062
6,127,9,0,39264,39264,0,205145566.750,205146402.562,835.812
6,128,15,0,39840,39840,0,208145370.062,208146148.188,778.125
6,129,0,0,39936,39936,0,208645343.875,208646121.812,777.938
6,130,3,0,40224,40224,0,210145245.562,210145976.562,731.000
6,131,4,0,40320,40320,0,210645214.375,210646004.500,790.125
6,132,9,0,40800,40800,0,213145055.875,213145866.188,810.312
6,133,15,0,41376,41376,0,216144859.938,216145648.562,788.625
6,134,0,0,41472,41472,0,216644829.938,216645613.250,783.312
6,135,3,0,41760,41760,0,218144734.938,218145569.312,834.375
6,136,4,0,41856,41856,0,218644701.375,218645490.312,788.938
6,137,9,0,42336,42336,0,221144544.312,221145400.188,855.875
6,138,15,0,42912,42912,0,224144349.812,224145183.562,833.750
6,139,0,0,43008,43008,0,224644317.938,224645101.250,783.312
6,140,3,0,43296,43296,0,226144218.062,226145029.500,811.438
6,141,4,0,43392,43392,0,226644188.562,226645030.625,842.062
6,142,9,0,43872,43872,0,229144031.562,229144822.125,790.562
6,143,15,0,44448,44448,0,232143834.125,232144619.375,785.250
6,144,0,0,44544,44544,0,232643807.000,232644617.500,810.500
6,145,3,0,44832,44832,0,234143709.500,234144517.938,808.438
6,146,4,0,44928,44928,0,234643682.562,234644472.688,790.125
6,147,9,0,45408,45408,0,237143524.188,237144232.250,708.062
6,148,15,0,45984,45984,0,240143325.875,240144185.438,859.562
6,149,0,0,46080,46080,0,240643295.188,240644157.438,862.250
6,150,3,0,46368,46368,0,242143197.438,242143928.438,731.000
6,151,4,0,46464,46464,0,242643167.625,242643931.875,764.250
6,152,9,0,46944,46944,0,245143006.938,245143713.750,706.812
6,153,15,0,47520,47520,0,248142810.062,248143621.250,811.188
6,154,0,0,47616,47616,0,248642780.625,248643617.062,836.438
6,155,3,0,47904,47904,0,250142692.438,250143395.000,702.562
6,156,4,0,48000,48000,0,250642655.438,250643386.500,731.062
6,157,9,0,48480,48480,0,253142496.375,253143274.875,778.500
6,158,15,0,49056,49056,0,256142301.688,256143038.688,737.000
6,159,0,0,49152,49152,0,256642271.125,256643049.062,777.938
6,160,3,0,49440,49440,0,258142174.062,258142989.562,815.500
6,161,4,0,49536,49536,0,258642145.875,258642929.438,783.562
6,162,9,0,50016,50016,0,261141983.000,261142689.812,706.812
6,163,15,0,50592,50592,0,264141786.062,264142640.688,854.625
6,164,0,0,50688,50688,0,264641762.688,264642624.938,862.250
6,165,3,0,50976,50976,0,266141660.812,266142423.750,762.938
6,166,4,0,51072,51072,0,266641631.688,266642415.250,783.562
6,167,9,0,51552,51552,0,269141471.688,269142205.625,733.938
6,168,15,0,52128,52128,0,272141278.438,272142059.625,781.188
6,169,0,0,52224,52224,0,272641247.250,272642057.750,810.500
6,170,3,0,52512,52512,0,274141149.312,274141964.812,815.500
6,171,4,0,52608,52608,0,274641118.625,274641831.188,712.562
6,172,9,0,53088,53088,0,277140959.750,277141762.625,802.875
6,173,15,0,53664,53664,0,280140767.188,280141633.375,866.188
6,174,0,0,53760,53760,0,280640733.375,280641568.625,835.250
6,175,3,0,54048,54048,0,282140636.125,282141444.562,808.438
6,176,4,0,54144,54144,0,282640607.688,282641423.812,816.125
6,177,9,0,54624,54624,0,285140451.562,285141263.188,811.625
6,178,15,0,55200,55200,0,288140250.188,288141028.125,777.938
6,179,0,0,55296,55296,0,288640223.500,288641001.750,778.250
6,180,3,0,55584,55584,0,290140122.062,290140881.000,758.938
6,181,4,0,55680,55680,0,290640094.312,290640884.438,790.125
6,182,9,0,56160,56160,0,293139935.625,293140751.938,816.312
6,183,15,0,56736,56736,0,296139742.938,296140583.312,840.375
6,184,0,0,56832,56832,0,296639710.375,296640520.875,810.500
6,185,3,0,57120,57120,0,298139610.125,298140440.188,830.062
6,186,4,0,57216,57216,0,298639582.688,298640424.750,842.062
6,187,9,0,57696,57696,0,301139423.812,301140234.000,810.188
6,188,15,0,58272,58272,0,304139226.062,304140063.500,837.438
6,189,0,0,58368,58368,0,304639198.500,304639911.688,713.188
6,190,3,0,58656,58656,0,306139102.062,306139936.438,834.375
6,191,4,0,58752,58752,0,306639071.375,306639932.938,861.562
6,192,9,0,59232,59232,0,309138911.938,309139620.000,708.062
6,193,15,0,59808,59808,0,312138714.125,312139466.250,752.125
6,194,0,0,59904,59904,0,312638685.188,312639390.875,705.688
6,195,3,0,60192,60192,0,314138586.125,314139365.188,779.062
6,196,4,0,60288,60288,0,314638562.438,314639319.938,757.500
6,197,9,0,60768,60768,0,317138399.688,317139131.500,731.812
6,198,15,0,61344,61344,0,320138206.625,320138987.812,781.188
6,199,0,0,61440,61440,0,320638175.125,320638985.625,810.500
6,200,3,0,61728,61728,0,322138074.062,322138808.062,734.000
6,201,4,0,61824,61824,0,322638049.938,322638762.500,712.562
6,202,9,0,62304,62304,0,325137888.312,325138672.750,784.438
6,203,15,0,62880,62880,0,328137695.188,328138535.562,840.375
6,204,0,0,62976,62976,0,328637662.625,328638473.125,810.500
6,205,3,0,63264,63264,0,330137562.062,330138340.125,778.062
6,206,4,0,63360,63360,0,330637535.812,330638319.375,783.562
6,207,9,0,63840,63840,0,333137375.125,333138081.938,706.812
6,208,15,0,64416,64416,0,336137187.812,336138045.375,857.562
6,209,0,0,64512,64512,0,336637149.938,336637959.125,809.188
6,210,3,0,64800,64800,0,338137050.125,338137855.062,804.938
6,211,4,0,64896,64896,0,338637025.938,338637809.500,783.562
6,212,9,0,65376,65376,0,341136864.125,341137694.875,830.750
6,213,15,0,65952,65952,0,344136666.188,344137392.500,726.312
6,214,0,0,66048,66048,0,344636638.750,344637378.375,739.625
6,215,3,0,66336,66336,0,346136538.125,346137343.375,805.250
6,216,4,0,66432,66432,0,346636511.875,346637347.125,835.250
6,217,9,0,66912,66912,0,349136351.812,349137162.000,810.188
6,218,15,0,67488,67488,0,352136154.125,352136958.250,804.125
6,219,0,0,67584,67584,0,352636126.625,352636833.562,706.938
6,220,3,0,67872,67872,0,354136029.188,354136844.688,815.500
6,221,4,0,67968,67968,0,354635998.312,354636833.562,835.250
6,222,9,0,68448,68448,0,357135839.875,357136694.438,854.562
6,223,15,0,69024,69024,0,360135645.500,360136459.938,814.438
6,224,0,0,69120,69120,0,360635613.875,360636431.250,817.375
6,225,3,0,69408,69408,0,362135514.062,362136319.438,805.375
6,226,4,0,69504,69504,0,362635487.938,362636323.188,835.250
6,227,9,0,69984,69984,0,365135327.875,365136138.062,810.188
6,228,15,0,70560,70560,0,368135130.188,368135934.312,804.125
6,229,0,0,70656,70656,0,368635104.000,368635947.688,843.688
6,230,3,0,70944,70944,0,370135002.188,370135812.688,810.500
6,231,4,0,71040,71040,0,370634975.438,370635688.000,712.562
6,232,9,0,71520,71520,0,373134815.938,373135521.438,705.500
6,233,15,0,72096,72096,0,376134618.125,376135428.938,810.812
6,234,0,0,72192,72192,0,376634589.500,376635424.750,835.250
6,235,3,0,72480,72480,0,378134490.188,378135300.688,810.500
6,236,4,0,72576,72576,0,378634463.750,378635176.312,712.562
6,237,9,0,73056,73056,0,381134303.375,381135119.688,816.312
6,238,15,0,73632,73632,0,384134106.188,384134910.312,804.125
6,239,0,0,73728,73728,0,384634080.000,384634923.688,843.688
6,240,3,0,74016,74016,0,386133978.062,386134788.375,810.312
6,241,4,0,74112,74112,0,386633954.562,386634822.438,867.875
6,242,9,0,74592,74592,0,389133792.062,389134524.750,732.688
6,243,15,0,75168,75168,0,392133597.938,392134386.562,788.625
6,244,0,0,75264,75264,0,392633570.625,392634388.000,817.375
6,245,3,0,75552,75552,0,394133468.312,394134328.500,860.188
6,246,4,0,75648,75648,0,394633439.188,394634229.312,790.125
6,247,9,0,76128,76128,0,397133279.938,397134142.188,862.250
6,248,15,0,76704,76704,0,400133087.500,400133953.688,866.188
6,249,0,0,76800,76800,0,400633053.375,400633888.625,835.250
6,250,3,0,77088,77088,0,402132954.062,402133764.562,810.500
6,251,4,0,77184,77184,0,402632926.625,402633761.875,835.250
6,252,9,0,77664,77664,0,405132768.312,405133598.250,829.938
6,253,15,0,78240,78240,0,408132573.875,408133381.625,807.750
6,254,0,0,78336,78336,0,408632543.312,408633379.750,836.438
6,255,3,0,78624,78624,0,410132447.812,410133308.000,860.188
6,256,4,0,78720,78720,0,410632419.062,410633261.125,842.062
6,257,9,0,79200,79200,0,413132255.375,413132963.438,708.062
6,258,15,0,79776,79776,0,416132058.188,416132862.312,804.125
6,259,0,0,79872,79872,0,416632032.000,416632875.688,843.688
6,260,3,0,80160,80160,0,418131930.062,418132740.375,810.312
6,261,4,0,80256,80256,0,418631906.562,418632774.438,867.875
6,262,9,0,80736,80736,0,421131743.625,421132501.250,757.625
6,263,15,0,81312,81312,0,424131549.938,424132338.562,788.625
6,264,0,0,81408,81408,0,424631522.625,424632340.000,817.375
6,265,3,0,81696,81696,0,426131420.312,426132280.500,860.188
6,266,4,0,81792,81792,0,426631391.188,426632181.312,790.125
6,267,9,0,82272,82272,0,429131232.062,429132048.500,816.438
6,268,15,0,82848,82848,0,432131039.250,432131768.938,729.688
6,269,0,0,82944,82944,0,432631006.750,432631791.250,784.500
6,270,3,0,83232,83232,0,434130906.125,434131605.938,699.812
6,271,4,0,83328,83328,0,434630877.562,434631718.438,840.875
6,272,9,0,83808,83808,0,437130720.000,437131530.312,810.312
6,273,15,0,84384,84384,0,440130524.062,440131312.688,788.625
6,274,0,0,84480,84480,0,440630494.938,440631338.625,843.688
6,275,3,0,84768,84768,0,442130401.062,442131261.250,860.188
6,276,4,0,84864,84864,0,442630364.812,442631180.938,816.125
6,277,9,0,85344,85344,0,445130208.250,445131038.188,829.938
6,278,15,0,85920,85920,0,448130010.188,448130788.438,778.250
6,279,0,0,86016,86016,0,448629982.438,448630786.250,803.812
6,280,3,0,86304,86304,0,450129882.062,450130739.000,856.938
6,281,4,0,86400,86400,0,450629853.000,450630643.125,790.125
6,282,9,0,86880,86880,0,453129695.562,453130486.125,790.562
6,283,15,0,87456,87456,0,456129498.125,456130283.375,785.250
6,284,0,0,87552,87552,0,456629471.000,456630281.500,810.500
6,285,3,0,87840,87840,0,458129374.125,458130105.125,731.000
6,286,4,0,87936,87936,0,458629343.250,458630133.375,790.125
6,287,9,0,88416,88416,0,461129183.625,461129948.250,764.625
6,288,15,0,88992,88992,0,464128986.062,464129712.375,726.312
6,289,0,0,89088,89088,0,464628962.812,464629799.250,836.438
6,290,3,0,89376,89376,0,466128861.688,466129703.000,841.312
6,291,4,0,89472,89472,0,466628828.625,466629670.688,842.062
6,292,9,0,89952,89952,0,469128671.812,469129405.750,733.938
6,293,15,0,90528,90528,0,472128476.188,472129316.562,840.375
6,294,0,0,90624,90624,0,472628445.125,472629229.625,784.500
6,295,3,0,90912,90912,0,474128350.000,474129191.312,841.312
6,296,4,0,91008,91008,0,474628316.938,474629159.000,842.062
6,297,9,0,91488,91488,0,477128159.812,477128893.750,733.938
6,298,15,0,92064,92064,0,480127972.312,480128706.562,734.250
6,299,0,0,92160,92160,0,480627935.625,480628797.875,862.250
6,300,3,0,92448,92448,0,482127834.125,482128645.688,811.562
6,301,4,0,92544,92544,0,482627806.500,482628622.625,816.125
6,302,9,0,93024,93024,0,485127649.250,485128486.812,837.562
6,303,15,0,93600,93600,0,488127454.750,488128184.438,729.688
6,304,0,0,93696,93696,0,488627423.938,488628182.562,758.625
6,305,3,0,93984,93984,0,490127322.125,490128159.812,837.688
6,306,4,0,94080,94080,0,490627299.125,490628115.250,816.125
6,307,9,0,94560,94560,0,493127136.375,493127914.562,778.188
6,308,15,0,95136,95136,0,496126938.062,496127702.875,764.812
6,309,0,0,95232,95232,0,496626914.375,496627647.188,732.812
6,310,3,0,95520,95520,0,498126810.125,498127615.188,805.062
6,311,4,0,95616,95616,0,498626781.375,498627622.250,840.875
6,312,9,0,96096,96096,0,501126622.812,501127458.625,835.812
6,313,15,0,96672,96672,0,504126426.062,504127204.250,778.188
6,314,0,0,96768,96768,0,504626399.938,504627177.875,777.938
6,315,3,0,97056,97056,0,506126301.625,506127032.625,731.000
6,316,4,0,97152,97152,0,506626270.750,506627060.875,790.125
6,317,9,0,97632,97632,0,509126111.812,509126973.750,861.938
6,318,15,0,98208,98208,0,512125914.125,512126699.188,785.062
6,319,0,0,98304,98304,0,512625886.875,512626645.500,758.625
6,320,3,0,98592,98592,0,514125786.062,514126545.938,759.875
6,321,4,0,98688,98688,0,514625762.250,514626500.688,738.438
6,322,9,0,99168,99168,0,517125599.812,517126333.750,733.938
6,323,15,0,99744,99744,0,520125404.188,520126244.562,840.375
6,324,0,0,99840,99840,0,520625373.125,520626157.625,784.500
6,325,3,0,100128,100128,0,522125278.000,522126119.312,841.312
6,326,4,0,100224,100224,0,522625244.938,522626087.000,842.062
6,327,9,0,100704,100704,0,525125087.812,525125821.750,733.938
6,328,15,0,101280,101280,0,528124900.312,528125634.562,734.250
6,329,0,0,101376,101376,0,528624863.625,528625725.875,862.250
6,330,3,0,101664,101664,0,530124762.125,530125573.688,811.562
6,331,4,0,101760,101760,0,530624738.688,530625477.125,738.438
6,332,9,0,102240,102240,0,533124577.250,533125414.812,837.562
6,333,15,0,102816,102816,0,536124382.750,536125112.438,729.688
6,334,0,0,102912,102912,0,536624351.938,536625110.562,758.625
6,335,3,0,103200,103200,0,538124250.125,538125087.812,837.688
6,336,4,0,103296,103296,0,538624226.812,538625043.250,816.438
6,337,9,0,103776,103776,0,541124064.375,541124842.562,778.188
6,338,15,0,104352,104352,0,544123866.062,544124630.875,764.812
6,339,0,0,104448,104448,0,544623838.812,544624616.750,777.938
6,340,3,0,104736,104736,0,546123738.062,546124548.312,810.250
6,341,4,0,104832,104832,0,546623709.125,546624525.250,816.125
6,342,9,0,105312,105312,0,549123552.625,549124279.188,726.562
6,343,15,0,105888,105888,0,552123354.062,552124165.500,811.438
6,344,0,0,105984,105984,0,552623324.875,552624161.312,836.438
6,345,3,0,106272,106272,0,554123226.062,554124056.125,830.062
6,346,4,0,106368,106368,0,554623198.312,554624040.375,842.062
6,347,9,0,106848,106848,0,557123040.375,557123792.812,752.438
6,348,15,0,107424,107424,0,560122844.375,560123684.750,840.375
6,349,0,0,107520,107520,0,560622815.375,560623659.062,843.688
6,350,3,0,107808,107808,0,562122714.188,562123446.938,732.750
6,351,4,0,107904,107904,0,562622690.438,562623552.000,861.562
6,352,9,0,108384,108384,0,565122527.312,565123261.250,733.938
6,353,15,0,108960,108960,0,568122330.062,568123114.125,784.062
6,354,0,0,109056,109056,0,568622303.250,568623087.750,784.500
6,355,3,0,109344,109344,0,570122202.188,570123012.688,810.500
6,356,4,0,109440,109440,0,570622175.438,570622888.000,712.562
6,357,9,0,109920,109920,0,573122015.812,573122872.875,857.062
6,358,15,0,110496,110496,0,576121821.938,576122610.562,788.625
6,359,0,0,110592,110592,0,576621794.625,576622612.000,817.375
6,360,3,0,110880,110880,0,578121690.188,578122475.688,785.500
6,361,4,0,110976,110976,0,578621666.188,578622430.438,764.250
6,362,9,0,111456,111456,0,581121503.125,581122364.812,861.688
6,363,15,0,112032,112032,0,584121309.812,584122169.375,859.562
6,364,0,0,112128,112128,0,584621279.125,584622141.375,862.250
6,365,3,0,112416,112416,0,586121181.375,586121912.375,731.000
6,366,4,0,112512,112512,0,586621151.562,586621915.812,764.250
6,367,9,0,112992,112992,0,589120991.625,589121807.938,816.312
6,368,15,0,113568,113568,0,592120798.938,592121639.312,840.375
6,369,0,0,113664,113664,0,592620766.375,592621576.875,810.500
6,370,3,0,113952,113952,0,594120666.125,594121496.188,830.062
6,371,4,0,114048,114048,0,594620638.688,594621480.750,842.062
6,372,9,0,114528,114528,0,597120479.812,597121290.312,810.500
6,373,15,0,115104,115104,0,600120284.062,600121072.688,788.625
6,374,0,0,115200,115200,0,600620258.875,600621095.312,836.438
6,375,3,0,115488,115488,0,602120158.500,602120869.938,711.438
6,376,4,0,115584,115584,0,602620129.875,602620913.438,783.562
6,377,9,0,116064,116064,0,605119967.000,605120673.812,706.812
6,378,15,0,116640,116640,0,608119770.062,608120624.688,854.625
6,379,0,0,116736,116736,0,608619746.688,608620608.938,862.250
6,380,3,0,117024,117024,0,610119644.812,610120407.750,762.938
6,381,4,0,117120,117120,0,610619615.688,610620399.250,783.562
6,382,9,0,117600,117600,0,613119455.688,613120189.625,733.938
6,383,15,0,118176,118176,0,616119262.438,616120043.625,781.188
6,384,0,0,118272,118272,0,616619230.938,616620041.750,810.812
6,385,3,0,118560,118560,0,618119133.312,618119948.812,815.500
6,386,4,0,118656,118656,0,618619102.625,618619815.188,712.562
6,387,9,0,119136,119136,0,621118943.750,621119746.625,802.875
6,388,15,0,119712,119712,0,624118751.188,624119617.375,866.188
6,389,0,0,119808,119808,0,624618717.375,624619552.625,835.250
6,390,3,0,120096,120096,0,626118620.125,626119428.562,808.438
6,391,4,0,120192,120192,0,626618591.688,626619407.812,816.125
6,392,9,0,120672,120672,0,629118435.562,629119247.188,811.625
6,393,15,0,121248,121248,0,632118234.188,632119012.125,777.938
6,394,0,0,121344,121344,0,632618207.500,632618985.438,777.938
6,395,3,0,121632,121632,0,634118106.250,634118839.312,733.062
6,396,4,0,121728,121728,0,634618078.500,634618842.750,764.250
6,397,9,0,122208,122208,0,637117919.562,637118755.938,836.375
6,398,15,0,122784,122784,0,640117725.500,640118462.500,737.000
6,399,0,0,122880,122880,0,640617698.438,640618411.625,713.188
6,400,3,0,123168,123168,0,642117599.250,642118459.438,860.188
6,401,4,0,123264,123264,0,642617567.938,642618299.000,731.062
6,402,9,0,123744,123744,0,645117408.062,645118113.562,705.500
6,403,15,0,124320,124320,0,648117217.000,648118031.438,814.438
6,404,0,0,124416,124416,0,648617180.688,648617991.188,810.500
6,405,3,0,124704,124704,0,650117082.062,650117887.125,805.062
6,406,4,0,124800,124800,0,650617055.500,650617768.062,712.562
6,407,9,0,125280,125280,0,653116896.000,653117601.500,705.500
6,408,15,0,125856,125856,0,656116698.188,656117475.562,777.375
6,409,0,0,125952,125952,0,656616674.750,656617387.938,713.188
6,410,3,0,126240,126240,0,658116575.562,658117435.750,860.188
6,411,4,0,126336,126336,0,658616542.312,658617299.812,757.500
6,412,9,0,126816,126816,0,661116383.875,661117246.125,862.250
6,413,15,0,127392,127392,0,664116186.125,664116989.875,803.750
6,414,0,0,127488,127488,0,664616159.375,664616963.188,803.812
6,415,3,0,127776,127776,0,666116063.500,666116923.688,860.188
6,416,4,0,127872,127872,0,666616029.938,666616787.438,757.500
6,417,9,0,128352,128352,0,669115875.312,669116712.875,837.562
6,418,15,0,128928,128928,0,672115674.062,672116426.062,752.000
6,419,0,0,129024,129024,0,672615651.000,672616513.250,862.250
6,420,3,0,129312,129312,0,674115548.688,674116305.438,756.750
6,421,4,0,129408,129408,0,674615519.062,674616309.188,790.125
6,422,9,0,129888,129888,0,677115359.625,677116145.250,785.625
6,423,15,0,130464,130464,0,680115165.500,680115928.250,762.750
6,424,0,0,130560,130560,0,680615133.812,680615917.125,783.312
6,425,3,0,130848,130848,0,682115034.125,682115820.000,785.875
6,426,4,0,130944,130944,0,682615010.188,682615774.438,764.250
6,427,9,0,131424,131424,0,685114848.000,685115650.875,802.875
6,428,15,0,132000,132000,0,688114651.938,688115414.688,762.750
6,429,0,0,132096,132096,0,688614626.812,688615437.312,810.500
6,430,3,0,132384,132384,0,690114522.062,690115301.000,778.938
6,431,4,0,132480,132480,0,690614498.250,690615255.750,757.500
6,432,9,0,132960,132960,0,693114335.562,693115171.938,836.375
6,433,15,0,133536,133536,0,696114138.125,696115001.312,863.188
6,434,0,0,133632,133632,0,696614110.750,696614973.000,862.250
6,435,3,0,133920,133920,0,698114010.062,698114744.312,734.250
6,436,4,0,134016,134016,0,698613983.500,698614747.750,764.250
6,437,9,0,134496,134496,0,701113823.438,701114639.750,816.312
6,438,15,0,135072,135072,0,704113629.750,704114470.125,840.375
6,439,0,0,135168,135168,0,704613602.562,704614419.938,817.375
6,440,3,0,135456,135456,0,706113500.250,706114360.438,860.188
6,441,4,0,135552,135552,0,706613471.125,706614261.250,790.125
6,442,9,0,136032,136032,0,709113315.750,709114023.812,708.062
6,443,15,0,136608,136608,0,712113114.125,712113950.500,836.375
6,444,0,0,136704,136704,0,712613086.750,712613949.000,862.250
6,445,3,0,136992,136992,0,714112986.062,714113720.312,734.250
6,446,4,0,137088,137088,0,714612959.500,714613723.750,764.250
6,447,9,0,137568,137568,0,717112799.438,717113615.750,816.312
6,448,15,0,138144,138144,0,720112605.750,720113446.125,840.375
6,449,0,0,138240,138240,0,720612578.562,720613395.938,817.375
6,450,3,0,138528,138528,0,722112476.250,722113336.438,860.188
6,451,4,0,138624,138624,0,722612447.125,722613237.250,790.125
6,452,9,0,139104,139104,0,725112291.750,725112999.812,708.062
6,453,15,0,139680,139680,0,728112090.125,728112926.500,836.375
6,454,0,0,139776,139776,0,728612062.750,728612925.000,862.250
6,455,3,0,140064,140064,0,730111962.125,730112696.000,733.875
6,456,4,0,140160,140160,0,730611933.812,730612722.750,788.938
6,457,9,0,140640,140640,0,733111780.125,733112565.750,785.625
6,458,15,0,141216,141216,0,736111578.062,736112415.312,837.250
6,459,0,0,141312,141312,0,736611551.875,736612414.125,862.250
6,460,3,0,141600,141600,0,738111450.062,738112209.625,759.562
6,461,4,0,141696,141696,0,738611423.250,738612213.375,790.125
6,462,9,0,142176,142176,0,741111267.875,741111975.938,708.062
6,463,15,0,142752,142752,0,744111066.062,744111902.625,836.562
6,464,0,0,142848,142848,0,744611038.875,744611901.125,862.250
6,465,3,0,143136,143136,0,746110938.125,746111672.125,734.000
6,466,4,0,143232,143232,0,746610912.000,746611695.562,783.562
6,467,9,0,143712,143712,0,749110751.688,749111608.750,857.062
6,468,15,0,144288,144288,0,752110554.062,752111416.625,862.562
6,469,0,0,144384,144384,0,752610530.625,752611315.125,784.500
6,470,3,0,144672,144672,0,754110430.188,754111264.562,834.375
6,471,4,0,144768,144768,0,754610399.812,754611261.375,861.562
6,472,9,0,145248,145248,0,757110239.812,757111101.750,861.938
6,473,15,0,145824,145824,0,760110042.062,760110845.375,803.312
6,474,0,0,145920,145920,0,760610015.062,760610858.750,843.688
6,475,3,0,146208,146208,0,762109916.875,762110732.375,815.500
6,476,4,0,146304,146304,0,762609890.562,762610680.688,790.125
6,477,9,0,146784,146784,0,765109727.688,765110532.625,804.938
6,478,15,0,147360,147360,0,768109530.062,768110393.125,863.062
6,479,0,0,147456,147456,0,768609502.875,768610365.125,862.250
6,480,3,0,147744,147744,0,770109402.125,770110136.125,734.000
6,481,4,0,147840,147840,0,770609378.312,770610090.875,712.562
6,482,9,0,148320,148320,0,773109215.938,773109924.000,708.062
6,483,15,0,148896,148896,0,776109018.062,776109770.562,752.500
6,484,0,0,148992,148992,0,776608990.438,776609768.375,777.938
6,485,3,0,149280,149280,0,778108890.062,778109721.125,831.062
6,486,4,0,149376,149376,0,778608862.812,778609730.688,867.875
6,487,9,0,149856,149856,0,781108703.812,781109482.000,778.188
6,488,15,0,150432,150432,0,784108512.812,784109242.500,729.688
6,489,0,0,150528,150528,0,784608479.688,784609341.938,862.250
6,490,3,0,150816,150816,0,786108378.188,786109189.750,811.562
6,491,4,0,150912,150912,0,786608350.562,786609166.688,816.125
6,492,9,0,151392,151392,0,789108195.938,789108981.562,785.625
6,493,15,0,151968,151968,0,792107997.812,792108812.562,814.750
6,494,0,0,152064,152064,0,792607970.312,792608832.562,862.250
6,495,3,0,152352,152352,0,794107870.938,794108582.375,711.438
6,496,4,0,152448,152448,0,794607842.812,794608573.875,731.062
6,497,9,0,152928,152928,0,797107679.875,797108490.062,810.188
6,498,15,0,153504,153504,0,800107485.688,800108319.438,833.750
6,499,0,0,153600,153600,0,800607453.812,800608237.125,783.312
6,500,3,0,153888,153888,0,802107354.188,802108165.375,811.188
6,501,4,0,153984,153984,0,802607324.750,802608166.812,842.062
6,502,9,0,154464,154464,0,805107167.062,805108002.875,835.812
6,503,15,0,155040,155040,0,808106970.062,808107755.125,785.062
6,504,0,0,155136,155136,0,808606942.812,808607701.438,758.625
6,505,3,0,155424,155424,0,810106842.062,810107620.750,778.688
6,506,4,0,155520,155520,0,810606813.188,810607603.312,790.125
6,507,9,0,156000,156000,0,813106655.875,813107467.500,811.625
6,508,15,0,156576,156576,0,816106463.812,816107330.000,866.188
6,509,0,0,156672,156672,0,816606428.812,816607265.250,836.438
6,510,3,0,156960,156960,0,818106330.125,818107135.562,805.438
6,511,4,0,157056,157056,0,818606305.375,818607114.812,809.438
6,512,9,0,157536,157536,0,821106143.875,821106954.188,810.312
6,513,15,0,158112,158112,0,824105947.938,824106736.562,788.625
6,514,0,0,158208,158208,0,824605919.625,824606781.875,862.250
6,515,3,0,158496,158496,0,826105818.125,826106629.688,811.562
6,516,4,0,158592,158592,0,826605790.500,826606606.625,816.125
6,517,9,0,159072,159072,0,829105633.250,829106470.812,837.562
6,518,15,0,159648,159648,0,832105438.750,832106168.438,729.688
6,519,0,0,159744,159744,0,832605407.938,832606166.562,758.625
6,520,3,0,160032,160032,0,834105306.125,834106143.812,837.688
6,521,4,0,160128,160128,0,834605283.125,834606099.250,816.125
6,522,9,0,160608,160608,0,837105120.375,837105898.562,778.188
6,523,15,0,161184,161184,0,840104922.062,840105686.875,764.812
6,524,0,0,161280,161280,0,840604898.375,840605631.188,732.812
6,525,3,0,161568,161568,0,842104794.125,842105599.188,805.062
6,526,4,0,161664,161664,0,842604765.375,842605606.250,840.875
6,527,9,0,162144,162144,0,845104606.812,845105442.625,835.812
6,528,15,0,162720,162720,0,848104410.062,848105188.250,778.188
6,529,0,0,162816,162816,0,848604383.938,848605161.875,777.938
6,530,3,0,163104,163104,0,850104285.625,850105016.625,731.000
6,531,4,0,163200,163200,0,850604254.750,850605044.875,790.125
6,532,9,0,163680,163680,0,853104095.812,853104957.750,861.938
6,533,15,0,164256,164256,0,856103898.125,856104683.188,785.062
6,534,0,0,164352,164352,0,856603870.875,856604733.125,862.250
6,535,3,0,164640,164640,0,858103770.125,858104504.125,734.000
6,536,4,0,164736,164736,0,858603746.312,858604458.875,712.562
6,537,9,0,165216,165216,0,861103584.062,861104414.812,830.750
6,538,15,0,165792,165792,0,864103386.125,864104112.438,726.312
6,539,0,0,165888,165888,0,864603358.688,864604098.312,739.625
6,540,3,0,166176,166176,0,866103258.062,866104063.312,805.250
6,541,4,0,166272,166272,0,866603234.812,866604070.375,835.562
6,542,9,0,166752,166752,0,869103070.875,869103934.250,863.375
6,543,15,0,167328,167328,0,872102878.562,872103588.500,709.938
6,544,0,0,167424,167424,0,872602847.000,872603586.625,739.625
6,545,3,0,167712,167712,0,874102749.875,874103539.375,789.500
6,546,4,0,167808,167808,0,874602717.438,874603506.375,788.938
6,547,9,0,168288,168288,0,877102559.812,877103293.750,733.938
6,548,15,0,168864,168864,0,880102364.188,880103204.562,840.375
6,549,0,0,168960,168960,0,880602333.125,880603117.625,784.500
6,550,3,0,169248,169248,0,882102234.062,882103045.875,811.812
6,551,4,0,169344,169344,0,882602206.375,882603022.500,816.125
6,552,9,0,169824,169824,0,885102051.938,885102811.688,759.750
6,553,15,0,170400,170400,0,888101850.062,888102661.250,811.188
6,554,0,0,170496,170496,0,888601820.625,888602657.062,836.438
6,555,3,0,170784,170784,0,890101732.438,890102435.000,702.562
6,556,4,0,170880,170880,0,890601695.438,890602426.500,731.062
6,557,9,0,171360,171360,0,893101535.812,893102314.875,779.062
6,558,15,0,171936,171936,0,896101341.688,896102078.688,737.000
6,559,0,0,172032,172032,0,896601311.125,896602089.062,777.938
6,560,3,0,172320,172320,0,898101214.062,898102029.562,815.500
6,561,4,0,172416,172416,0,898601185.875,898601969.438,783.562
