channel,onset_index,step,sub_index,expected_tick,actual_tick,grid_error_ticks,expected_us,actual_us,timing_error_us
1,3,0,4,8,8,0,676906.125,678075.750,1169.625
1,4,0,5,10,13,3,681061.500,689318.562,8257.062
1,5,3,0,36,37,1,735229.625,738686.938,3457.312
1,10,3,5,46,46,0,756049.500,756268.250,218.750
1,12,4,1,50,50,0,764381.500,765650.812,1269.312
1,13,4,2,52,52,0,768547.500,770057.562,1510.062
1,14,4,3,54,55,1,772719.875,775717.000,2997.125
1,15,4,4,56,57,1,776879.500,780400.625,3521.125
1,16,4,5,58,60,2,781045.500,786172.375,5126.875
1,17,9,0,108,108,0,885195.562,886729.188,1533.625
1,18,9,1,110,111,1,889372.688,892366.750,2994.062
1,19,9,2,112,113,1,893527.500,897236.000,3708.500
1,21,9,4,116,116,0,901871.188,903434.062,1562.875
1,22,9,5,118,119,1,906025.562,908595.625,2570.062
1,23,15,0,180,180,0,1035171.500,1036827.688,1656.188
1,24,15,1,182,183,1,1039348.062,1042097.500,2749.438
1,25,15,2,184,185,1,1043503.500,1046782.750,3279.250
1,27,15,4,188,188,0,1051835.562,1053026.188,1190.625
1,28,15,5,190,190,0,1056002.688,1058052.562,2049.875
1,29,0,0,192,193,1,1060167.562,1063176.750,3009.188
1,30,0,1,194,195,1,1064333.750,1068234.812,3901.062
1,32,0,3,198,198,0,1072672.500,1074238.438,1565.938
1,33,0,4,200,201,1,1076843.125,1079891.875,3048.750
1,34,0,5,202,203,1,1080998.312,1084647.188,3648.875
1,35,3,0,228,228,0,1135155.562,1136818.500,1662.938
1,36,3,1,230,231,1,1139323.188,1142446.812,3123.625
1,37,3,2,232,233,1,1143487.562,1147128.938,3641.375
1,39,3,4,236,236,0,1151831.125,1153345.562,1514.438
1,40,3,5,238,239,1,1155991.125,1158497.875,2506.750
1,41,4,0,240,241,1,1160151.500,1163561.125,3409.625
1,43,4,2,244,244,0,1168483.562,1169752.938,1269.375
1,44,4,3,246,247,1,1172650.125,1175472.375,2822.250
1,45,4,4,248,249,1,1176815.562,1180747.062,3931.500
1,46,4,5,250,252,2,1180981.500,1186090.188,5108.688
1,47,9,0,300,300,0,1285131.562,1286718.625,1587.062
1,48,9,1,302,302,0,1289297.500,1291380.375,2082.875
1,49,9,2,304,305,1,1293464.312,1296618.938,3154.625
1,50,9,3,306,307,1,1297629.625,1301667.062,4037.438
1,52,9,5,310,310,0,1305961.500,1307010.875,1049.375
1,53,15,0,372,372,0,1435107.500,1436691.625,1584.125
1,54,15,1,374,375,1,1439273.500,1442325.938,3052.438
1,55,15,2,376,377,1,1443439.500,1447282.500,3843.000
1,57,15,4,380,380,0,1451782.812,1453242.688,1459.875
1,58,15,5,382,383,1,1455937.562,1458416.125,2478.562
1,59,0,0,384,385,1,1460103.500,1463432.875,3329.375
1,61,0,2,388,388,0,1468435.625,1469807.250,1371.625
1,62,0,3,390,390,0,1472603.312,1474659.562,2056.250
1,63,0,4,392,393,1,1476767.500,1479884.375,3116.875
1,64,0,5,394,395,1,1480935.688,1485043.812,4108.125
1,65,3,0,420,420,0,1535091.500,1536679.812,1588.312
1,66,3,1,422,422,0,1539266.812,1540769.562,1502.750
1,67,3,2,424,424,0,1543423.500,1545428.812,2005.312
1,68,3,3,426,427,1,1547589.500,1550670.375,3080.875
1,69,3,4,428,429,1,1551755.500,1555823.000,4067.500
1,71,4,0,432,432,0,1560088.000,1561985.625,1897.625
1,72,4,1,434,435,1,1564256.250,1567226.438,2970.188
1,73,4,2,436,437,1,1568431.625,1572183.250,3751.625
1,75,4,4,440,440,0,1576751.562,1578319.188,1567.625
1,76,4,5,442,442,0,1580927.062,1582361.188,1434.125
1,77,9,0,492,492,0,1685067.500,1686631.375,1563.875
1,78,9,1,494,495,1,1689234.062,1692256.688,3022.625
1,79,9,2,496,497,1,1693399.562,1696935.812,3536.250
1,81,9,4,500,500,0,1701734.562,1703136.750,1402.188
1,82,9,5,502,503,1,1705897.500,1708274.125,2376.625
1,83,15,0,564,564,0,1835043.500,1836656.375,1612.875
1,84,15,1,566,567,1,1839209.500,1841901.688,2692.188
1,85,15,2,568,569,1,1843375.562,1846384.875,3009.312
1,86,15,3,570,571,1,1847542.938,1851697.812,4154.875
1,88,15,5,574,574,0,1855881.000,1856852.812,971.812
1,89,0,0,576,576,0,1860039.500,1861812.188,1772.688
1,90,0,1,578,579,1,1864205.562,1867261.312,3055.750
1,91,0,2,580,581,1,1868372.188,1872128.750,3756.562
1,93,0,4,584,584,0,1876703.500,1878311.562,1608.062
1,94,0,5,586,586,0,1880880.062,1882338.938,1458.875
1,95,3,0,612,612,0,1935027.500,1936537.375,1509.875
1,96,3,1,614,615,1,1939193.562,1942165.688,2972.125
1,97,3,2,616,617,1,1943359.500,1946835.562,3476.062
1,99,3,4,620,620,0,1951691.562,1953042.500,1350.938
1,100,3,5,622,623,1,1955857.500,1958182.562,2325.062
1,101,4,0,624,625,1,1960023.688,1963201.438,3177.750
1,102,4,1,626,627,1,1964201.625,1967273.812,3072.188
1,103,4,2,628,629,1,1968355.500,1972361.562,4006.062
1,105,4,4,632,632,0,1976687.500,1978170.875,1483.375
1,106,4,5,634,634,0,1980864.875,1982578.312,1713.438
1,107,9,0,684,684,0,2085003.500,2086659.375,1655.875
1,108,9,1,686,686,0,2089169.500,2091119.062,1949.562
1,109,9,2,688,688,0,2093335.562,2095407.125,2071.562
1,110,9,3,690,691,1,2097502.812,2100604.188,3101.375
1,111,9,4,692,693,1,2101667.562,2105485.375,3817.812
1,112,9,5,694,696,2,2105842.562,2111021.562,5179.000
1,113,15,0,756,756,0,2234979.562,2236514.312,1534.750
1,114,15,1,758,759,1,2239145.562,2242148.625,3003.062
1,115,15,2,760,761,1,2243311.625,2246849.000,3537.375
1,117,15,4,764,764,0,2251643.500,2253077.312,1433.812
1,118,15,5,766,767,1,2255809.500,2258238.500,2429.000
1,119,0,0,768,769,1,2259975.500,2263243.312,3267.812
1,120,0,1,770,771,1,2264141.812,2268301.062,4159.250
1,122,0,3,774,774,0,2272477.062,2273882.438,1405.375
1,123,0,4,776,776,0,2276639.500,2278537.188,1897.688
1,124,0,5,778,779,1,2280805.500,2283672.750,2867.250
1,125,3,0,804,804,0,2334963.562,2336498.812,1535.250
1,126,3,1,806,806,0,2339129.500,2340973.750,1844.250
1,127,3,2,808,809,1,2343295.500,2346405.125,3109.625
1,128,3,3,810,811,1,2347461.500,2350464.875,3003.375
1,129,3,4,812,813,1,2351627.500,2355349.062,3721.562
1,131,4,0,816,816,0,2359959.500,2361804.625,1845.125
1,132,4,1,818,819,1,2364125.562,2367259.750,3134.188
1,133,4,2,820,821,1,2368292.562,2371717.562,3425.000
1,135,4,4,824,824,0,2376623.562,2377927.500,1303.938
1,136,4,5,826,827,1,2380789.562,2383069.062,2279.500
1,137,9,0,876,876,0,2484939.500,2486522.500,1583.000
1,138,9,1,878,879,1,2489105.625,2492147.812,3042.188
1,139,9,2,880,881,1,2493271.562,2496612.625,3341.062
1,141,9,4,884,884,0,2501603.500,2502991.125,1387.625
1,142,9,5,886,887,1,2505769.500,2508140.438,2370.938
1,143,15,0,948,948,0,2634915.500,2636496.562,1581.062
1,144,15,1,950,951,1,2639081.625,2641818.875,2737.250
1,145,15,2,952,953,1,2643247.625,2647098.375,3850.750
1,147,15,4,956,956,0,2651579.562,2653136.875,1557.312
1,148,15,5,958,959,1,2655747.875,2658485.000,2737.125
1,149,0,0,960,961,1,2659911.500,2663492.375,3580.875
1,151,0,2,964,964,0,2668243.500,2669674.062,1430.562
1,152,0,3,966,967,1,2672409.500,2675315.250,2905.750
1,153,0,4,968,969,1,2676578.438,2679992.875,3414.438
1,154,0,5,970,972,2,2680742.688,2685715.875,4973.188
1,155,3,0,996,996,0,2734899.500,2736566.312,1666.812
1,156,3,1,998,999,1,2739071.062,2742004.812,2933.750
1,157,3,2,1000,1001,1,2743231.562,2746484.875,3253.312
1,159,3,4,1004,1004,0,2751563.500,2752923.125,1359.625
1,160,3,5,1006,1006,0,2755729.500,2757753.688,2024.188
1,161,4,0,1008,1009,1,2759895.562,2762892.250,2996.688
1,162,4,1,1010,1011,1,2764061.500,2768195.188,4133.688
1,164,4,3,1014,1014,0,2772393.500,2773959.375,1565.875
1,165,4,4,1016,1016,0,2776560.438,2778247.188,1686.750
1,166,4,5,1018,1019,1,2780726.625,2783388.750,2662.125
1,167,9,0,1068,1068,0,2884875.688,2886458.500,1582.812
1,168,9,1,1070,1070,0,2889041.562,2890888.750,1847.188
1,169,9,2,1072,1073,1,2893207.812,2896115.062,2907.250
1,170,9,3,1074,1075,1,2897373.500,2901175.438,3801.938
1,171,9,4,1076,1077,1,2901539.500,2905255.062,3715.562
1,172,9,5,1078,1080,2,2905716.250,2910791.250,5075.000
1,173,15,0,1140,1140,0,3034851.562,3036520.812,1669.250
1,174,15,1,1142,1143,1,3039017.500,3041965.312,2947.812
1,175,15,2,1144,1145,1,3043183.562,3046653.438,3469.875
1,177,15,4,1148,1148,0,3051515.562,3052872.375,1356.812
1,178,15,5,1150,1151,1,3055691.875,3058055.188,2363.312
1,179,0,0,1152,1153,1,3059847.500,3063150.562,3303.062
1,180,0,1,1154,1155,1,3064019.812,3068141.938,4122.125
1,182,0,3,1158,1158,0,3072345.562,3073748.125,1402.562
1,183,0,4,1160,1160,0,3076511.562,3078402.875,1891.312
1,184,0,5,1162,1163,1,3080677.812,3083567.688,2889.875
1,185,3,0,1188,1188,0,3134835.750,3136340.688,1504.938
1,186,3,1,1190,1190,0,3139001.500,3140763.000,1761.500
1,187,3,2,1192,1193,1,3143171.125,3146206.625,3035.500
1,188,3,3,1194,1195,1,3147335.312,3151080.188,3744.875
1,190,3,5,1198,1198,0,3155666.188,3156632.062,965.875
1,191,4,0,1200,1200,0,3159843.188,3161606.125,1762.938
1,192,4,1,1202,1203,1,3163997.625,3166862.062,2864.438
1,193,4,2,1204,1205,1,3168163.500,3171530.562,3367.062
1,195,4,4,1208,1208,0,3176507.750,3177752.750,1245.000
1,196,4,5,1210,1211,1,3180661.812,3182906.562,2244.750
1,197,9,0,1260,1260,0,3284811.562,3286376.312,1564.750
1,198,9,1,1262,1262,0,3288977.500,3290438.562,1461.062
1,199,9,2,1264,1265,1,3293143.500,3296084.125,2940.625
1,200,9,3,1266,1267,1,3297319.938,3300495.062,3175.125
1,201,9,4,1268,1269,1,3301475.562,3305566.062,4090.500
1,202,9,5,1270,1272,2,3305641.500,3310698.125,5056.625
1,203,15,0,1332,1332,0,3434787.500,3436342.812,1555.312
1,204,15,1,1334,1334,0,3438953.500,3440794.312,1840.812
1,205,15,2,1336,1337,1,3443119.688,3446041.875,2922.188
1,206,15,3,1338,1339,1,3447285.562,3451123.500,3837.938
1,208,15,5,1342,1342,0,3455617.500,3456711.875,1094.375
1,209,0,0,1344,1344,0,3459783.500,3461659.312,1875.812
1,210,0,1,1346,1347,1,3463949.938,3466894.125,2944.188
1,211,0,2,1348,1349,1,3468115.625,3471559.500,3443.875
1,213,0,4,1352,1352,0,3476448.000,3477745.188,1297.188
1,214,0,5,1354,1355,1,3480615.812,3482880.750,2264.938
1,215,3,0,1380,1380,0,3534771.500,3536307.062,1535.562
1,216,3,1,1382,1383,1,3538937.562,3541748.438,2810.875
1,217,3,2,1384,1385,1,3543103.500,3545831.062,2727.562
1,218,3,3,1386,1387,1,3547279.938,3550297.625,3017.688
1,219,3,4,1388,1389,1,3551435.562,3555561.438,4125.875
1,221,4,0,1392,1392,0,3559767.500,3561612.875,1845.375
1,222,4,1,1394,1395,1,3563935.188,3567055.750,3120.562
1,223,4,2,1396,1397,1,3568111.688,3571953.688,3842.000
1,225,4,4,1400,1400,0,3576431.562,3577958.688,1527.125
1,226,4,5,1402,1403,1,3580606.188,3583124.750,2518.562
1,227,9,0,1452,1452,0,3684747.562,3686334.938,1587.375
1,228,9,1,1454,1455,1,3688913.500,3691934.500,3021.000
1,229,9,2,1456,1457,1,3693079.500,3696764.312,3684.812
1,231,9,4,1460,1460,0,3701411.688,3702923.250,1511.562
1,232,9,5,1462,1463,1,3705580.062,3708232.125,2652.062
1,233,15,0,1524,1524,0,3834726.625,3836332.875,1606.250
1,234,15,1,1526,1527,1,3838889.875,3841754.812,2864.938
1,235,15,2,1528,1529,1,3843055.562,3846424.062,3368.500
1,237,15,4,1532,1532,0,3851387.562,3852606.375,1218.812
1,238,15,5,1534,1534,0,3855554.875,3857591.375,2036.500
1,239,0,0,1536,1537,1,3859719.500,3862715.438,2995.938
1,240,0,1,1538,1539,1,3863885.562,3867971.562,4086.000
1,242,0,3,1542,1542,0,3872217.500,3873698.562,1481.062
1,243,0,4,1544,1545,1,3876383.562,3879489.312,3105.750
1,244,0,5,1546,1547,1,3880549.562,3884201.312,3651.750
1,245,3,0,1572,1572,0,3934707.500,3936216.750,1509.250
1,246,3,1,1574,1575,1,3938876.375,3941819.312,2942.938
1,247,3,2,1576,1577,1,3943039.562,3946652.125,3612.562
1,249,3,4,1580,1580,0,3951371.500,3952829.312,1457.812
1,250,3,5,1582,1583,1,3955543.750,3958141.188,2597.438
1,251,4,0,1584,1585,1,3959703.562,3963124.938,3421.375
1,253,4,2,1588,1588,0,3968035.500,3969306.062,1270.562
1,254,4,3,1590,1591,1,3972201.562,3974914.125,2712.562
1,255,4,4,1592,1593,1,3976367.500,3979351.188,2983.688
1,256,4,5,1594,1595,1,3980534.562,3984470.750,3936.188
1,257,9,0,1644,1644,0,4084683.500,4086273.625,1590.125
1,258,9,1,1646,1647,1,4088849.688,4091686.250,2836.562
1,259,9,2,1648,1649,1,4093015.500,4096113.188,3097.688
1,260,9,3,1650,1651,1,4097181.500,4100336.250,3154.750
1,261,9,4,1652,1653,1,4101348.250,4105367.000,4018.750
1,262,9,5,1654,1656,2,4105516.438,4110670.875,5154.438
1,263,15,0,1716,1716,0,4234659.500,4236195.938,1536.438
1,264,15,1,1718,1719,1,4238835.938,4241829.000,2993.062
1,265,15,2,1720,1721,1,4242991.562,4246692.312,3700.750
1,267,15,4,1724,1724,0,4251323.562,4252881.500,1557.938
1,268,15,5,1726,1727,1,4255492.375,4257998.438,2506.062
1,269,0,0,1728,1729,1,4259655.688,4263210.250,3554.562
1,271,0,2,1732,1732,0,4267987.562,4269337.875,1350.312
1,272,0,3,1734,1735,1,4272153.812,4274939.938,2786.125
1,273,0,4,1736,1737,1,4276319.500,4279636.688,3317.188
1,274,0,5,1738,1740,2,4280489.938,4285305.188,4815.250
1,275,3,0,1764,1764,0,4334643.500,4336228.750,1585.250
1,276,3,1,1766,1766,0,4338809.562,4340881.125,2071.562
1,277,3,2,1768,1769,1,4342975.562,4346085.812,3110.250
1,278,3,3,1770,1771,1,4347141.500,4351133.438,3991.938
1,279,3,4,1772,1773,1,4351312.125,4355193.688,3881.562
1,281,4,0,1776,1776,0,4359639.500,4361404.688,1765.188
1,282,4,1,1778,1779,1,4363805.688,4366809.562,3003.875
1,283,4,2,1780,1781,1,4367971.500,4371656.125,3684.625
1,285,4,4,1784,1784,0,4376303.500,4377836.312,1532.812
1,286,4,5,1786,1787,1,4380469.500,4382950.500,2481.000
1,287,9,0,1836,1836,0,4484619.500,4486151.500,1532.000
1,288,9,1,1838,1839,1,4488786.438,4491751.062,2964.625
1,289,9,2,1840,1841,1,4492951.625,4496580.875,3629.250
1,291,9,4,1844,1844,0,4501283.562,4502739.812,1456.250
1,292,9,5,1846,1847,1,4505454.188,4508057.312,2603.125
1,293,15,0,1908,1908,0,4634595.562,4636111.062,1515.500
1,294,15,1,1910,1911,1,4638762.938,4641544.938,2782.000
1,295,15,2,1912,1913,1,4642927.562,4645992.375,3064.812
1,296,15,3,1914,1915,1,4647093.500,4651234.688,4141.188
1,297,15,4,1916,1917,1,4651259.500,4655300.938,4041.438
1,299,0,0,1920,1920,0,4659591.562,4661515.812,1924.250
1,300,0,1,1922,1923,1,4663761.688,4666726.000,2964.312
1,301,0,2,1924,1925,1,4667923.500,4671763.875,3840.375
1,303,0,4,1928,1928,0,4676255.500,4677710.250,1454.750
1,304,0,5,1930,1931,1,4680421.500,4683005.375,2583.875
1,305,3,0,1956,1956,0,4734579.500,4736245.562,1666.062
1,306,3,1,1958,1958,0,4738749.688,4740289.562,1539.875
1,307,3,2,1960,1961,1,4742911.500,4745896.125,2984.625
1,308,3,3,1962,1963,1,4747085.938,4750541.875,3455.938
1,310,3,5,1966,1966,0,4755409.938,4756270.688,860.750
1,311,4,0,1968,1968,0,4759575.500,4761349.438,1773.938
1,312,4,1,1970,1970,0,4763741.625,4765816.375,2074.750
1,313,4,2,1972,1973,1,4767907.500,4771022.562,3115.062
1,314,4,3,1974,1975,1,4772073.750,4776059.438,3985.688
1,315,4,4,1976,1977,1,4776239.562,4780108.938,3869.375
1,316,4,5,1978,1980,2,4780409.500,4785434.062,5024.562
1,317,9,0,2028,2028,0,4884555.500,4886143.750,1588.250
1,318,9,1,2030,2030,0,4888721.625,4890780.875,2059.250
1,319,9,2,2032,2033,1,4892887.562,4896007.062,3119.500
1,320,9,3,2034,2035,1,4897053.562,4901014.938,3961.375
1,322,9,5,2038,2038,0,4905388.000,4906535.062,1147.062
1,323,15,0,2100,2100,0,5034531.500,5036119.500,1588.000
1,324,15,1,2102,2103,1,5038707.875,5041752.562,3044.688
1,325,15,2,2104,2105,1,5042863.938,5046414.938,3551.000
1,327,15,4,2108,2108,0,5051195.500,5052863.938,1668.438
1,328,15,5,2110,2111,1,5055365.312,5057942.875,2577.562
1,329,0,0,2112,2113,1,5059527.500,5062924.500,3397.000
1,331,0,2,2116,2116,0,5067859.500,5069060.188,1200.688
1,332,0,3,2118,2118,0,5072031.125,5074087.688,2056.562
1,333,0,4,2120,2121,1,5076191.562,5079300.438,3108.875
1,334,0,5,2122,2123,1,5080362.875,5084414.000,4051.125
1,335,3,0,2148,2148,0,5134515.562,5136030.938,1515.375
1,336,3,1,2150,2150,0,5138682.812,5140683.312,2000.500
1,337,3,2,2152,2153,1,5142847.500,5145900.250,3052.750
1,338,3,3,2154,2155,1,5147013.500,5150935.625,3922.125
1,340,3,5,2158,2158,0,5155350.062,5156449.500,1099.438
1,341,4,0,2160,2160,0,5159511.500,5161383.000,1871.500
1,342,4,1,2162,2162,0,5163687.062,5165266.062,1579.000
1,343,4,2,2164,2165,1,5167843.500,5170874.125,3030.625
1,344,4,3,2166,2167,1,5172012.250,5175521.375,3509.125
1,346,4,5,2170,2170,0,5180341.500,5181253.188,911.688
1,347,9,0,2220,2220,0,5284491.500,5286056.750,1565.250
1,348,9,1,2222,2223,1,5288669.188,5291680.812,3011.625
1,349,9,2,2224,2225,1,5292823.500,5295964.438,3140.938
1,351,9,4,2228,2228,0,5301155.562,5302531.125,1375.562
1,352,9,5,2230,2231,1,5305321.562,5307640.812,2319.250
1,353,15,0,2292,2292,0,5434467.562,5435980.312,1512.750
1,354,15,1,2294,2294,0,5438645.625,5440650.938,2005.312
1,355,15,2,2296,2297,1,5442799.500,5445886.125,3086.625
1,356,15,3,2298,2299,1,5446965.500,5450927.500,3962.000
1,358,15,5,2302,2302,0,5455297.500,5456289.188,991.688
1,359,0,0,2304,2304,0,5459463.500,5461409.250,1945.750
1,360,0,1,2306,2306,0,5463629.688,5465261.812,1632.125
1,361,0,2,2308,2309,1,5467795.562,5470851.625,3056.062
1,362,0,3,2310,2311,1,5471963.062,5475480.625,3517.562
1,364,0,5,2314,2314,0,5480298.438,5481414.125,1115.688
1,365,3,0,2340,2340,0,5534451.500,5536113.875,1662.375
1,366,3,1,2342,2343,1,5538617.562,5541800.938,3183.375
1,368,3,3,2346,2346,0,5546949.500,5548378.688,1429.188
1,369,3,4,2348,2349,1,5551115.500,5553237.875,2122.375
1,370,3,5,2350,2351,1,5555281.500,5558324.062,3042.562
1,371,4,0,2352,2353,1,5559447.688,5563496.500,4048.812
1,373,4,2,2356,2356,0,5567780.188,5569267.812,1487.625
1,374,4,3,2358,2358,0,5571945.500,5573737.000,1791.500
1,375,4,4,2360,2361,1,5576111.812,5579144.125,3032.312
1,376,4,5,2362,2363,1,5580277.625,5584075.000,3797.375
1,377,9,0,2412,2412,0,5684427.500,5686043.938,1616.438
1,378,9,1,2414,2414,0,5688593.625,5690468.625,1875.000
1,379,9,2,2416,2417,1,5692759.500,5695883.500,3124.000
1,380,9,3,2418,2419,1,5696925.562,5700702.688,3777.125
1,382,9,5,2422,2422,0,5705257.500,5706222.812,965.312
1,383,15,0,2484,2484,0,5834403.500,5836085.688,1682.188
1,384,15,1,2486,2487,1,5838570.000,5841694.250,3124.250
1,385,15,2,2488,2489,1,5842735.500,5846119.688,3384.188
1,386,15,3,2490,2491,1,5846912.438,5850187.562,3275.125
1,388,15,5,2494,2494,0,5855234.062,5856147.438,913.375
1,389,0,0,2496,2496,0,5859399.562,5861454.438,2054.875
1,390,0,1,2498,2499,1,5863565.500,5866676.875,3111.375
1,391,0,2,2500,2501,1,5867732.812,5871706.125,3973.312
1,393,0,4,2504,2504,0,5876063.750,5877466.562,1402.812
1,394,0,5,2506,2506,0,5880229.625,5882053.188,1823.562
1,395,3,0,2532,2532,0,5934387.500,5935894.125,1506.625
1,396,3,1,2534,2534,0,5938553.938,5940327.438,1773.500
1,397,3,2,2536,2537,1,5942719.500,5945733.062,3013.562
1,398,3,3,2538,2539,1,5946885.688,5950579.750,3694.062
1,400,3,5,2542,2542,0,5955222.125,5956294.562,1072.438
1,401,4,0,2544,2544,0,5959383.500,5961228.062,1844.562
1,402,4,1,2546,2547,1,5963558.562,5966470.500,2911.938
1,403,4,2,2548,2549,1,5967718.562,5971114.375,3395.812
1,404,4,3,2550,2551,1,5971881.500,5975165.500,3284.000
1,406,4,5,2554,2554,0,5980216.000,5981104.125,888.125
1,407,9,0,2604,2604,0,6084363.500,6086000.625,1637.125
1,408,9,1,2606,2607,1,6088529.688,6091635.312,3105.625
1,410,9,3,2610,2610,0,6096861.500,6098208.500,1347.000
1,411,9,4,2612,2613,1,6101027.500,6103800.125,2772.625
1,412,9,5,2614,2615,1,6105193.562,6108322.875,3129.312
1,413,15,0,2676,2676,0,6234340.125,6235955.875,1615.750
1,414,15,1,2678,2678,0,6238506.438,6240383.875,1877.438
1,415,15,2,2680,2681,1,6242671.562,6245606.812,2935.250
1,416,15,3,2682,2683,1,6246839.188,6250660.438,3821.250
1,418,15,5,2686,2686,0,6255169.500,6256210.812,1041.312
1,419,0,0,2688,2688,0,6259335.500,6261129.938,1794.438
1,420,0,1,2690,2691,1,6263509.812,6266553.312,3043.500
1,421,0,2,2692,2693,1,6267667.562,6271205.188,3537.625
1,422,0,3,2694,2695,1,6271844.938,6275250.312,3405.375
1,424,0,5,2698,2698,0,6280165.500,6280970.125,804.625
1,425,3,0,2724,2724,0,6334323.500,6335979.125,1655.625
1,426,3,1,2726,2727,1,6338489.625,6341382.500,2892.875
1,427,3,2,2728,2729,1,6342655.500,6345818.062,3162.562
1,429,3,4,2732,2732,0,6350987.500,6352185.688,1198.188
1,430,3,5,2734,2734,0,6355164.562,6357189.188,2024.625
1,431,4,0,2736,2736,0,6359319.562,6361337.875,2018.312
1,432,4,1,2738,2739,1,6363497.750,6366566.312,3068.562
1,433,4,2,2740,2741,1,6367651.500,6371671.562,4020.062
1,435,4,4,2744,2744,0,6375983.562,6377392.125,1408.562
1,436,4,5,2746,2747,1,6380149.562,6382705.500,2555.938
1,437,9,0,2796,2796,0,6484299.625,6485905.688,1606.062
1,438,9,1,2798,2798,0,6488465.500,6490336.312,1870.812
1,439,9,2,2800,2801,1,6492631.562,6495751.188,3119.625
1,440,9,3,2802,2803,1,6496797.688,6500570.375,3772.688
1,442,9,5,2806,2806,0,6505130.938,6506279.188,1148.250
1,443,15,0,2868,2868,0,6634276.312,6635840.625,1564.312
1,444,15,1,2870,2871,1,6638446.750,6641461.438,3014.688
1,445,15,2,2872,2873,1,6642607.500,6645893.438,3285.938
1,447,15,4,2876,2876,0,6650939.500,6652285.312,1345.812
1,448,15,5,2878,2879,1,6655105.875,6657510.625,2404.750
1,449,0,0,2880,2881,1,6659271.500,6662461.812,3190.312
1,450,0,1,2882,2883,1,6663437.688,6667441.625,4003.938
1,452,0,3,2886,2886,0,6671774.000,6673200.438,1426.438
1,453,0,4,2888,2888,0,6675935.500,6677599.062,1663.562
1,454,0,5,2890,2891,1,6680102.312,6682705.500,2603.188
1,455,3,0,2916,2916,0,6734259.500,6735864.312,1604.812
1,456,3,1,2918,2919,1,6738425.500,6741454.625,3029.125
1,457,3,2,2920,2921,1,6742591.688,6745703.562,3111.875
1,458,3,3,2922,2923,1,6746757.562,6750349.312,3591.750
1,460,3,5,2926,2926,0,6755089.500,6756100.875,1011.375
1,461,4,0,2928,2928,0,6759255.500,6761022.125,1766.625
1,462,4,1,2930,2931,1,6763423.188,6766240.062,2816.875
1,463,4,2,2932,2933,1,6767587.500,6770883.938,3296.438
1,465,4,4,2936,2936,0,6775919.500,6775948.312,28.812
1,466,4,5,2938,2938,0,6780088.625,6781060.312,971.688
1,467,9,0,2988,2988,0,6884235.562,6885746.312,1510.750
1,468,9,1,2990,2991,1,6888401.500,6891430.375,3028.875
1,470,9,3,2994,2994,0,6896733.500,6898003.562,1270.062
1,471,9,4,2996,2997,1,6900899.500,6903607.125,2707.625
1,472,9,5,2998,2999,1,6905065.500,6908117.625,3052.125
1,473,15,0,3060,3060,0,7034212.062,7035876.188,1664.125
1,474,15,1,3062,3063,1,7038380.812,7041485.062,3104.250
1,475,15,2,3064,3065,1,7042543.500,7046336.125,3792.625
1,477,15,4,3068,3068,0,7050875.562,7052336.625,1461.062
1,478,15,5,3070,3071,1,7055044.250,7057654.500,2610.250
1,479,0,0,3072,3073,1,7059207.500,7062648.375,3440.875
1,481,0,2,3076,3076,0,7067539.500,7068991.875,1452.375
1,482,0,3,3078,3079,1,7071706.250,7074595.688,2889.438
1,483,0,4,3080,3081,1,7075871.562,7079021.125,3149.562
1,484,0,5,3082,3083,1,7080046.688,7084152.875,4106.188
1,485,3,0,3108,3108,0,7134195.500,7135830.938,1635.438
1,486,3,1,3110,3111,1,7138361.500,7141045.625,2684.125
1,487,3,2,3112,3113,1,7142527.562,7145688.000,3160.438
1,488,3,3,3114,3115,1,7146695.688,7150723.375,4027.688
1,490,3,5,3118,3118,0,7155025.562,7156048.562,1023.000
1,491,4,0,3120,3120,0,7159192.125,7160982.062,1789.938
1,492,4,1,3122,3123,1,7163359.812,7166386.938,3027.125
1,493,4,2,3124,3125,1,7167523.500,7170637.375,3113.875
1,494,4,3,3126,3127,1,7171696.875,7175284.625,3587.750
1,496,4,5,3130,3130,0,7180021.500,7181014.688,993.188
1,497,9,0,3180,3180,0,7284171.562,7285760.812,1589.250
1,498,9,1,3182,3183,1,7288342.375,7291360.375,3018.000
1,499,9,2,3184,3185,1,7292503.625,7296190.188,3686.562
1,500,9,3,3186,3187,1,7296673.125,7300236.812,3563.688
1,502,9,5,3190,3190,0,7305001.500,7306223.562,1222.062
1,503,15,0,3252,3252,0,7434147.562,7435725.562,1578.000
1,504,15,1,3254,3255,1,7438313.500,7441147.188,2833.688
1,505,15,2,3256,3257,1,7442483.438,7445619.125,3135.688
1,507,15,4,3260,3260,0,7450811.500,7452011.000,1199.500
1,508,15,5,3262,3262,0,7454981.938,7457008.250,2026.312
1,509,0,0,3264,3265,1,7459143.562,7462120.062,2976.500
1,510,0,1,3266,3267,1,7463316.438,7467137.562,3821.125
1,511,0,2,3268,3269,1,7467475.500,7471419.688,3944.188
1,513,0,4,3272,3272,0,7475807.625,7477324.750,1517.125
1,514,0,5,3274,3275,1,7479973.625,7482632.125,2658.500
1,515,3,0,3300,3300,0,7534131.562,7535639.438,1507.875
1,516,3,1,3302,3303,1,7538297.938,7541242.000,2944.062
1,517,3,2,3304,3305,1,7542463.562,7546074.812,3611.250
1,519,3,4,3308,3308,0,7550795.500,7552252.000,1456.500
1,520,3,5,3310,3310,0,7554962.188,7556259.250,1297.062
1,521,4,0,3312,3313,1,7559127.562,7561965.500,2837.938
1,522,4,1,3314,3315,1,7563304.188,7566681.000,3376.812
1,524,4,3,3318,3318,0,7571627.000,7572802.438,1175.438
1,525,4,4,3320,3320,0,7575791.562,7577837.562,2046.000
1,526,4,5,3322,3323,1,7579961.438,7582950.000,2988.562
1,527,9,0,3372,3372,0,7684107.500,7685608.562,1501.062
1,528,9,1,3374,3375,1,7688273.500,7691008.938,2735.438
1,529,9,2,3376,3377,1,7692439.500,7695726.938,3287.438
1,530,9,3,3378,3379,1,7696605.938,7700668.438,4062.500
1,532,9,5,3382,3382,0,7704937.500,7705987.625,1050.125
1,533,15,0,3444,3444,0,7834083.500,7835753.000,1669.500
1,534,15,1,3446,3447,1,7838256.812,7841373.812,3117.000
1,535,15,2,3448,3449,1,7842415.562,7846048.438,3632.875
1,537,15,4,3452,3452,0,7850747.500,7852237.938,1490.438
1,538,15,5,3454,3455,1,7854913.562,7857634.438,2720.875
1,539,0,0,3456,3457,1,7859079.500,7862599.625,3520.125
1,541,0,2,3460,3460,0,7867411.500,7868706.250,1294.750
1,542,0,3,3462,3463,1,7871577.500,7874296.062,2718.562
1,543,0,4,3464,3465,1,7875743.562,7878983.875,3240.312
1,544,0,5,3466,3467,1,7879915.938,7884056.125,4140.188
1,545,3,0,3492,3492,0,7934067.562,7935575.188,1507.625
1,546,3,1,3494,3494,0,7938245.438,7939832.375,1586.938
1,547,3,2,3496,3497,1,7942399.500,7945147.812,2748.312
1,548,3,3,3498,3499,1,7946565.500,7950571.062,4005.562
1,550,3,5,3502,3502,0,7954897.625,7955896.250,998.625
1,551,4,0,3504,3504,0,7959063.500,7960939.812,1876.312
1,552,4,1,3506,3507,1,7963232.688,7966168.250,2935.562
1,553,4,2,3508,3509,1,7967395.500,7971002.562,3607.062
1,555,4,4,3512,3512,0,7975727.562,7977182.750,1455.188
1,556,4,5,3514,3514,0,7979904.750,7981179.250,1274.500
1,557,9,0,3564,3564,0,8084043.500,8085660.500,1617.000
1,558,9,1,3566,3567,1,8088209.500,8091260.062,3050.562
1,559,9,2,3568,3569,1,8092375.500,8095901.188,3525.688
1,561,9,4,3572,3572,0,8100710.562,8102269.688,1559.125
1,562,9,5,3574,3575,1,8104873.500,8107356.750,2483.250
1,563,15,0,3636,3636,0,8234019.500,8235650.375,1630.875
1,564,15,1,3638,3638,0,8238185.625,8239700.375,1514.750
1,565,15,2,3640,3640,0,8242352.312,8244352.125,1999.812
1,566,15,3,3642,3643,1,8246520.875,8249587.312,3066.438
1,567,15,4,3644,3645,1,8250683.500,8254627.062,3943.562
1,569,0,0,3648,3648,0,8259015.500,8260841.938,1826.438
1,570,0,1,3650,3651,1,8263181.500,8266265.312,3083.812
1,571,0,2,3652,3653,1,8267350.500,8271126.750,3776.250
1,573,0,4,3656,3656,0,8275679.500,8277261.812,1582.312
1,574,0,5,3658,3658,0,8279846.562,8281252.312,1405.750
1,575,3,0,3684,3684,0,8334003.500,8335608.750,1605.250
1,576,3,1,3686,3687,1,8338172.625,8341199.062,3026.438
1,577,3,2,3688,3689,1,8342335.500,8345843.188,3507.688
1,579,3,4,3692,3692,0,8350667.500,8352022.125,1354.625
1,580,3,5,3694,3695,1,8354833.500,8357133.062,2299.562
1,581,4,0,3696,3697,1,8358999.500,8362115.062,3115.562
1,582,4,1,3698,3699,1,8363165.625,8366444.625,3279.000
1,583,4,2,3700,3701,1,8367331.625,8371401.250,4069.625
1,585,4,4,3704,3704,0,8375663.500,8377173.688,1510.188
1,586,4,5,3706,3706,0,8379834.250,8381525.000,1690.750
1,587,9,0,3756,3756,0,8483979.500,8485621.500,1642.000
1,588,9,1,3758,3759,1,8488145.500,8490929.938,2784.438
1,589,9,2,3760,3761,1,8492311.500,8495350.562,3039.062
1,590,9,3,3762,3763,1,8496480.562,8500382.938,3902.375
1,592,9,5,3766,3766,0,8504819.688,8505915.312,1095.625
1,593,15,0,3828,3828,0,8633955.500,8635640.938,1685.438
1,594,15,1,3830,3831,1,8638121.625,8641060.812,2939.188
1,595,15,2,3832,3833,1,8642287.500,8645970.750,3683.250
1,597,15,4,3836,3836,0,8650619.500,8652101.062,1481.562
1,598,15,5,3838,3839,1,8654785.500,8657219.750,2434.250
1,599,0,0,3840,3841,1,8658951.500,8662224.125,3272.625
1,600,0,1,3842,3843,1,8663117.562,8666243.625,3126.062
1,602,0,3,3846,3846,0,8671452.938,8672600.625,1147.688
1,603,0,4,3848,3848,0,8675615.562,8677617.500,2001.938
1,604,0,5,3850,3851,1,8679781.750,8682723.938,2942.188
1,605,3,0,3876,3876,0,8733939.562,8735550.562,1611.000
1,606,3,1,3878,3878,0,8738117.312,8739966.375,1849.062
1,607,3,2,3880,3881,1,8742271.500,8745195.562,2924.062
1,608,3,3,3882,3883,1,8746439.812,8749433.875,2994.062
1,609,3,4,3884,3885,1,8750604.000,8754278.938,3674.938
1,611,4,0,3888,3888,0,8758936.688,8760726.500,1789.812
1,612,4,1,3890,3891,1,8763101.625,8766131.375,3029.750
1,613,4,2,3892,3893,1,8767267.500,8770789.250,3521.750
1,615,4,4,3896,3896,0,8775599.500,8776958.938,1359.438
1,616,4,5,3898,3899,1,8779765.500,8782071.375,2305.875
1,617,9,0,3948,3948,0,8883915.500,8885471.688,1556.188
1,618,9,1,3950,3951,1,8888081.562,8891059.000,2977.438
1,619,9,2,3952,3953,1,8892247.500,8895712.375,3464.875
1,621,9,4,3956,3956,0,8900579.500,8901860.812,1281.312
1,622,9,5,3958,3959,1,8904745.500,8907248.312,2502.812
1,623,15,0,4020,4020,0,9033891.500,9035454.125,1562.625
1,624,15,1,4022,4022,0,9038057.562,9040112.500,2054.938
1,625,15,2,4024,4025,1,9042223.500,9045335.438,3111.938
1,626,15,3,4026,4027,1,9046391.562,9049391.062,2999.500
1,627,15,4,4028,4029,1,9050555.625,9054443.062,3887.438
1,629,0,0,4032,4032,0,9058887.625,9060657.938,1770.312
1,630,0,1,4034,4035,1,9063053.562,9066056.812,3003.250
1,631,0,2,4036,4037,1,9067219.500,9070696.438,3476.938
1,633,0,4,4040,4040,0,9075551.750,9077041.062,1489.312
1,634,0,5,4042,4043,1,9079718.688,9082149.250,2430.562
1,635,3,0,4068,4068,0,9133875.500,9135403.250,1527.750
1,636,3,1,4070,4071,1,9138050.812,9141005.812,2955.000
1,637,3,2,4072,4073,1,9142207.500,9145443.125,3235.625
1,639,3,4,4076,4076,0,9150545.250,9151823.000,1277.750
1,640,3,5,4078,4079,1,9154705.500,9156946.188,2240.688
1,641,4,0,4080,4081,1,9158871.562,9161940.438,3068.875
1,642,4,1,4082,4083,1,9163038.188,9166963.938,3925.750
1,644,4,3,4086,4086,0,9171369.500,9172953.812,1584.312
1,645,4,4,4088,4088,0,9175535.562,9177199.500,1663.938
1,646,4,5,4090,4091,1,9179706.188,9182311.938,2605.750
1,647,9,0,4140,4140,0,9283851.562,9285464.312,1612.750
1,648,9,1,4142,4142,0,9288017.500,9289860.125,1842.625
1,649,9,2,4144,4145,1,9292183.500,9295262.750,3079.250
1,650,9,3,4146,4147,1,9296352.688,9300094.188,3741.500
1,651,9,4,4148,4149,1,9300515.500,9304126.938,3611.438
1,652,9,5,4150,4152,2,9304686.375,9309832.688,5146.312
1,653,15,0,4212,4212,0,9433827.500,9435465.000,1637.500
1,654,15,1,4214,4215,1,9437994.625,9441141.625,3147.000
1,656,15,3,4218,4218,0,9446325.562,9447731.062,1405.500
1,657,15,4,4220,4221,1,9450491.562,9453345.375,2853.812
1,658,15,5,4222,4223,1,9454657.688,9457889.375,3231.688
1,659,0,0,4224,4225,1,9458823.812,9462871.000,4047.188
1,661,0,2,4228,4228,0,9467155.562,9468630.312,1474.750
1,662,0,3,4230,4230,0,9471321.500,9473270.250,1948.750
1,663,0,4,4232,4233,1,9475487.500,9478470.438,2982.938
1,664,0,5,4234,4235,1,9479653.500,9483395.312,3741.812
1,665,3,0,4260,4260,0,9533811.500,9535451.938,1640.438
1,666,3,1,4262,4263,1,9537977.500,9541054.500,3077.000
1,667,3,2,4264,4265,1,9542143.500,9545911.812,3768.312
1,669,3,4,4268,4268,0,9550475.500,9552064.500,1589.000
1,670,3,5,4270,4271,1,9554643.500,9557175.438,2531.938
1,671,4,0,4272,4273,1,9558807.500,9561764.000,2956.500
1,672,4,1,4274,4275,1,9562973.500,9566410.125,3436.625
1,674,4,3,4278,4278,0,9571305.562,9572602.688,1297.125
1,675,4,4,4280,4281,1,9575471.562,9578210.750,2739.188
1,676,4,5,4282,4283,1,9579637.500,9582738.000,3100.500
1,677,9,0,4332,4332,0,9683787.500,9685402.688,1615.188
1,678,9,1,4334,4334,0,9687953.500,9689455.938,1502.438
1,679,9,2,4336,4337,1,9692122.438,9695148.750,3026.312
1,681,9,4,4340,4340,0,9700458.688,9701711.312,1252.625
1,682,9,5,4342,4342,0,9704621.062,9706699.562,2078.500
1,683,15,0,4404,4404,0,9833763.500,9835403.125,1639.625
1,684,15,1,4406,4407,1,9837929.562,9841011.688,3082.125
1,685,15,2,4408,4409,1,9842095.500,9845875.000,3779.500
1,687,15,4,4412,4412,0,9850427.562,9851863.250,1435.688
1,688,15,5,4414,4415,1,9854603.562,9857205.938,2602.375
1,689,0,0,4416,4417,1,9858759.500,9862388.500,3629.000
1,691,0,2,4420,4420,0,9867091.500,9868555.562,1464.062
1,692,0,3,4422,4423,1,9871258.188,9874171.625,2913.438
1,693,0,4,4424,4425,1,9875423.562,9878847.188,3423.625
1,694,0,5,4426,4428,2,9879592.062,9884536.875,4944.812
1,695,3,0,4452,4452,0,9933747.562,9935285.625,1538.062
1,696,3,1,4454,4455,1,9937913.500,9940701.250,2787.750
1,697,3,2,4456,4457,1,9942079.500,9944213.312,2133.812
1,698,3,3,4458,4459,1,9946245.500,9949393.250,3147.750
1,699,3,4,4460,4461,1,9950411.562,9954427.000,4015.438
1,701,4,0,4464,4464,0,9958743.875,9960638.000,1894.125
1,702,4,1,4466,4467,1,9962909.750,9965854.188,2944.438
1,703,4,2,4468,4469,1,9967075.500,9970889.438,3813.938
1,705,4,4,4472,4472,0,9975407.562,9976868.688,1461.125
1,706,4,5,4474,4475,1,9979573.500,9982182.062,2608.562
1,707,9,0,4524,4524,0,10083723.500,10085384.812,1661.312
1,708,9,1,4526,4527,1,10087890.562,10090972.125,3081.562
1,709,9,2,4528,4529,1,10092055.500,10095814.188,3758.688
1,711,9,4,4532,4532,0,10100387.562,10101973.125,1585.562
1,712,9,5,4534,4535,1,10104564.375,10107105.562,2541.188
1,713,15,0,4596,4596,0,10233702.688,10235238.250,1535.562
1,714,15,1,4598,4599,1,10237865.500,10240943.875,3078.375
1,715,15,2,4600,4601,1,10242031.500,10246196.812,4165.312
1,717,15,4,4604,4604,0,10250363.625,10251789.562,1425.938
1,718,15,5,4606,4606,0,10254531.000,10256558.375,2027.375
1,719,0,0,4608,4609,1,10258695.500,10261657.938,2962.438
1,720,0,1,4610,4611,1,10262864.188,10266917.875,4053.688
1,722,0,3,4614,4614,0,10271193.500,10272653.312,1459.812
1,723,0,4,4616,4617,1,10275359.562,10278444.062,3084.500
1,724,0,5,4618,4619,1,10279525.875,10283168.000,3642.125
1,725,3,0,4644,4644,0,10333683.562,10335269.688,1586.125
1,726,3,1,4646,4647,1,10337851.250,10340872.250,3021.000
1,727,3,2,4648,4649,1,10342015.500,10345705.062,3689.562
1,729,3,4,4652,4652,0,10350347.562,10351882.250,1534.688
1,730,3,5,4654,4655,1,10354518.875,10356993.188,2474.312
1,731,4,0,4656,4657,1,10358679.500,10361976.938,3297.438
1,733,4,2,4660,4660,0,10367011.500,10368358.688,1347.188
1,734,4,3,4662,4662,0,10371177.562,10372607.375,1429.812
1,735,4,4,4664,4665,1,10375343.562,10377480.312,2136.750
1,736,4,5,4666,4667,1,10379521.812,10382568.000,3046.188
1,737,9,0,4716,4716,0,10483659.500,10485194.312,1534.812
1,738,9,1,4718,4719,1,10487825.562,10490594.688,2769.125
1,739,9,2,4720,4721,1,10491991.500,10495254.938,3263.438
1,740,9,3,4722,4723,1,10496157.500,10499280.688,3123.188
1,741,9,4,4724,4725,1,10500328.188,10504323.688,3995.500
1,742,9,5,4726,4728,2,10504491.438,10509627.562,5136.125
1,743,15,0,4788,4788,0,10633635.562,10635220.688,1585.125
1,744,15,1,4790,4791,1,10637802.125,10640829.250,3027.125
1,745,15,2,4792,4793,1,10641967.500,10645692.562,3725.062
1,747,15,4,4796,4796,0,10650299.562,10651881.750,1582.188
1,748,15,5,4798,4799,1,10654466.188,10656998.688,2532.500
1,749,0,0,4800,4801,1,10658631.500,10661980.312,3348.812
1,751,0,2,4804,4804,0,10666963.500,10668338.125,1374.625
1,752,0,3,4806,4807,1,10671129.500,10673940.188,2810.688
1,753,0,4,4808,4809,1,10675295.562,10678359.000,3063.438
1,754,0,5,4810,4811,1,10679461.625,10683472.562,4010.938
1,755,3,0,4836,4836,0,10733619.500,10735150.625,1531.125
1,756,3,1,4838,4839,1,10737785.562,10740631.000,2845.438
1,757,3,2,4840,4841,1,10741951.562,10746064.875,4113.312
1,759,3,4,4844,4844,0,10750283.500,10751657.875,1374.375
1,760,3,5,4846,4846,0,10754450.812,10755464.188,1013.375
1,761,4,0,4848,4848,0,10758615.500,10760515.250,1899.750
1,762,4,1,4850,4851,1,10762791.438,10765755.938,2964.500
1,763,4,2,4852,4853,1,10766947.562,10770602.500,3654.938
1,765,4,4,4856,4856,0,10775279.500,10776782.688,1503.188
1,766,4,5,4858,4859,1,10779445.500,10782133.750,2688.250
1,767,9,0,4908,4908,0,10883595.500,10885260.438,1664.938
1,768,9,1,4910,4911,1,10887764.250,10890860.000,3095.750
1,769,9,2,4912,4913,1,10891927.500,10895501.125,3573.625
1,771,9,4,4916,4916,0,10900259.812,10901869.625,1609.812
1,772,9,5,4918,4919,1,10904425.938,10906956.688,2530.750
1,773,15,0,4980,4980,0,11033571.688,11035217.688,1646.000
1,774,15,1,4982,4983,1,11037737.500,11040450.625,2713.125
1,775,15,2,4984,4985,1,11041903.500,11045099.000,3195.500
1,776,15,3,4986,4987,1,11046069.500,11050140.375,4070.875
1,777,15,4,4988,4989,1,11050235.500,11054218.875,3983.375
1,779,0,0,4992,4992,0,11058567.562,11060433.750,1866.188
1,780,0,1,4994,4995,1,11062739.188,11065832.625,3093.438
1,781,0,2,4996,4997,1,11066899.562,11070660.938,3761.375
1,783,0,4,5000,5000,0,11075231.500,11076816.875,1585.375
1,784,0,5,5002,5003,1,11079397.562,11081911.062,2513.500
1,785,3,0,5028,5028,0,11133555.500,11135163.500,1608.000
1,786,3,1,5030,5030,0,11137721.500,11139207.500,1486.000
1,787,3,2,5032,5033,1,11141887.688,11145044.250,3156.562
1,788,3,3,5034,5035,1,11146056.375,11149435.688,3379.312
1,790,3,5,5038,5038,0,11154387.000,11155357.312,970.312
1,791,4,0,5040,5041,1,11158551.500,11161252.250,2700.750
1,792,4,1,5042,5043,1,11162717.500,11165896.625,3179.125
1,793,4,2,5044,5045,1,11166883.500,11170931.875,4048.375
1,795,4,4,5048,5048,0,11175215.625,11176716.562,1500.938
1,796,4,5,5050,5050,0,11179384.375,11180524.375,1140.000
1,797,9,0,5100,5100,0,11283531.500,11285170.812,1639.312
1,798,9,1,5102,5103,1,11287699.562,11290382.500,2682.938
1,799,9,2,5104,5105,1,11291863.562,11294815.062,2951.500
1,800,9,3,5106,5107,1,11296030.062,11300036.125,4006.062
1,802,9,5,5110,5110,0,11304364.312,11305355.312,991.000
1,803,15,0,5172,5172,0,11433507.500,11435170.062,1662.562
1,804,15,1,5174,5174,0,11437674.062,11439232.312,1558.250
1,805,15,2,5176,5177,1,11441839.562,11444844.875,3005.312
1,806,15,3,5178,5179,1,11446015.562,11449496.625,3481.062
1,808,15,5,5182,5182,0,11454348.875,11455471.750,1122.875
1,809,0,0,5184,5185,1,11458503.500,11461376.812,2873.312
1,810,0,1,5186,5187,1,11462670.375,11466040.062,3369.688
1,812,0,3,5190,5190,0,11471001.750,11472171.250,1169.500
1,813,0,4,5192,5192,0,11475167.688,11477188.125,2020.438
1,814,0,5,5194,5194,0,11479340.062,11481166.375,1826.312
1,815,3,0,5220,5220,0,11533491.500,11535055.062,1563.562
1,816,3,1,5222,5222,0,11537657.500,11539707.438,2049.938
1,817,3,2,5224,5225,1,11541823.562,11544924.375,3100.812
1,818,3,3,5226,5227,1,11545989.625,11549947.500,3957.875
1,820,3,5,5230,5230,0,11554323.562,11555473.625,1150.062
1,821,4,0,5232,5232,0,11558487.500,11560407.125,1919.625
1,822,4,1,5234,5234,0,11562658.812,11564265.688,1606.875
1,823,4,2,5236,5237,1,11566819.500,11569873.750,3054.250
1,824,4,3,5238,5239,1,11570985.562,11574521.000,3535.438
1,826,4,5,5242,5242,0,11579318.750,11580252.812,934.062
1,827,9,0,5292,5292,0,11683467.500,11685102.375,1634.875
1,828,9,1,5294,5295,1,11687638.750,11690701.938,3063.188
1,829,9,2,5296,5297,1,11691799.500,11694748.688,2949.188
1,830,9,3,5298,5299,1,11695965.562,11699377.438,3411.875
1,832,9,5,5302,5302,0,11704297.562,11705371.688,1074.125
1,833,15,0,5364,5364,0,11833443.500,11834973.500,1530.000
1,834,15,1,5366,5366,0,11837609.500,11839619.625,2010.125
1,835,15,2,5368,5369,1,11841775.562,11844842.562,3067.000
1,836,15,3,5370,5371,1,11845942.125,11849883.938,3941.812
1,838,15,5,5374,5374,0,11854273.500,11855245.625,972.125
1,839,0,0,5376,5376,0,11858439.812,11860365.688,1925.875
1,840,0,1,5378,5378,0,11862616.188,11864230.500,1614.312
1,841,0,2,5380,5381,1,11866771.562,11869832.562,3061.000
1,842,0,3,5382,5383,1,11870937.812,11874461.562,3523.750
1,844,0,5,5386,5386,0,11879275.312,11880424.125,1148.812
1,845,3,0,5412,5412,0,11933427.562,11935034.938,1607.375
1,846,3,1,5414,5415,1,11937603.562,11940649.750,3046.188
1,847,3,2,5416,5417,1,11941760.688,11945081.438,3320.750
1,848,3,3,5418,5419,1,11945925.812,11949131.062,3205.250
1,850,3,5,5422,5422,0,11954257.625,11955066.688,809.062
1,851,4,0,5424,5425,1,11958423.562,11961208.562,2785.000
1,852,4,1,5426,5427,1,11962589.500,11966631.438,4041.938
1,854,4,3,5430,5430,0,11970922.312,11972426.750,1504.438
1,855,4,4,5432,5432,0,11975087.625,11976849.312,1761.688
1,856,4,5,5434,5435,1,11979253.500,11981919.875,2666.375
1,857,9,0,5484,5484,0,12083403.625,12085013.312,1609.688
1,858,9,1,5486,5486,0,12087570.188,12089438.000,1867.812
1,859,9,2,5488,5489,1,12091735.500,12094840.625,3105.125
1,860,9,3,5490,5491,1,12095901.625,12099672.062,3770.438
1,862,9,5,5494,5494,0,12104233.500,12105192.188,958.688
1,863,15,0,5556,5556,0,12233379.500,12235042.812,1663.312
1,864,15,1,5558,5559,1,12237545.562,12240651.375,3105.812
1,865,15,2,5560,5561,1,12241711.500,12245094.688,3383.188
1,866,15,3,5562,5563,1,12245887.125,12249413.750,3526.625
1,868,15,5,5566,5566,0,12254209.750,12255122.438,912.688
1,869,0,0,5568,5569,1,12258375.562,12261278.062,2902.500
1,870,0,1,5570,5571,1,12262544.438,12266695.688,4151.250
1,872,0,3,5574,5574,0,12270884.062,12272265.812,1381.750
1,873,0,4,5576,5576,0,12275039.500,12276907.062,1867.562
1,874,0,5,5578,5579,1,12279205.750,12282001.250,2795.500
1,875,3,0,5604,5604,0,12333363.500,12334982.688,1619.188
1,876,3,1,5606,5607,1,12337531.312,12340585.250,3053.938
1,877,3,2,5608,5609,1,12341695.688,12345709.875,4014.188
1,879,3,4,5612,5612,0,12350027.500,12351607.500,1580.000
1,880,3,5,5614,5615,1,12354198.312,12356706.188,2507.875
1,881,4,0,5616,5617,1,12358359.562,12361890.875,3531.312
1,883,4,2,5620,5620,0,12366695.312,12368308.562,1613.250
1,884,4,3,5622,5623,1,12370857.500,12373692.000,2834.500
1,885,4,4,5624,5625,1,12375023.500,12377951.062,2927.562
1,886,4,5,5626,5627,1,12379189.500,12382443.812,3254.312
1,887,9,0,5676,5676,0,12483339.500,12484877.000,1537.500
1,888,9,1,5678,5679,1,12487510.750,12490476.562,2965.812
1,889,9,2,5680,5681,1,12491671.500,12495146.938,3475.438
1,891,9,4,5684,5684,0,12500003.562,12501278.375,1274.812
1,892,9,5,5686,5686,0,12504181.375,12505280.875,1099.500
1,893,15,0,5748,5748,0,12633315.688,12634879.438,1563.750
1,894,15,1,5750,5750,0,12637482.188,12639331.000,1848.812
1,895,15,2,5752,5753,1,12641647.562,12644754.875,3107.312
1,896,15,3,5754,5755,1,12645814.375,12649607.562,3793.188
1,898,15,5,5758,5758,0,12654145.562,12655157.938,1012.375
1,899,0,0,5760,5760,0,12658311.500,12660077.062,1765.562
1,900,0,1,5762,5763,1,12662477.562,12665475.938,2998.375
1,901,0,2,5764,5765,1,12666643.500,12670115.562,3472.062
1,902,0,3,5766,5767,1,12670809.625,12674148.438,3338.812
1,904,0,5,5770,5770,0,12679143.062,12680062.812,919.750
1,905,3,0,5796,5796,0,12733299.500,12734860.625,1561.125
1,906,3,1,5798,5799,1,12737465.500,12740276.250,2810.750
1,907,3,2,5800,5801,1,12741631.500,12744918.625,3287.125
1,908,3,3,5802,5803,1,12745797.562,12749941.750,4144.188
1,910,3,5,5806,5806,0,12754129.500,12755279.188,1149.688
1,911,4,0,5808,5808,0,12758295.562,12760213.000,1917.438
1,912,4,1,5810,5811,1,12762461.750,12765416.938,2955.188
1,913,4,2,5812,5813,1,12766627.500,12770464.438,3836.938
1,915,4,4,5816,5816,0,12774959.500,12776443.688,1484.188
1,916,4,5,5818,5819,1,12779125.500,12781757.062,2631.562
1,917,9,0,5868,5868,0,12883275.562,12884908.375,1632.812
1,918,9,1,5870,5870,0,12887445.062,12889339.000,1893.938
1,919,9,2,5872,5873,1,12891607.562,12894741.625,3134.062
1,920,9,3,5874,5875,1,12895775.188,12899573.062,3797.875
1,922,9,5,5878,5878,0,12904107.875,12905093.188,985.312
1,923,15,0,5940,5940,0,13033251.562,13034807.938,1556.375
1,924,15,1,5942,5943,1,13037421.938,13040416.500,2994.562
1,925,15,2,5944,5945,1,13041583.562,13044854.188,3270.625
1,927,15,4,5948,5948,0,13049915.500,13051246.062,1330.562
1,928,15,5,5950,5951,1,13054085.750,13056375.250,2289.500
1,929,0,0,5952,5952,0,13058247.500,13060188.938,1941.438
1,930,0,1,5954,5955,1,13062420.562,13065386.875,2966.312
1,931,0,2,5956,5957,1,13066579.562,13070416.125,3836.562
1,933,0,4,5960,5960,0,13074911.562,13076371.125,1459.562
1,934,0,5,5962,5963,1,13079077.500,13081916.562,2839.062
1,935,3,0,5988,5988,0,13133235.562,13134771.062,1535.500
1,936,3,1,5990,5991,1,13137404.812,13140373.625,2968.812
1,937,3,2,5992,5993,1,13141567.500,13144622.562,3055.062
1,938,3,3,5994,5995,1,13145735.625,13149506.938,3771.312
1,940,3,5,5998,5998,0,13154065.500,13155189.938,1124.438
1,941,4,0,6000,6001,1,13158231.625,13161284.062,3052.438
1,942,4,1,6002,6003,1,13162397.688,13165681.375,3283.688
1,944,4,3,6006,6006,0,13170729.500,13172062.625,1333.125
1,945,4,4,6008,6008,0,13174895.562,13176896.812,2001.250
1,946,4,5,6010,6011,1,13179062.562,13182009.250,2946.688
1,947,9,0,6060,6060,0,13283211.562,13284824.812,1613.250
1,948,9,1,6062,6063,1,13287386.750,13290249.688,2862.938
1,949,9,2,6064,6065,1,13291543.500,13294682.250,3138.750
1,951,9,4,6068,6068,0,13299875.500,13301043.875,1168.375
1,952,9,5,6070,6070,0,13304041.500,13306019.875,1978.375
1,953,15,0,6132,6132,0,13433187.500,13434830.500,1643.000
1,954,15,1,6134,6135,1,13437353.688,13440451.312,3097.625
1,955,15,2,6136,6137,1,13441519.500,13444505.312,2985.812
1,956,15,3,6138,6139,1,13445688.250,13449358.000,3669.750
1,958,15,5,6142,6142,0,13454017.625,13455109.312,1091.688
1,959,0,0,6144,6144,0,13458183.750,13460028.438,1844.688
1,960,0,1,6146,6147,1,13462349.500,13465524.062,3174.562
1,962,0,3,6150,6150,0,13470682.625,13472080.250,1397.625
1,963,0,4,6152,6153,1,13474847.500,13477671.812,2824.312
1,964,0,5,6154,6155,1,13479015.750,13482193.062,3177.312
1,965,3,0,6180,6180,0,13533171.688,13534754.562,1582.875
1,966,3,1,6182,6183,1,13537337.500,13540178.812,2841.312
1,967,3,2,6184,6185,1,13541503.500,13544564.875,3061.375
1,968,3,3,6186,6187,1,13545670.062,13549809.812,4139.750
1,970,3,5,6190,6190,0,13554001.500,13554937.688,936.188
1,971,4,0,6192,6192,0,13558167.500,13560059.875,1892.375
1,972,4,1,6194,6195,1,13562333.500,13565276.062,2942.562
1,973,4,2,6196,6197,1,13566499.500,13569514.250,3014.750
1,974,4,3,6198,6199,1,13570669.188,13574383.312,3714.125
1,976,4,5,6202,6202,0,13578997.562,13580092.500,1094.938
1,977,9,0,6252,6252,0,13683147.625,13684712.375,1564.750
1,978,9,1,6254,6255,1,13687313.500,13690311.938,2998.438
1,979,9,2,6256,6257,1,13691479.500,13695141.750,3662.250
1,980,9,3,6258,6259,1,13695650.562,13699188.375,3537.812
1,982,9,5,6262,6262,0,13703978.250,13705104.000,1125.750
1,983,15,0,6324,6324,0,13833123.562,13834728.688,1605.125
1,984,15,1,6326,6327,1,13837289.562,13840150.312,2860.750
1,985,15,2,6328,6329,1,13841455.562,13844591.875,3136.312
1,987,15,4,6332,6332,0,13849787.500,13850983.750,1196.250
1,988,15,5,6334,6334,0,13853954.875,13855981.000,2026.125
1,989,0,0,6336,6337,1,13858119.562,13861080.562,2961.000
1,990,0,1,6338,6339,1,13862285.500,13866122.562,3837.062
1,991,0,2,6340,6341,1,13866454.688,13870178.312,3723.625
1,993,0,4,6344,6344,0,13874784.125,13876322.000,1537.875
1,994,0,5,6346,6347,1,13878949.625,13881687.125,2737.500
1,995,3,0,6372,6372,0,13933107.500,13934692.500,1585.000
1,996,3,1,6374,6375,1,13937275.688,13940282.812,3007.125
1,997,3,2,6376,6377,1,13941439.500,13944939.188,3499.688
1,999,3,4,6380,6380,0,13949772.125,13951305.062,1532.938
1,1000,3,5,6382,6382,0,13953937.500,13955312.312,1374.812
1,1001,4,0,6384,6385,1,13958103.688,13961018.562,2914.875
1,1002,4,1,6386,6387,1,13962279.750,13965426.375,3146.625
1,1004,4,3,6390,6390,0,13970602.062,13971819.875,1217.812
1,1005,4,4,6392,6392,0,13974767.500,13976641.812,1874.312
1,1006,4,5,6394,6395,1,13978933.625,13981754.250,2820.625
1,1007,9,0,6444,6444,0,14083083.500,14084569.812,1486.312
1,1008,9,1,6446,6447,1,14087250.062,14089982.438,2732.375
1,1009,9,2,6448,6449,1,14091415.500,14094680.688,3265.188
1,1010,9,3,6450,6451,1,14095581.500,14099641.938,4060.438
1,1012,9,5,6454,6454,0,14103916.438,14104961.125,1044.688
1,1013,15,0,6516,6516,0,14233059.938,14234702.000,1642.062
1,1014,15,1,6518,6519,1,14237226.125,14240322.812,3096.688
1,1015,15,2,6520,6521,1,14241391.500,14244972.938,3581.438
1,1017,15,4,6524,6524,0,14249723.562,14251162.125,1438.562
1,1018,15,5,6526,6526,0,14253889.500,14255426.250,1536.750
1,1019,0,0,6528,6529,1,14258055.500,14261146.750,3091.250
1,1021,0,2,6532,6532,0,14266387.562,14267668.438,1280.875
1,1022,0,3,6534,6535,1,14270553.500,14273270.500,2717.000
1,1023,0,4,6536,6537,1,14274719.500,14277731.938,3012.438
1,1024,0,5,6538,6539,1,14278885.500,14282821.000,3935.500
1,1025,3,0,6564,6564,0,14333043.562,14334550.812,1507.250
1,1026,3,1,6566,6566,0,14337221.062,14338808.000,1586.938
1,1027,3,2,6568,6569,1,14341375.500,14344123.438,2747.938
1,1028,3,3,6570,6571,1,14345541.500,14349546.688,4005.188
1,1030,3,5,6574,6574,0,14353873.500,14354871.875,998.375
1,1031,4,0,6576,6576,0,14358039.562,14359915.438,1875.875
1,1032,4,1,6578,6579,1,14362205.562,14365332.562,3127.000
1,1033,4,2,6580,6581,1,14366371.625,14369978.188,3606.562
1,1035,4,4,6584,6584,0,14374703.500,14376158.375,1454.875
1,1036,4,5,6586,6586,0,14378880.062,14380154.875,1274.812
1,1037,9,0,6636,6636,0,14483019.500,14484636.125,1616.625
1,1038,9,1,6638,6639,1,14487191.625,14490235.688,3044.062
1,1039,9,2,6640,6641,1,14491351.500,14494876.812,3525.312
1,1041,9,4,6644,6644,0,14499686.562,14501245.312,1558.750
1,1042,9,5,6646,6647,1,14503849.500,14506332.375,2482.875
1,1043,15,0,6708,6708,0,14632995.625,14634626.000,1630.375
1,1044,15,1,6710,6710,0,14637161.562,14638676.000,1514.438
1,1045,15,2,6712,6712,0,14641327.938,14643327.750,1999.812
1,1046,15,3,6714,6715,1,14645496.500,14648562.938,3066.438
1,1047,15,4,6716,6717,1,14649659.500,14653602.688,3943.188
1,1049,0,0,6720,6720,0,14657991.500,14659817.562,1826.062
1,1050,0,1,6722,6723,1,14662167.000,14665228.688,3061.688
1,1051,0,2,6724,6725,1,14666324.188,14670057.000,3732.812
1,1053,0,4,6728,6728,0,14674655.500,14676212.938,1557.438
1,1054,0,5,6730,6730,0,14678823.812,14680203.438,1379.625
1,1055,3,0,6756,6756,0,14732979.562,14734559.875,1580.312
1,1056,3,1,6758,6759,1,14737145.562,14740162.438,3016.875
1,1057,3,2,6760,6761,1,14741311.500,14744806.562,3495.062
1,1059,3,4,6764,6764,0,14749643.500,14750973.250,1329.750
1,1060,3,5,6766,6767,1,14753810.250,14756084.188,2273.938
1,1061,4,0,6768,6769,1,14757975.500,14761078.438,3102.938
1,1062,4,1,6770,6771,1,14762153.500,14765400.500,3247.000
1,1063,4,2,6772,6773,1,14766307.562,14770376.875,4069.312
1,1065,4,4,6776,6776,0,14774639.562,14776149.312,1509.750
1,1066,4,5,6778,6778,0,14778809.875,14780500.625,1690.750
1,1067,9,0,6828,6828,0,14882955.562,14884459.062,1503.500
1,1068,9,1,6830,6830,0,14887132.812,14889108.438,1975.625
1,1069,9,2,6832,6832,0,14891287.500,14893155.062,1867.562
1,1070,9,3,6834,6835,1,14895454.875,14898557.688,3102.812
1,1071,9,4,6836,6837,1,14899619.500,14903399.750,3780.250
1,1072,9,5,6838,6840,2,14903787.812,14908892.312,5104.500
1,1073,15,0,6900,6900,0,15032931.500,15034471.562,1540.062
1,1074,15,1,6902,6903,1,15037097.688,15040092.375,2994.688
1,1075,15,2,6904,6905,1,15041263.500,15044754.750,3491.250
1,1077,15,4,6908,6908,0,15049595.500,15051153.500,1558.000
1,1078,15,5,6910,6911,1,15053761.625,15056270.438,2508.812
1,1079,0,0,6912,6913,1,15057927.500,15061243.438,3315.938
1,1080,0,1,6914,6915,1,15062096.125,15065275.188,3179.062
1,1082,0,3,6918,6918,0,15070429.500,15071723.062,1293.562
1,1083,0,4,6920,6920,0,15074591.500,15076539.000,1947.500
1,1084,0,5,6922,6923,1,15078757.562,15081645.438,2887.875
1,1085,3,0,6948,6948,0,15132915.562,15134475.312,1559.750
1,1086,3,1,6950,6950,0,15137093.625,15138920.875,1827.250
1,1087,3,2,6952,6953,1,15141247.562,15144351.000,3103.438
1,1088,3,3,6954,6955,1,15145423.812,15148412.875,2989.062
1,1089,3,4,6956,6957,1,15149579.500,15153257.938,3678.438
1,1091,4,0,6960,6960,0,15157911.500,15159864.438,1952.938
1,1092,4,1,6962,6963,1,15162077.562,15165080.625,3003.062
1,1093,4,2,6964,6965,1,15166243.562,15169738.500,3494.938
1,1095,4,4,6968,6968,0,15174575.562,15175908.188,1332.625
1,1096,4,5,6970,6971,1,15178741.500,15181020.625,2279.125
1,1097,9,0,7020,7020,0,15282891.500,15284500.938,1609.438
1,1098,9,1,7022,7023,1,15287057.562,15290100.500,3042.938
1,1099,9,2,7024,7025,1,15291223.500,15294779.312,3555.812
1,1101,9,4,7028,7028,0,15299555.500,15300890.062,1334.562
1,1102,9,5,7030,7031,1,15303721.625,15305998.000,2276.375
1,1103,15,0,7092,7092,0,15432867.500,15434446.625,1579.125
1,1104,15,1,7094,7094,0,15437033.938,15439092.750,2058.812
1,1105,15,2,7096,7097,1,15441199.562,15444315.688,3116.125
1,1106,15,3,7098,7099,1,15445369.312,15448383.562,3014.250
1,1107,15,4,7100,7101,1,15449531.500,15453423.312,3891.812
1,1109,0,0,7104,7104,0,15457863.500,15459638.188,1774.688
1,1110,0,1,7106,7107,1,15462029.500,15465049.312,3019.812
1,1111,0,2,7108,7109,1,15466195.500,15469688.938,3493.438
1,1113,0,4,7112,7112,0,15474527.562,15476021.312,1493.750
1,1114,0,5,7114,7115,1,15478694.688,15481141.750,2447.062
1,1115,3,0,7140,7140,0,15532851.500,15534519.250,1667.750
1,1116,3,1,7142,7143,1,15537023.875,15539934.875,2911.000
1,1117,3,2,7144,7145,1,15541183.500,15544598.125,3414.625
1,1119,3,4,7148,7148,0,15549515.562,15550743.938,1228.375
1,1120,3,5,7150,7150,0,15553682.438,15555735.188,2052.750
1,1121,4,0,7152,7153,1,15557847.500,15560861.375,3013.875
1,1122,4,1,7154,7155,1,15562013.688,15566073.562,4059.875
1,1124,4,3,7158,7158,0,15570348.625,15571862.500,1513.875
1,1125,4,4,7160,7160,0,15574511.500,15576303.250,1791.750
1,1126,4,5,7162,7163,1,15578679.500,15581415.688,2736.188
1,1127,9,0,7212,7212,0,15682827.562,15684379.375,1551.812
1,1128,9,1,7214,7214,0,15686993.500,15688809.688,1816.188
1,1129,9,2,7216,7217,1,15691159.500,15694212.312,3052.812
1,1130,9,3,7218,7219,1,15695329.625,15699043.750,3714.125
1,1131,9,4,7220,7221,1,15699491.688,15703277.438,3785.750
1,1132,9,5,7222,7224,2,15703661.250,15708770.000,5108.750
1,1133,15,0,7284,7284,0,15832803.500,15834388.188,1584.688
1,1134,15,1,7286,7287,1,15836969.750,15839996.750,3027.000
1,1135,15,2,7288,7289,1,15841135.500,15844458.188,3322.688
1,1137,15,4,7292,7292,0,15849467.562,15850850.062,1382.500
1,1138,15,5,7294,7295,1,15853634.125,15855979.250,2345.125
1,1139,0,0,7296,7297,1,15857799.500,15860959.125,3159.625
1,1140,0,1,7298,7299,1,15861968.625,15865976.625,4008.000
1,1142,0,3,7302,7302,0,15870297.562,15871747.688,1450.125
1,1143,0,4,7304,7304,0,15874463.500,15875975.125,1511.625
1,1144,0,5,7306,7307,1,15878629.812,15881471.188,2841.375
1,1145,3,0,7332,7332,0,15932787.562,15934297.812,1510.250
1,1146,3,1,7334,7334,0,15936953.500,15938696.625,1743.125
1,1147,3,2,7336,7337,1,15941119.625,15944102.250,2982.625
1,1148,3,3,7338,7339,1,15945288.500,15948936.688,3648.188
1,1150,3,5,7342,7342,0,15953623.875,15954663.750,1039.875
1,1151,4,0,7344,7344,0,15957783.500,15959597.562,1814.062
1,1152,4,1,7346,7347,1,15961949.562,15964815.500,2865.938
1,1153,4,2,7348,7349,1,15966115.562,15969459.375,3343.812
1,1155,4,4,7352,7352,0,15974447.500,15975641.312,1193.812
1,1156,4,5,7354,7354,0,15978613.500,15980621.812,2008.312
1,1157,9,0,7404,7404,0,16082763.500,16084303.688,1540.188
1,1158,9,1,7406,7406,0,16086930.125,16088356.938,1426.812
1,1159,9,2,7408,7409,1,16091095.500,16093950.000,2854.500
1,1160,9,3,7410,7411,1,16095261.500,16098669.625,3408.125
1,1162,9,5,7414,7414,0,16103593.562,16104319.688,726.125
1,1163,15,0,7476,7476,0,16232739.500,16234267.750,1528.250
1,1164,15,1,7478,7478,0,16236907.375,16238701.438,1794.062
1,1165,15,2,7480,7481,1,16241071.500,16244125.312,3053.812
1,1166,15,3,7482,7483,1,16245237.500,16248965.750,3728.250
1,1168,15,5,7486,7486,0,16253577.562,16254540.625,963.062
1,1169,0,0,7488,7488,0,16257735.500,16259661.000,1925.500
1,1170,0,1,7490,7491,1,16261904.875,16264871.188,2966.312
1,1171,0,2,7492,7493,1,16266068.000,16269510.812,3442.812
1,1173,0,4,7496,7496,0,16274399.562,16275668.500,1268.938
1,1174,0,5,7498,7499,1,16278568.688,16280972.062,2403.375
1,1175,3,0,7524,7524,0,16332723.500,16334356.438,1632.938
1,1176,3,1,7526,7527,1,16336889.562,16339759.812,2870.250
1,1177,3,2,7528,7529,1,16341055.500,16343778.375,2722.875
1,1178,3,3,7530,7531,1,16345221.500,16348221.438,2999.938
1,1179,3,4,7532,7533,1,16349387.500,16353456.125,4068.625
1,1181,4,0,7536,7536,0,16357719.562,16359507.875,1788.312
1,1182,4,1,7538,7539,1,16361885.500,16364912.750,3027.250
1,1183,4,2,7540,7541,1,16366051.625,16370026.625,3975.000
1,1185,4,4,7544,7544,0,16374383.688,16375939.500,1555.812
1,1186,4,5,7546,7547,1,16378550.375,16381051.938,2501.562
1,1187,9,0,7596,7596,0,16482699.500,16484254.688,1555.188
1,1188,9,1,7598,7599,1,16486868.562,16489842.000,2973.438
1,1189,9,2,7600,7601,1,16491031.562,16494943.875,3912.312
1,1191,9,4,7604,7604,0,16499363.500,16500843.000,1479.500
1,1192,9,5,7606,7607,1,16503532.438,16506139.625,2607.188
1,1193,15,0,7668,7668,0,16632678.562,16634260.062,1581.500
1,1194,15,1,7670,7671,1,16636842.062,16639681.688,2839.625
1,1195,15,2,7672,7673,1,16641007.500,16644011.875,3004.375
1,1197,15,4,7676,7676,0,16649339.562,16650592.438,1252.875
1,1198,15,5,7678,7679,1,16653507.500,16655617.188,2109.688
1,1199,0,0,7680,7681,1,16657671.562,16660701.500,3029.938
1,1200,0,1,7682,7683,1,16661840.812,16665719.000,3878.188
1,1202,0,3,7686,7686,0,16670169.562,16671684.625,1515.062
1,1203,0,4,7688,7689,1,16674335.500,16677286.688,2951.188
1,1204,0,5,7690,7691,1,16678501.688,16682199.312,3697.625
1,1205,3,0,7716,7716,0,16732659.500,16734267.688,1608.188
1,1206,3,1,7718,7719,1,16736825.625,16739870.250,3044.625
1,1207,3,2,7720,7721,1,16740991.562,16744765.250,3773.688
1,1209,3,4,7724,7724,0,16749323.562,16750880.250,1556.688
1,1210,3,5,7726,7727,1,16753492.188,16755991.188,2499.000
1,1211,4,0,7728,7729,1,16757655.500,16760974.938,3319.438
1,1213,4,2,7732,7732,0,16765987.500,16767344.438,1356.938
1,1214,4,3,7734,7734,0,16770153.500,16771605.375,1451.875
1,1215,4,4,7736,7737,1,16774319.500,16777014.250,2694.750
1,1216,4,5,7738,7739,1,16778487.375,16781512.062,3024.688
1,1217,9,0,7788,7788,0,16882635.625,16884251.500,1615.875
1,1218,9,1,7790,7791,1,16886801.500,16889672.750,2871.250
1,1219,9,2,7792,7793,1,16890968.312,16894072.812,3104.500
1,1220,9,3,7794,7795,1,16895133.500,16898107.188,2973.688
1,1221,9,4,7796,7797,1,16899299.500,16903338.875,4039.375
1,1222,9,5,7798,7800,2,16903467.312,16908642.750,5175.438
1,1223,15,0,7860,7860,0,17032611.562,17034143.062,1531.500
1,1224,15,1,7862,7863,1,17036782.625,17039751.625,2969.000
1,1225,15,2,7864,7865,1,17040943.500,17044602.688,3659.188
1,1227,15,4,7868,7868,0,17049275.500,17050804.125,1528.625
1,1228,15,5,7870,7871,1,17053441.500,17056151.250,2709.750
1,1229,0,0,7872,7873,1,17057607.562,17061115.875,3508.312
1,1231,0,2,7876,7876,0,17065940.062,17067260.188,1320.125
1,1232,0,3,7878,7878,0,17070108.438,17071691.562,1583.125
1,1233,0,4,7880,7881,1,17074271.500,17077178.938,2907.438
1,1234,0,5,7882,7883,1,17078441.062,17082491.688,4050.625
1,1235,3,0,7908,7908,0,17132595.500,17134128.750,1533.250
1,1236,3,1,7910,7911,1,17136761.500,17139609.125,2847.625
1,1237,3,2,7912,7913,1,17140927.500,17145043.000,4115.500
1,1239,3,4,7916,7916,0,17149259.500,17150800.188,1540.688
1,1240,3,5,7918,7918,0,17153427.625,17154413.062,985.438
1,1241,4,0,7920,7920,0,17157591.562,17159464.125,1872.562
1,1242,4,1,7922,7923,1,17161759.062,17164680.312,2921.250
1,1243,4,2,7924,7925,1,17165923.625,17169526.875,3603.250
1,1245,4,4,7928,7928,0,17174259.312,17175719.312,1460.000
1,1246,4,5,7930,7931,1,17178424.750,17181032.688,2607.938
1,1247,9,0,7980,7980,0,17282571.500,17284162.938,1591.438
1,1248,9,1,7982,7983,1,17286737.500,17289762.500,3025.000
1,1249,9,2,7984,7985,1,17290903.500,17294613.188,3709.688
1,1251,9,4,7988,7988,0,17299235.562,17300763.500,1527.938
1,1252,9,5,7990,7991,1,17303406.062,17305860.938,2454.875
1,1253,15,0,8052,8052,0,17432547.500,17434134.750,1587.250
1,1254,15,1,8054,8055,1,17436713.500,17439603.750,2890.250
1,1255,15,2,8056,8057,1,17440880.062,17445031.375,4151.312
1,1257,15,4,8060,8060,0,17449211.500,17450636.375,1424.875
1,1258,15,5,8062,8062,0,17453377.500,17454448.688,1071.188
1,1259,0,0,8064,8064,0,17457543.500,17459338.562,1795.062
1,1260,0,1,8066,8067,1,17461713.688,17464737.438,3023.750
1,1261,0,2,8068,8069,1,17465875.562,17469578.000,3702.438
1,1263,0,4,8072,8072,0,17474207.500,17475721.688,1514.188
1,1264,0,5,8074,8075,1,17478373.500,17481029.062,2655.562
1,1265,3,0,8100,8100,0,17532531.688,17534068.312,1536.625
1,1266,3,1,8102,8102,0,17536702.062,17538313.250,1611.188
1,1267,3,2,8104,8105,1,17540863.562,17543919.812,3056.250
1,1268,3,3,8106,8107,1,17545038.750,17548603.250,3564.500
1,1270,3,5,8110,8110,0,17553361.812,17554300.250,938.438
1,1271,4,0,8112,8113,1,17557527.500,17560403.000,2875.500
1,1272,4,1,8114,8115,1,17561693.500,17564791.062,3097.562
1,1274,4,3,8118,8118,0,17570026.125,17571193.188,1167.062
1,1275,4,4,8120,8120,0,17574191.500,17576061.875,1870.375
1,1276,4,5,8122,8122,0,17578360.938,17580238.438,1877.500
1,1277,9,0,8172,8172,0,17682507.562,17684012.938,1505.375
1,1278,9,1,8174,8175,1,17686673.500,17689460.688,2787.188
1,1279,9,2,8176,8177,1,17690839.500,17694879.312,4039.812
1,1281,9,4,8180,8180,0,17699171.500,17700630.500,1459.000
1,1282,9,5,8182,8182,0,17703341.375,17705260.500,1919.125
1,1283,15,0,8244,8244,0,17832483.562,17834088.250,1604.688
1,1284,15,1,8246,8246,0,17836649.500,17838347.812,1698.312
1,1285,15,2,8248,8249,1,17840815.750,17843951.750,3136.000
1,1286,15,3,8250,8251,1,17844981.562,17848682.125,3700.562
1,1288,15,5,8254,8254,0,17853316.438,17854360.688,1044.250
1,1289,0,0,8256,8257,1,17857479.500,17860549.438,3069.938
1,1291,0,2,8260,8260,0,17865811.500,17867083.375,1271.875
1,1292,0,3,8262,8262,0,17869981.938,17871922.188,1940.250
1,1293,0,4,8264,8265,1,17874143.500,17877122.375,2978.875
1,1294,0,5,8266,8267,1,17878313.938,17881250.188,2936.250
1,1295,3,0,8292,8292,0,17932467.500,17934010.938,1543.438
1,1296,3,1,8294,8294,0,17936633.500,17938663.312,2029.812
1,1297,3,2,8296,8297,1,17940799.500,17943880.250,3080.750
1,1298,3,3,8298,8299,1,17944965.500,17948915.625,3950.125
1,1300,3,5,8302,8302,0,17953299.438,17954441.750,1142.312
1,1301,4,0,8304,8304,0,17957463.500,17959363.000,1899.500
1,1302,4,1,8306,8307,1,17961639.188,17964604.000,2964.812
1,1303,4,2,8308,8309,1,17965795.500,17969261.875,3466.375
1,1305,4,4,8312,8312,0,17974127.562,17975630.750,1503.188
1,1306,4,5,8314,8315,1,17978293.562,17980744.938,2451.375
1,1307,9,0,8364,8364,0,18082443.625,18084050.125,1606.500
1,1308,9,1,8366,8367,1,18086612.188,18089637.438,3025.250
1,1309,9,2,8368,8369,1,18090775.562,18093960.375,3184.812
1,1311,9,4,8372,8372,0,18099107.562,18100508.938,1401.375
1,1312,9,5,8374,8375,1,18103275.250,18105618.625,2343.375
1,1313,15,0,8436,8436,0,18232419.500,18234075.688,1656.188
1,1314,15,1,8438,8439,1,18236597.625,18239376.688,2779.062
1,1315,15,2,8440,8441,1,18240751.500,18244816.562,4065.062
1,1317,15,4,8444,8444,0,18249083.500,18250616.125,1532.625
1,1318,15,5,8446,8447,1,18253249.500,18256143.875,2894.375
1,1319,0,0,8448,8449,1,18257415.500,18261128.812,3713.312
1,1320,0,1,8450,8451,1,18261590.250,18265172.812,3582.562
1,1322,0,3,8454,8454,0,18269913.562,18271339.375,1425.812
1,1323,0,4,8456,8457,1,18274079.500,18277117.875,3038.375
1,1324,0,5,8458,8459,1,18278250.875,18281653.125,3402.250
1,1325,3,0,8484,8484,0,18332403.562,18333987.938,1584.375
1,1326,3,1,8486,8487,1,18336570.062,18339578.250,3008.188
1,1327,3,2,8488,8489,1,18340735.500,18344045.938,3310.438
1,1328,3,3,8490,8491,1,18344901.500,18348284.250,3382.750
1,1330,3,5,8494,8494,0,18353233.500,18354013.062,779.562
1,1331,4,0,8496,8496,0,18357400.062,18359287.688,1887.625
1,1332,4,1,8498,8499,1,18361565.562,18364514.812,2949.250
1,1333,4,2,8500,8501,1,18365731.562,18369751.000,4019.438
1,1335,4,4,8504,8504,0,18374063.562,18375541.562,1478.000
1,1336,4,5,8506,8507,1,18378229.500,18381102.312,2872.812
1,1337,9,0,8556,8556,0,18482379.500,18483886.750,1507.250
1,1338,9,1,8558,8558,0,18486556.688,18488536.125,1979.438
1,1339,9,2,8560,8561,1,18490711.500,18493750.062,3038.562
1,1340,9,3,8562,8563,1,18494881.250,18498782.438,3901.188
1,1342,9,5,8566,8566,0,18503209.500,18504302.562,1093.062
1,1343,15,0,8628,8628,0,18632355.500,18634017.312,1661.812
1,1344,15,1,8630,8631,1,18636521.500,18639625.875,3104.375
1,1345,15,2,8632,8633,1,18640687.562,18644069.188,3381.625
1,1346,15,3,8634,8635,1,18644863.312,18648376.000,3512.688
1,1348,15,5,8638,8638,0,18653186.250,18654096.938,910.688
1,1349,0,0,8640,8641,1,18657351.562,18660245.062,2893.500
1,1350,0,1,8642,8643,1,18661517.562,18665656.312,4138.750
1,1352,0,3,8646,8646,0,18669852.938,18671415.125,1562.188
1,1353,0,4,8648,8648,0,18674015.500,18675837.312,1821.812
1,1354,0,5,8650,8651,1,18678181.500,18681082.188,2900.688
1,1355,3,0,8676,8676,0,18732339.500,18734001.125,1661.625
1,1356,3,1,8678,8679,1,18736505.688,18739603.688,3098.000
1,1357,3,2,8680,8681,1,18740671.500,18744436.500,3765.000
1,1359,3,4,8684,8684,0,18749003.500,18750613.688,1610.188
1,1360,3,5,8686,8687,1,18753169.562,18755724.625,2555.062
1,1361,4,0,8688,8689,1,18757335.500,18760921.562,3586.062
1,1363,4,2,8692,8692,0,18765670.625,18767077.875,1407.250
1,1364,4,3,8694,8695,1,18769834.750,18772698.188,2863.438
1,1365,4,4,8696,8697,1,18773999.500,18776747.688,2748.188
1,1366,4,5,8698,8699,1,18778165.562,18781287.188,3121.625
1,1367,9,0,8748,8748,0,18882315.500,18883927.375,1611.875
1,1368,9,1,8750,8751,1,18886489.750,18889586.562,3096.812
1,1370,9,3,8754,8754,0,18894813.500,18896159.750,1346.250
1,1371,9,4,8756,8757,1,18898979.500,18901751.062,2771.562
1,1372,9,5,8758,8758,0,18903145.562,18905170.125,2024.562
1,1373,15,0,8820,8820,0,19032291.562,19033828.750,1537.188
1,1374,15,1,8822,8822,0,19036457.500,19038537.062,2079.562
1,1375,15,2,8824,8825,1,19040623.500,19043710.062,3086.562
1,1376,15,3,8826,8827,1,19044795.250,19048562.750,3767.500
1,1378,15,5,8830,8830,0,19053121.562,19054113.125,991.562
1,1379,0,0,8832,8832,0,19057287.500,19059233.188,1945.688
1,1380,0,1,8834,8835,1,19061453.562,19064431.125,2977.562
1,1381,0,2,8836,8837,1,19065619.562,19069070.750,3451.188
1,1382,0,3,8838,8839,1,19069786.688,19073375.688,3589.000
1,1384,0,5,8842,8842,0,19078117.562,19079030.250,912.688
1,1385,3,0,8868,8868,0,19132275.500,19133911.000,1635.500
1,1386,3,1,8870,8871,1,19136441.500,19139314.375,2872.875
1,1387,3,2,8872,8873,1,19140607.500,19144027.875,3420.375
1,1389,3,4,8876,8876,0,19148939.688,19150135.688,1196.000
1,1390,3,5,8878,8878,0,19153106.625,19155114.688,2008.062
1,1391,4,0,8880,8880,0,19157272.188,19159251.125,1978.938
1,1392,4,1,8882,8883,1,19161439.375,19164467.312,3027.938
1,1393,4,2,8884,8885,1,19165603.500,19169514.812,3911.312
1,1395,4,4,8888,8888,0,19173935.688,19175494.062,1558.375
1,1396,4,5,8890,8891,1,19178101.562,19180795.188,2693.625
1,1397,9,0,8940,8940,0,19282251.625,19283758.875,1507.250
1,1398,9,1,8942,8942,0,19286417.625,19287977.250,1559.625
1,1399,9,2,8944,8945,1,19290583.500,19293598.000,3014.500
1,1400,9,3,8946,8947,1,19294750.312,19298441.688,3691.375
1,1402,9,5,8950,8950,0,19303081.562,19304150.500,1068.938
1,1403,15,0,9012,9012,0,19432227.500,19433860.625,1633.125
1,1404,15,1,9014,9015,1,19436396.250,19439282.250,2886.000
1,1405,15,2,9016,9017,1,19440559.500,19443930.625,3371.125
1,1407,15,4,9020,9020,0,19448891.500,19450133.812,1242.312
1,1408,15,5,9022,9022,0,19453057.562,19455118.812,2061.250
1,1409,0,0,9024,9024,0,19457223.500,19459253.125,2029.625
1,1410,0,1,9026,9027,1,19461394.875,19464463.312,3068.438
1,1411,0,2,9028,9029,1,19465555.500,19469492.562,3937.062
1,1413,0,4,9032,9032,0,19473887.938,19475447.562,1559.625
1,1414,0,5,9034,9035,1,19478053.562,19480742.688,2689.125
1,1415,3,0,9060,9060,0,19532211.562,19533776.125,1564.562
1,1416,3,1,9062,9063,1,19536388.562,19539403.188,3014.625
1,1417,3,2,9064,9065,1,19540543.500,19543652.125,3108.625
1,1418,3,3,9066,9067,1,19544711.625,19548297.875,3586.250
1,1420,3,5,9070,9070,0,19553042.500,19554012.688,970.188
1,1421,4,0,9072,9072,0,19557207.500,19559134.875,1927.375
1,1422,4,1,9074,9075,1,19561373.500,19564419.125,3045.625
1,1424,4,3,9078,9078,0,19569705.562,19571001.312,1295.750
1,1425,4,4,9080,9081,1,19573871.500,19576597.125,2725.625
1,1426,4,5,9082,9083,1,19578038.375,19581136.625,3098.250
1,1427,9,0,9132,9132,0,19682187.500,19683803.312,1615.812
1,1428,9,1,9134,9135,1,19686353.688,19689215.938,2862.250
1,1429,9,2,9136,9137,1,19690520.125,19693914.188,3394.062
1,1431,9,4,9140,9140,0,19698851.500,19700003.750,1152.250
1,1432,9,5,9142,9142,0,19703020.625,19704992.000,1971.375
1,1433,15,0,9204,9204,0,19832163.562,19833772.938,1609.375
1,1434,15,1,9206,9207,1,19836331.750,19839381.500,3049.750
1,1435,15,2,9208,9209,1,19840495.562,19843460.000,2964.438
1,1436,15,3,9210,9211,1,19844661.500,19848300.438,3638.938
1,1438,15,5,9214,9214,0,19852993.562,19854039.500,1045.938
1,1439,0,0,9216,9216,0,19857159.500,19858958.625,1799.125
1,1440,0,1,9218,9219,1,19861327.188,19864369.750,3042.562
1,1441,0,2,9220,9221,1,19865491.500,19868779.000,3287.500
1,1443,0,4,9224,9224,0,19873823.562,19875125.375,1301.812
1,1444,0,5,9226,9227,1,19877990.500,19880231.812,2241.312
1,1445,3,0,9252,9252,0,19932147.688,19933707.875,1560.188
1,1446,3,1,9254,9255,1,19936313.938,19939123.500,2809.562
1,1447,3,2,9256,9257,1,19940479.688,19943535.500,3055.812
1,1448,3,3,9258,9259,1,19944645.562,19948759.562,4114.000
1,1450,3,5,9262,9262,0,19952977.500,19954097.000,1119.500
1,1451,4,0,9264,9264,0,19957143.500,19959018.250,1874.750
1,1452,4,1,9266,9267,1,19961309.500,19964234.438,2924.938
1,1453,4,2,9268,9269,1,19965475.625,19969390.312,3914.688
1,1455,4,4,9272,9272,0,19973807.562,19975290.938,1483.375
1,1456,4,5,9274,9275,1,19977973.500,19980604.312,2630.812
2,3,0,4,8,8,0,676906.125,678096.562,1190.438
2,4,0,5,10,13,3,681061.500,689339.375,8277.875
2,5,3,0,36,37,1,735229.625,738695.500,3465.875
2,10,3,5,46,46,0,756049.500,756289.062,239.562
2,12,4,1,50,50,0,764381.500,765659.375,1277.875
2,13,4,2,52,52,0,768547.500,770078.375,1530.875
2,14,4,3,54,55,1,772719.875,775737.812,3017.938
2,15,4,4,56,57,1,776879.500,780409.188,3529.688
2,16,4,5,58,60,2,781045.500,786180.938,5135.438
2,17,9,0,108,108,0,885195.562,886750.000,1554.438
2,18,9,1,110,111,1,889372.688,892387.562,3014.875
2,19,9,2,112,113,1,893527.500,897256.812,3729.312
2,21,9,4,116,116,0,901871.188,903454.875,1583.688
2,22,9,5,118,119,1,906025.562,908604.188,2578.625
2,23,15,0,180,180,0,1035171.500,1036836.250,1664.750
2,24,15,1,182,183,1,1039348.062,1042106.062,2758.000
2,25,15,2,184,185,1,1043503.500,1046803.562,3300.062
2,27,15,4,188,188,0,1051835.562,1053034.750,1199.188
2,28,15,5,190,190,0,1056002.688,1058061.125,2058.438
2,29,0,0,192,193,1,1060167.562,1063197.562,3030.000
2,30,0,1,194,195,1,1064333.750,1068255.625,3921.875
2,32,0,3,198,198,0,1072672.500,1074259.250,1586.750
2,33,0,4,200,201,1,1076843.125,1079900.438,3057.312
2,34,0,5,202,203,1,1080998.312,1084668.000,3669.688
2,35,3,0,228,228,0,1135155.562,1136839.312,1683.750
2,36,3,1,230,231,1,1139323.188,1142455.375,3132.188
2,37,3,2,232,233,1,1143487.562,1147149.750,3662.188
2,39,3,4,236,236,0,1151831.125,1153366.375,1535.250
2,40,3,5,238,239,1,1155991.125,1158518.688,2527.562
2,41,4,0,240,241,1,1160151.500,1163581.938,3430.438
2,43,4,2,244,244,0,1168483.562,1169761.500,1277.938
2,44,4,3,246,246,0,1172650.125,1174607.562,1957.438
2,45,4,4,248,249,1,1176815.562,1179862.875,3047.312
2,46,4,5,250,251,1,1180981.500,1185016.062,4034.562
2,47,9,0,300,300,0,1285131.562,1286739.438,1607.875
2,48,9,1,302,303,1,1289297.500,1291416.438,2118.938
2,49,9,2,304,305,1,1293464.312,1296627.500,3163.188
2,50,9,3,306,307,1,1297629.625,1301687.875,4058.250
2,52,9,5,310,310,0,1305961.500,1307031.688,1070.188
2,53,15,0,372,372,0,1435107.500,1436712.438,1604.938
2,54,15,1,374,375,1,1439273.500,1442346.750,3073.250
2,55,15,2,376,377,1,1443439.500,1446998.125,3558.625
2,57,15,4,380,380,0,1451782.812,1453263.500,1480.688
2,58,15,5,382,383,1,1455937.562,1458424.688,2487.125
2,59,0,0,384,385,1,1460103.500,1463453.688,3350.188
2,61,0,2,388,388,0,1468435.625,1469815.812,1380.188
2,62,0,3,390,390,0,1472603.312,1474680.375,2077.062
2,63,0,4,392,393,1,1476767.500,1479905.188,3137.688
2,64,0,5,394,395,1,1480935.688,1485052.375,4116.688
2,65,3,0,420,420,0,1535091.500,1536700.625,1609.125
2,66,3,1,422,422,0,1539266.812,1540778.125,1511.312
2,67,3,2,424,424,0,1543423.500,1545437.375,2013.875
2,68,3,3,426,427,1,1547589.500,1550691.188,3101.688
2,69,3,4,428,429,1,1551755.500,1555538.625,3783.125
2,71,4,0,432,432,0,1560088.000,1562006.438,1918.438
2,72,4,1,434,435,1,1564256.250,1567247.250,2991.000
2,73,4,2,436,437,1,1568431.625,1572204.062,3772.438
2,75,4,4,440,440,0,1576751.562,1578340.000,1588.438
2,76,4,5,442,442,0,1580927.062,1582382.000,1454.938
2,77,9,0,492,492,0,1685067.500,1686652.188,1584.688
2,78,9,1,494,495,1,1689234.062,1692277.500,3043.438
2,79,9,2,496,497,1,1693399.562,1696944.375,3544.812
2,81,9,4,500,500,0,1701734.562,1703145.312,1410.750
2,82,9,5,502,503,1,1705897.500,1708294.938,2397.438
2,83,15,0,564,564,0,1835043.500,1836677.188,1633.688
2,84,15,1,566,567,1,1839209.500,1841922.500,2713.000
2,85,15,2,568,569,1,1843375.562,1846405.688,3030.125
2,86,15,3,570,571,1,1847542.938,1851706.375,4163.438
2,88,15,5,574,574,0,1855881.000,1856873.625,992.625
2,89,0,0,576,576,0,1860039.500,1861833.000,1793.500
2,90,0,1,578,579,1,1864205.562,1867269.875,3064.312
2,91,0,2,580,581,1,1868372.188,1872137.312,3765.125
2,93,0,4,584,584,0,1876703.500,1878320.125,1616.625
2,94,0,5,586,586,0,1880880.062,1882347.500,1467.438
2,95,3,0,612,612,0,1935027.500,1936558.188,1530.688
2,96,3,1,614,615,1,1939193.562,1942186.500,2992.938
2,97,3,2,616,617,1,1943359.500,1946844.125,3484.625
2,99,3,4,620,620,0,1951691.562,1953051.062,1359.500
2,100,3,5,622,623,1,1955857.500,1958203.375,2345.875
2,101,4,0,624,625,1,1960023.688,1963222.250,3198.562
2,102,4,1,626,627,1,1964201.625,1967294.625,3093.000
2,103,4,2,628,629,1,1968355.500,1972382.375,4026.875
2,105,4,4,632,632,0,1976687.500,1978191.688,1504.188
2,106,4,5,634,634,0,1980864.875,1982586.875,1722.000
2,107,9,0,684,684,0,2085003.500,2086667.938,1664.438
2,108,9,1,686,686,0,2089169.500,2091139.875,1970.375
2,109,9,2,688,688,0,2093335.562,2095415.688,2080.125
2,110,9,3,690,691,1,2097502.812,2100612.750,3109.938
2,111,9,4,692,693,1,2101667.562,2105493.938,3826.375
2,112,9,5,694,696,2,2105842.562,2111042.375,5199.812
2,113,15,0,756,756,0,2234979.562,2236535.125,1555.562
2,114,15,1,758,759,1,2239145.562,2242169.438,3023.875
2,115,15,2,760,761,1,2243311.625,2246869.812,3558.188
2,117,15,4,764,764,0,2251643.500,2253098.125,1454.625
2,118,15,5,766,767,1,2255809.500,2258259.312,2449.812
2,119,0,0,768,769,1,2259975.500,2263264.125,3288.625
2,121,0,2,772,772,0,2268307.500,2268337.125,29.625
2,122,0,3,774,774,0,2272477.062,2273903.250,1426.188
2,123,0,4,776,776,0,2276639.500,2278558.000,1918.500
2,124,0,5,778,779,1,2280805.500,2283681.312,2875.812
2,125,3,0,804,804,0,2334963.562,2336519.625,1556.062
2,126,3,1,806,806,0,2339129.500,2340982.312,1852.812
2,127,3,2,808,809,1,2343295.500,2346425.938,3130.438
2,128,3,3,810,811,1,2347461.500,2350485.688,3024.188
2,129,3,4,812,813,1,2351627.500,2355369.875,3742.375
2,131,4,0,816,816,0,2359959.500,2361825.438,1865.938
2,132,4,1,818,819,1,2364125.562,2367268.312,3142.750
2,133,4,2,820,821,1,2368292.562,2371738.375,3445.812
2,135,4,4,824,824,0,2376623.562,2377936.062,1312.500
2,136,4,5,826,827,1,2380789.562,2383089.875,2300.312
2,137,9,0,876,876,0,2484939.500,2486531.062,1591.562
2,138,9,1,878,879,1,2489105.625,2492156.375,3050.750
2,139,9,2,880,881,1,2493271.562,2496621.188,3349.625
2,141,9,4,884,884,0,2501603.500,2503011.938,1408.438
2,142,9,5,886,887,1,2505769.500,2508149.000,2379.500
2,143,15,0,948,948,0,2634915.500,2636505.125,1589.625
2,144,15,1,950,951,1,2639081.625,2641839.688,2758.062
2,145,15,2,952,953,1,2643247.625,2647106.938,3859.312
2,147,15,4,956,956,0,2651579.562,2653145.438,1565.875
2,148,15,5,958,959,1,2655747.875,2658505.812,2757.938
2,149,0,0,960,961,1,2659911.500,2663513.188,3601.688
2,151,0,2,964,964,0,2668243.500,2669682.625,1439.125
2,152,0,3,966,967,1,2672409.500,2675336.062,2926.562
2,153,0,4,968,969,1,2676578.438,2680001.438,3423.000
2,154,0,5,970,972,2,2680742.688,2685724.438,4981.750
2,155,3,0,996,996,0,2734899.500,2736587.125,1687.625
2,156,3,1,998,999,1,2739071.062,2742013.375,2942.312
2,157,3,2,1000,1001,1,2743231.562,2746505.688,3274.125
2,159,3,4,1004,1004,0,2751563.500,2752943.938,1380.438
2,160,3,5,1006,1006,0,2755729.500,2757762.250,2032.750
2,161,4,0,1008,1009,1,2759895.562,2762913.062,3017.500
2,162,4,1,1010,1011,1,2764061.500,2767940.062,3878.562
2,164,4,3,1014,1014,0,2772393.500,2773980.188,1586.688
2,165,4,4,1016,1016,0,2776560.438,2778255.750,1695.312
2,166,4,5,1018,1019,1,2780726.625,2783409.562,2682.938
2,167,9,0,1068,1068,0,2884875.688,2886479.312,1603.625
2,168,9,1,1070,1070,0,2889041.562,2890909.562,1868.000
2,169,9,2,1072,1073,1,2893207.812,2896135.875,2928.062
2,170,9,3,1074,1075,1,2897373.500,2901196.250,3822.750
2,171,9,4,1076,1077,1,2901539.500,2905263.625,3724.125
2,172,9,5,1078,1080,2,2905716.250,2910812.062,5095.812
2,173,15,0,1140,1140,0,3034851.562,3036541.625,1690.062
2,174,15,1,1142,1143,1,3039017.500,3041986.125,2968.625
2,175,15,2,1144,1145,1,3043183.562,3046662.000,3478.438
2,177,15,4,1148,1148,0,3051515.562,3052893.188,1377.625
2,178,15,5,1150,1151,1,3055691.875,3058063.750,2371.875
2,179,0,0,1152,1153,1,3059847.500,3062866.188,3018.688
2,180,0,1,1154,1155,1,3064019.812,3068150.500,4130.688
2,182,0,3,1158,1158,0,3072345.562,3073756.688,1411.125
2,183,0,4,1160,1160,0,3076511.562,3078411.438,1899.875
2,184,0,5,1162,1163,1,3080677.812,3083576.250,2898.438
2,185,3,0,1188,1188,0,3134835.750,3136349.250,1513.500
2,186,3,1,1190,1191,1,3139001.500,3141995.688,2994.188
2,187,3,2,1192,1193,1,3143171.125,3146879.875,3708.750
2,189,3,4,1196,1196,0,3151499.500,3153083.938,1584.438
2,190,3,5,1198,1199,1,3155666.188,3158224.000,2557.812
2,191,4,0,1200,1201,1,3159843.188,3162860.562,3017.375
2,192,4,1,1202,1203,1,3163997.625,3167330.375,3332.750
2,194,4,3,1206,1206,0,3172329.500,3173737.875,1408.375
2,195,4,4,1208,1209,1,3176507.750,3179198.125,2690.375
2,196,4,5,1210,1211,1,3180661.812,3183766.750,3104.938
2,197,9,0,1260,1260,0,3284811.562,3286397.125,1585.562
2,198,9,1,1262,1262,0,3288977.500,3290459.375,1481.875
2,199,9,2,1264,1265,1,3293143.500,3296110.812,2967.312
2,201,9,4,1268,1268,0,3301475.562,3302700.750,1225.188
2,202,9,5,1270,1270,0,3305641.500,3307718.125,2076.625
2,203,15,0,1332,1332,0,3434787.500,3436351.375,1563.875
2,204,15,1,1334,1334,0,3438953.500,3440802.875,1849.375
2,205,15,2,1336,1337,1,3443119.688,3446050.438,2930.750
2,206,15,3,1338,1339,1,3447285.562,3451144.312,3858.750
2,208,15,5,1342,1342,0,3455617.500,3456732.688,1115.188
2,209,0,0,1344,1344,0,3459783.500,3461680.125,1896.625
2,210,0,1,1346,1347,1,3463949.938,3466914.938,2965.000
2,211,0,2,1348,1349,1,3468115.625,3471568.062,3452.438
2,213,0,4,1352,1352,0,3476448.000,3477753.750,1305.750
2,214,0,5,1354,1355,1,3480615.812,3482889.312,2273.500
2,215,3,0,1380,1380,0,3534771.500,3536327.875,1556.375
2,216,3,1,1382,1383,1,3538937.562,3541757.000,2819.438
2,217,3,2,1384,1385,1,3543103.500,3545839.625,2736.125
2,218,3,3,1386,1387,1,3547279.938,3550318.438,3038.500
2,219,3,4,1388,1389,1,3551435.562,3555582.250,4146.688
2,221,4,0,1392,1392,0,3559767.500,3561633.688,1866.188
2,222,4,1,1394,1395,1,3563935.188,3567064.312,3129.125
2,223,4,2,1396,1397,1,3568111.688,3571962.250,3850.562
2,225,4,4,1400,1400,0,3576431.562,3577967.250,1535.688
2,226,4,5,1402,1403,1,3580606.188,3583133.312,2527.125
2,227,9,0,1452,1452,0,3684747.562,3686355.750,1608.188
2,228,9,1,1454,1455,1,3688913.500,3691943.062,3029.562
2,229,9,2,1456,1457,1,3693079.500,3696772.875,3693.375
2,231,9,4,1460,1460,0,3701411.688,3702944.062,1532.375
2,232,9,5,1462,1463,1,3705580.062,3708240.688,2660.625
2,233,15,0,1524,1524,0,3834726.625,3836341.438,1614.812
2,234,15,1,1526,1527,1,3838889.875,3841763.375,2873.500
2,235,15,2,1528,1529,1,3843055.562,3846444.875,3389.312
2,237,15,4,1532,1532,0,3851387.562,3852614.938,1227.375
2,238,15,5,1534,1534,0,3855554.875,3857612.188,2057.312
2,239,0,0,1536,1537,1,3859719.500,3862736.250,3016.750
2,240,0,1,1538,1539,1,3863885.562,3867992.375,4106.812
2,242,0,3,1542,1542,0,3872217.500,3873707.125,1489.625
2,243,0,4,1544,1545,1,3876383.562,3879497.875,3114.312
2,244,0,5,1546,1547,1,3880549.562,3884222.125,3672.562
2,245,3,0,1572,1572,0,3934707.500,3936237.562,1530.062
2,246,3,1,1574,1575,1,3938876.375,3941840.125,2963.750
2,247,3,2,1576,1577,1,3943039.562,3946672.938,3633.375
2,249,3,4,1580,1580,0,3951371.500,3952850.125,1478.625
2,250,3,5,1582,1583,1,3955543.750,3958149.750,2606.000
2,251,4,0,1584,1585,1,3959703.562,3963145.750,3442.188
2,253,4,2,1588,1588,0,3968035.500,3969314.625,1279.125
2,254,4,3,1590,1591,1,3972201.562,3974934.938,2733.375
2,255,4,4,1592,1593,1,3976367.500,3979372.000,3004.500
2,256,4,5,1594,1595,1,3980534.562,3984491.562,3957.000
2,257,9,0,1644,1644,0,4084683.500,4086294.438,1610.938
2,258,9,1,1646,1647,1,4088849.688,4091694.812,2845.125
2,259,9,2,1648,1649,1,4093015.500,4096134.000,3118.500
2,260,9,3,1650,1651,1,4097181.500,4100357.062,3175.562
2,261,9,4,1652,1653,1,4101348.250,4105387.812,4039.562
2,262,9,5,1654,1656,2,4105516.438,4110691.688,5175.250
2,263,15,0,1716,1716,0,4234659.500,4236216.750,1557.250
2,264,15,1,1718,1719,1,4238835.938,4241849.812,3013.875
2,265,15,2,1720,1721,1,4242991.562,4246700.875,3709.312
2,267,15,4,1724,1724,0,4251323.562,4252890.062,1566.500
2,268,15,5,1726,1727,1,4255492.375,4258019.250,2526.875
2,269,0,0,1728,1729,1,4259655.688,4263231.062,3575.375
2,271,0,2,1732,1732,0,4267987.562,4269358.688,1371.125
2,272,0,3,1734,1735,1,4272153.812,4274948.500,2794.688
2,273,0,4,1736,1737,1,4276319.500,4279645.250,3325.750
2,274,0,5,1738,1740,2,4280489.938,4285326.000,4836.062
2,275,3,0,1764,1764,0,4334643.500,4336237.312,1593.812
2,276,3,1,1766,1766,0,4338809.562,4340889.688,2080.125
2,277,3,2,1768,1769,1,4342975.562,4346106.625,3131.062
2,278,3,3,1770,1771,1,4347141.500,4351142.000,4000.500
2,279,3,4,1772,1773,1,4351312.125,4355202.250,3890.125
2,281,4,0,1776,1776,0,4359639.500,4361413.250,1773.750
2,282,4,1,1778,1779,1,4363805.688,4366830.375,3024.688
2,283,4,2,1780,1781,1,4367971.500,4371676.938,3705.438
2,285,4,4,1784,1784,0,4376303.500,4377844.875,1541.375
2,286,4,5,1786,1787,1,4380469.500,4382959.062,2489.562
2,287,9,0,1836,1836,0,4484619.500,4486172.312,1552.812
2,288,9,1,1838,1839,1,4488786.438,4491759.625,2973.188
2,289,9,2,1840,1841,1,4492951.625,4496601.688,3650.062
2,291,9,4,1844,1844,0,4501283.562,4502760.625,1477.062
2,292,9,5,1846,1847,1,4505454.188,4508065.875,2611.688
2,293,15,0,1908,1908,0,4634595.562,4636131.875,1536.312
2,294,15,1,1910,1911,1,4638762.938,4641553.500,2790.562
2,295,15,2,1912,1913,1,4642927.562,4646013.188,3085.625
2,296,15,3,1914,1915,1,4647093.500,4651243.250,4149.750
2,297,15,4,1916,1917,1,4651259.500,4655309.500,4050.000
2,299,0,0,1920,1920,0,4659591.562,4661536.625,1945.062
2,300,0,1,1922,1923,1,4663761.688,4666734.562,2972.875
2,301,0,2,1924,1925,1,4667923.500,4671784.688,3861.188
2,303,0,4,1928,1928,0,4676255.500,4677718.812,1463.312
2,304,0,5,1930,1931,1,4680421.500,4683013.938,2592.438
2,305,3,0,1956,1956,0,4734579.500,4736266.375,1686.875
2,306,3,1,1958,1958,0,4738749.688,4740310.375,1560.688
2,307,3,2,1960,1961,1,4742911.500,4745916.938,3005.438
2,308,3,3,1962,1963,1,4747085.938,4750562.688,3476.750
2,310,3,5,1966,1966,0,4755409.938,4756291.500,881.562
2,311,4,0,1968,1968,0,4759575.500,4761370.250,1794.750
2,312,4,1,1970,1970,0,4763741.625,4765824.938,2083.312
2,313,4,2,1972,1973,1,4767907.500,4771043.375,3135.875
2,314,4,3,1974,1975,1,4772073.750,4776080.250,4006.500
2,315,4,4,1976,1977,1,4776239.562,4780129.750,3890.188
2,316,4,5,1978,1980,2,4780409.500,4785442.625,5033.125
2,317,9,0,2028,2028,0,4884555.500,4886164.562,1609.062
2,318,9,1,2030,2030,0,4888721.625,4890801.688,2080.062
2,319,9,2,2032,2033,1,4892887.562,4896015.625,3128.062
2,320,9,3,2034,2035,1,4897053.562,4901035.750,3982.188
2,322,9,5,2038,2038,0,4905388.000,4906555.875,1167.875
2,323,15,0,2100,2100,0,5034531.500,5036140.312,1608.812
2,324,15,1,2102,2103,1,5038707.875,5041773.375,3065.500
2,325,15,2,2104,2105,1,5042863.938,5046435.750,3571.812
2,327,15,4,2108,2108,0,5051195.500,5052884.750,1689.250
2,328,15,5,2110,2111,1,5055365.312,5057951.438,2586.125
2,329,0,0,2112,2113,1,5059527.500,5062945.312,3417.812
2,331,0,2,2116,2116,0,5067859.500,5069081.000,1221.500
2,332,0,3,2118,2118,0,5072031.125,5074108.500,2077.375
2,333,0,4,2120,2121,1,5076191.562,5079309.000,3117.438
2,334,0,5,2122,2123,1,5080362.875,5084422.562,4059.688
2,335,3,0,2148,2148,0,5134515.562,5136051.750,1536.188
2,336,3,1,2150,2150,0,5138682.812,5140704.125,2021.312
2,337,3,2,2152,2153,1,5142847.500,5145908.812,3061.312
2,338,3,3,2154,2155,1,5147013.500,5150944.188,3930.688
2,340,3,5,2158,2158,0,5155350.062,5156470.312,1120.250
2,341,4,0,2160,2160,0,5159511.500,5161403.812,1892.312
2,342,4,1,2162,2162,0,5163687.062,5165274.625,1587.562
2,343,4,2,2164,2165,1,5167843.500,5170882.688,3039.188
2,344,4,3,2166,2167,1,5172012.250,5175529.938,3517.688
2,346,4,5,2170,2170,0,5180341.500,5181274.000,932.500
2,347,9,0,2220,2220,0,5284491.500,5286077.562,1586.062
2,348,9,1,2222,2223,1,5288669.188,5291701.625,3032.438
2,349,9,2,2224,2225,1,5292823.500,5295991.125,3167.625
2,351,9,4,2228,2228,0,5301155.562,5302539.688,1384.125
2,352,9,5,2230,2231,1,5305321.562,5307649.375,2327.812
2,353,15,0,2292,2292,0,5434467.562,5436001.125,1533.562
2,354,15,1,2294,2294,0,5438645.625,5440671.750,2026.125
2,355,15,2,2296,2297,1,5442799.500,5445906.938,3107.438
2,356,15,3,2298,2299,1,5446965.500,5450936.062,3970.562
2,358,15,5,2302,2302,0,5455297.500,5456310.000,1012.500
2,359,0,0,2304,2304,0,5459463.500,5461417.812,1954.312
2,360,0,1,2306,2306,0,5463629.688,5465270.375,1640.688
2,361,0,2,2308,2309,1,5467795.562,5470860.188,3064.625
2,362,0,3,2310,2311,1,5471963.062,5475501.438,3538.375
2,364,0,5,2314,2314,0,5480298.438,5481422.688,1124.250
2,365,3,0,2340,2340,0,5534451.500,5536134.688,1683.188
2,366,3,1,2342,2343,1,5538617.562,5541513.562,2896.000
2,367,3,2,2344,2345,1,5542783.625,5546155.938,3372.312
2,368,3,3,2346,2347,1,5546949.500,5550205.562,3256.062
2,370,3,5,2350,2350,0,5555281.500,5556141.188,859.688
2,371,4,0,2352,2352,0,5559447.688,5561450.312,2002.625
2,372,4,1,2354,2355,1,5563613.500,5566666.500,3053.000
2,373,4,2,2356,2357,1,5567780.188,5571714.000,3933.812
2,375,4,4,2360,2360,0,5576111.812,5577693.250,1581.438
2,376,4,5,2362,2363,1,5580277.625,5582994.375,2716.750
2,377,9,0,2412,2412,0,5684427.500,5686064.750,1637.250
2,378,9,1,2414,2414,0,5688593.625,5690489.438,1895.812
2,379,9,2,2416,2417,1,5692759.500,5695904.312,3144.812
2,380,9,3,2418,2419,1,5696925.562,5700723.500,3797.938
2,382,9,5,2422,2422,0,5705257.500,5706243.625,986.125
2,383,15,0,2484,2484,0,5834403.500,5836094.250,1690.750
2,384,15,1,2486,2487,1,5838570.000,5841702.812,3132.812
2,385,15,2,2488,2489,1,5842735.500,5846140.500,3405.000
2,386,15,3,2490,2491,1,5846912.438,5850208.375,3295.938
2,388,15,5,2494,2494,0,5855234.062,5856168.250,934.188
2,389,0,0,2496,2496,0,5859399.562,5861475.250,2075.688
2,390,0,1,2498,2499,1,5863565.500,5866697.688,3132.188
2,391,0,2,2500,2501,1,5867732.812,5871726.938,3994.125
2,393,0,4,2504,2504,0,5876063.750,5877475.125,1411.375
2,394,0,5,2506,2506,0,5880229.625,5882074.000,1844.375
2,395,3,0,2532,2532,0,5934387.500,5935902.688,1515.188
2,396,3,1,2534,2534,0,5938553.938,5940348.250,1794.312
2,397,3,2,2536,2537,1,5942719.500,5945753.875,3034.375
2,398,3,3,2538,2539,1,5946885.688,5950588.312,3702.625
2,400,3,5,2542,2542,0,5955222.125,5956315.375,1093.250
2,401,4,0,2544,2544,0,5959383.500,5961248.875,1865.375
2,402,4,1,2546,2547,1,5963558.562,5966491.312,2932.750
2,403,4,2,2548,2549,1,5967718.562,5971135.188,3416.625
2,404,4,3,2550,2551,1,5971881.500,5975186.312,3304.812
2,406,4,5,2554,2554,0,5980216.000,5981124.938,908.938
2,407,9,0,2604,2604,0,6084363.500,6086021.438,1657.938
2,408,9,1,2606,2607,1,6088529.688,6091656.125,3126.438
2,410,9,3,2610,2610,0,6096861.500,6098217.062,1355.562
2,411,9,4,2612,2613,1,6101027.500,6103820.938,2793.438
2,412,9,5,2614,2615,1,6105193.562,6108343.688,3150.125
2,413,15,0,2676,2676,0,6234340.125,6235976.688,1636.562
2,414,15,1,2678,2678,0,6238506.438,6240404.688,1898.250
2,415,15,2,2680,2681,1,6242671.562,6245627.625,2956.062
2,416,15,3,2682,2683,1,6246839.188,6250669.000,3829.812
2,418,15,5,2686,2686,0,6255169.500,6256219.375,1049.875
2,419,0,0,2688,2688,0,6259335.500,6261150.750,1815.250
2,420,0,1,2690,2691,1,6263509.812,6266574.125,3064.312
2,421,0,2,2692,2693,1,6267667.562,6271226.000,3558.438
2,422,0,3,2694,2695,1,6271844.938,6275271.125,3426.188
2,424,0,5,2698,2698,0,6280165.500,6280978.688,813.188
2,425,3,0,2724,2724,0,6334323.500,6335987.688,1664.188
2,426,3,1,2726,2727,1,6338489.625,6341403.312,2913.688
2,427,3,2,2728,2729,1,6342655.500,6345838.875,3183.375
2,429,3,4,2732,2732,0,6350987.500,6352206.500,1219.000
2,430,3,5,2734,2734,0,6355164.562,6357197.750,2033.188
2,431,4,0,2736,2736,0,6359319.562,6361346.438,2026.875
2,432,4,1,2738,2739,1,6363497.750,6366587.125,3089.375
2,433,4,2,2740,2741,1,6367651.500,6371409.188,3757.688
2,435,4,4,2744,2744,0,6375983.562,6377412.938,1429.375
2,436,4,5,2746,2747,1,6380149.562,6382714.062,2564.500
2,437,9,0,2796,2796,0,6484299.625,6485914.250,1614.625
2,438,9,1,2798,2798,0,6488465.500,6490344.875,1879.375
2,439,9,2,2800,2801,1,6492631.562,6495759.750,3128.188
2,440,9,3,2802,2803,1,6496797.688,6500578.938,3781.250
2,442,9,5,2806,2806,0,6505130.938,6506300.000,1169.062
2,443,15,0,2868,2868,0,6634276.312,6635861.438,1585.125
2,444,15,1,2870,2871,1,6638446.750,6641470.000,3023.250
2,445,15,2,2872,2873,1,6642607.500,6645902.000,3294.500
2,447,15,4,2876,2876,0,6650939.500,6652293.875,1354.375
2,448,15,5,2878,2878,0,6655105.875,6657107.688,2001.812
2,449,0,0,2880,2881,1,6659271.500,6662482.625,3211.125
2,450,0,1,2882,2883,1,6663437.688,6667450.188,4012.500
2,452,0,3,2886,2886,0,6671774.000,6673209.000,1435.000
2,453,0,4,2888,2888,0,6675935.500,6677607.625,1672.125
2,454,0,5,2890,2891,1,6680102.312,6682714.062,2611.750
2,455,3,0,2916,2916,0,6734259.500,6735872.875,1613.375
2,456,3,1,2918,2919,1,6738425.500,6741475.438,3049.938
2,457,3,2,2920,2921,1,6742591.688,6745724.375,3132.688
2,458,3,3,2922,2923,1,6746757.562,6750370.125,3612.562
2,460,3,5,2926,2926,0,6755089.500,6756109.438,1019.938
2,461,4,0,2928,2928,0,6759255.500,6761030.688,1775.188
2,462,4,1,2930,2931,1,6763423.188,6766260.875,2837.688
2,463,4,2,2932,2933,1,6767587.500,6770904.750,3317.250
2,465,4,4,2936,2936,0,6775919.500,6775956.875,37.375
2,466,4,5,2938,2938,0,6780088.625,6781081.125,992.500
2,467,9,0,2988,2988,0,6884235.562,6885767.125,1531.562
2,468,9,1,2990,2991,1,6888401.500,6891143.000,2741.500
2,469,9,2,2992,2993,1,6892567.500,6895782.375,3214.875
2,471,9,4,2996,2996,0,6900899.500,6902193.938,1294.438
2,472,9,5,2998,2998,0,6905065.500,6906969.000,1903.500
2,473,15,0,3060,3060,0,7034212.062,7035897.000,1684.938
2,474,15,1,3062,3063,1,7038380.812,7041505.875,3125.062
2,475,15,2,3064,3065,1,7042543.500,7046356.938,3813.438
2,477,15,4,3068,3068,0,7050875.562,7052357.438,1481.875
2,478,15,5,3070,3071,1,7055044.250,7057675.312,2631.062
2,479,0,0,3072,3073,1,7059207.500,7062656.938,3449.438
2,481,0,2,3076,3076,0,7067539.500,7069000.438,1460.938
2,482,0,3,3078,3079,1,7071706.250,7074604.250,2898.000
2,483,0,4,3080,3081,1,7075871.562,7079041.938,3170.375
2,484,0,5,3082,3083,1,7080046.688,7084173.688,4127.000
2,485,3,0,3108,3108,0,7134195.500,7135839.500,1644.000
2,486,3,1,3110,3111,1,7138361.500,7141066.438,2704.938
2,487,3,2,3112,3113,1,7142527.562,7145696.562,3169.000
2,488,3,3,3114,3115,1,7146695.688,7150731.938,4036.250
2,490,3,5,3118,3118,0,7155025.562,7156069.375,1043.812
2,491,4,0,3120,3120,0,7159192.125,7160990.625,1798.500
2,492,4,1,3122,3123,1,7163359.812,7166407.750,3047.938
2,493,4,2,3124,3125,1,7167523.500,7170645.938,3122.438
2,494,4,3,3126,3127,1,7171696.875,7175305.438,3608.562
2,496,4,5,3130,3130,0,7180021.500,7181035.500,1014.000
2,497,9,0,3180,3180,0,7284171.562,7285781.625,1610.062
2,498,9,1,3182,3183,1,7288342.375,7291381.188,3038.812
2,499,9,2,3184,3185,1,7292503.625,7296211.000,3707.375
2,500,9,3,3186,3187,1,7296673.125,7300257.625,3584.500
2,502,9,5,3190,3190,0,7305001.500,7306232.125,1230.625
2,503,15,0,3252,3252,0,7434147.562,7435734.125,1586.562
2,504,15,1,3254,3255,1,7438313.500,7441168.000,2854.500
2,505,15,2,3256,3257,1,7442483.438,7445639.938,3156.500
2,507,15,4,3260,3260,0,7450811.500,7452031.812,1220.312
2,508,15,5,3262,3262,0,7454981.938,7457016.812,2034.875
2,509,0,0,3264,3265,1,7459143.562,7462128.625,2985.062
2,510,0,1,3266,3267,1,7463316.438,7467158.375,3841.938
2,511,0,2,3268,3269,1,7467475.500,7471440.500,3965.000
2,513,0,4,3272,3272,0,7475807.625,7477345.562,1537.938
2,514,0,5,3274,3275,1,7479973.625,7482640.688,2667.062
2,515,3,0,3300,3300,0,7534131.562,7535660.250,1528.688
2,516,3,1,3302,3303,1,7538297.938,7541250.562,2952.625
2,517,3,2,3304,3305,1,7542463.562,7546095.625,3632.062
2,519,3,4,3308,3308,0,7550795.500,7552260.562,1465.062
2,520,3,5,3310,3310,0,7554962.188,7556267.812,1305.625
2,521,4,0,3312,3313,1,7559127.562,7561986.312,2858.750
2,522,4,1,3314,3315,1,7563304.188,7566701.812,3397.625
2,524,4,3,3318,3318,0,7571627.000,7572823.250,1196.250
2,525,4,4,3320,3320,0,7575791.562,7577846.125,2054.562
2,526,4,5,3322,3323,1,7579961.438,7582958.562,2997.125
2,527,9,0,3372,3372,0,7684107.500,7685617.125,1509.625
2,528,9,1,3374,3375,1,7688273.500,7691017.500,2744.000
2,529,9,2,3376,3377,1,7692439.500,7695443.688,3004.188
2,530,9,3,3378,3379,1,7696605.938,7700677.000,4071.062
2,532,9,5,3382,3382,0,7704937.500,7706008.438,1070.938
2,533,15,0,3444,3444,0,7834083.500,7835773.812,1690.312
2,534,15,1,3446,3447,1,7838256.812,7841382.375,3125.562
2,535,15,2,3448,3449,1,7842415.562,7846057.000,3641.438
2,537,15,4,3452,3452,0,7850747.500,7852258.750,1511.250
2,538,15,5,3454,3455,1,7854913.562,7857365.188,2451.625
2,539,0,0,3456,3457,1,7859079.500,7862608.188,3528.688
2,541,0,2,3460,3460,0,7867411.500,7868714.812,1303.312
2,542,0,3,3462,3463,1,7871577.500,7874316.875,2739.375
2,543,0,4,3464,3465,1,7875743.562,7878992.438,3248.875
2,544,0,5,3466,3468,2,7879915.938,7884104.438,4188.500
2,545,3,0,3492,3492,0,7934067.562,7935596.000,1528.438
2,546,3,1,3494,3494,0,7938245.438,7939853.188,1607.750
2,547,3,2,3496,3496,0,7942399.500,7944273.500,1874.000
2,548,3,3,3498,3499,1,7946565.500,7949490.438,2924.938
2,549,3,4,3500,3501,1,7950731.562,7954536.438,3804.875
2,551,4,0,3504,3504,0,7959063.500,7960960.625,1897.125
2,552,4,1,3506,3507,1,7963232.688,7966176.812,2944.125
2,553,4,2,3508,3509,1,7967395.500,7971023.375,3627.875
2,555,4,4,3512,3512,0,7975727.562,7977191.312,1463.750
2,556,4,5,3514,3514,0,7979904.750,7981187.812,1283.062
2,557,9,0,3564,3564,0,8084043.500,8085681.312,1637.812
2,558,9,1,3566,3567,1,8088209.500,8091280.875,3071.375
2,559,9,2,3568,3569,1,8092375.500,8095909.750,3534.250
2,561,9,4,3572,3572,0,8100710.562,8102278.250,1567.688
2,562,9,5,3574,3575,1,8104873.500,8107377.562,2504.062
2,563,15,0,3636,3636,0,8234019.500,8235658.938,1639.438
2,564,15,1,3638,3638,0,8238185.625,8239721.188,1535.562
2,565,15,2,3640,3640,0,8242352.312,8244372.938,2020.625
2,566,15,3,3642,3643,1,8246520.875,8249595.875,3075.000
2,567,15,4,3644,3645,1,8250683.500,8254647.875,3964.375
2,569,0,0,3648,3648,0,8259015.500,8260862.750,1847.250
2,570,0,1,3650,3651,1,8263181.500,8266273.875,3092.375
2,571,0,2,3652,3653,1,8267350.500,8271135.312,3784.812
2,573,0,4,3656,3656,0,8275679.500,8277270.375,1590.875
2,574,0,5,3658,3658,0,8279846.562,8281273.125,1426.562
2,575,3,0,3684,3684,0,8334003.500,8335617.312,1613.812
2,576,3,1,3686,3687,1,8338172.625,8341219.875,3047.250
2,577,3,2,3688,3689,1,8342335.500,8345864.000,3528.500
2,579,3,4,3692,3692,0,8350667.500,8352042.938,1375.438
2,580,3,5,3694,3695,1,8354833.500,8357153.875,2320.375
2,581,4,0,3696,3697,1,8358999.500,8362135.875,3136.375
2,582,4,1,3698,3699,1,8363165.625,8366161.375,2995.750
2,583,4,2,3700,3701,1,8367331.625,8371409.812,4078.188
2,585,4,4,3704,3704,0,8375663.500,8377200.375,1536.875
2,586,4,5,3706,3707,1,8379834.250,8382702.438,2868.188
2,587,9,0,3756,3756,0,8483979.500,8485642.312,1662.812
2,588,9,1,3758,3758,0,8488145.500,8490066.250,1920.750
2,589,9,2,3760,3760,0,8492311.500,8494289.312,1977.812
2,590,9,3,3762,3763,1,8496480.562,8499503.250,3022.688
2,591,9,4,3764,3765,1,8500643.500,8504546.250,3902.750
2,592,9,5,3766,3768,2,8504819.688,8509862.375,5042.688
2,593,15,0,3828,3828,0,8633955.500,8635649.500,1694.000
2,594,15,1,3830,3831,1,8638121.625,8641069.375,2947.750
2,595,15,2,3832,3833,1,8642287.500,8645991.562,3704.062
2,597,15,4,3836,3836,0,8650619.500,8652109.625,1490.125
2,598,15,5,3838,3839,1,8654785.500,8657240.562,2455.062
2,599,0,0,3840,3841,1,8658951.500,8662232.688,3281.188
2,600,0,1,3842,3843,1,8663117.562,8666264.438,3146.875
2,602,0,3,3846,3846,0,8671452.938,8672621.438,1168.500
2,603,0,4,3848,3848,0,8675615.562,8677638.312,2022.750
2,604,0,5,3850,3851,1,8679781.750,8682732.500,2950.750
2,605,3,0,3876,3876,0,8733939.562,8735571.375,1631.812
2,606,3,1,3878,3878,0,8738117.312,8739987.188,1869.875
2,607,3,2,3880,3881,1,8742271.500,8745204.125,2932.625
2,608,3,3,3882,3883,1,8746439.812,8749442.438,3002.625
2,609,3,4,3884,3885,1,8750604.000,8754287.500,3683.500
2,611,4,0,3888,3888,0,8758936.688,8760735.062,1798.375
2,612,4,1,3890,3891,1,8763101.625,8766152.188,3050.562
2,613,4,2,3892,3893,1,8767267.500,8770797.812,3530.312
2,615,4,4,3896,3896,0,8775599.500,8776979.750,1380.250
2,616,4,5,3898,3899,1,8779765.500,8782092.188,2326.688
2,617,9,0,3948,3948,0,8883915.500,8885480.250,1564.750
2,618,9,1,3950,3951,1,8888081.562,8891079.812,2998.250
2,619,9,2,3952,3953,1,8892247.500,8895720.938,3473.438
2,621,9,4,3956,3956,0,8900579.500,8901881.625,1302.125
2,622,9,5,3958,3959,1,8904745.500,8906860.625,2115.125
2,623,15,0,4020,4020,0,9033891.500,9035474.938,1583.438
2,624,15,1,4022,4022,0,9038057.562,9040133.312,2075.750
2,625,15,2,4024,4025,1,9042223.500,9045356.250,3132.750
2,626,15,3,4026,4027,1,9046391.562,9049411.875,3020.312
2,627,15,4,4028,4029,1,9050555.625,9054451.625,3896.000
2,629,0,0,4032,4032,0,9058887.625,9060678.750,1791.125
2,630,0,1,4034,4035,1,9063053.562,9066077.625,3024.062
2,631,0,2,4036,4037,1,9067219.500,9070717.250,3497.750
2,633,0,4,4040,4040,0,9075551.750,9077049.625,1497.875
2,634,0,5,4042,4043,1,9079718.688,9082170.062,2451.375
2,635,3,0,4068,4068,0,9133875.500,9135411.812,1536.312
2,636,3,1,4070,4071,1,9138050.812,9141014.375,2963.562
2,637,3,2,4072,4073,1,9142207.500,9145451.688,3244.188
2,639,3,4,4076,4076,0,9150545.250,9151843.812,1298.562
2,640,3,5,4078,4079,1,9154705.500,9156954.750,2249.250
2,641,4,0,4080,4081,1,9158871.562,9161949.000,3077.438
2,642,4,1,4082,4083,1,9163038.188,9166972.500,3934.312
2,644,4,3,4086,4086,0,9171369.500,9172974.625,1605.125
2,645,4,4,4088,4088,0,9175535.562,9177220.312,1684.750
2,646,4,5,4090,4091,1,9179706.188,9182332.750,2626.562
2,647,9,0,4140,4140,0,9283851.562,9285491.000,1639.438
2,648,9,1,4142,4143,1,9288017.500,9291090.562,3073.062
2,649,9,2,4144,4145,1,9292183.500,9296121.312,3937.812
2,651,9,4,4148,4148,0,9300515.500,9302079.312,1563.812
2,652,9,5,4150,4150,0,9304686.375,9306272.250,1585.875
2,653,15,0,4212,4212,0,9433827.500,9435473.562,1646.062
2,654,15,1,4214,4215,1,9437994.625,9441150.188,3155.562
2,656,15,3,4218,4218,0,9446325.562,9447751.875,1426.312
2,657,15,4,4220,4221,1,9450491.562,9453366.188,2874.625
2,658,15,5,4222,4223,1,9454657.688,9457897.938,3240.250
2,659,0,0,4224,4225,1,9458823.812,9462891.812,4068.000
2,661,0,2,4228,4228,0,9467155.562,9468638.875,1483.312
2,662,0,3,4230,4230,0,9471321.500,9473291.062,1969.562
2,663,0,4,4232,4233,1,9475487.500,9478491.250,3003.750
2,664,0,5,4234,4235,1,9479653.500,9483403.875,3750.375
2,665,3,0,4260,4260,0,9533811.500,9535472.750,1661.250
2,666,3,1,4262,4263,1,9537977.500,9541075.312,3097.812
2,667,3,2,4264,4265,1,9542143.500,9545920.375,3776.875
2,669,3,4,4268,4268,0,9550475.500,9552085.312,1609.812
2,670,3,5,4270,4271,1,9554643.500,9557196.250,2552.750
2,671,4,0,4272,4273,1,9558807.500,9561784.812,2977.312
2,672,4,1,4274,4275,1,9562973.500,9566418.688,3445.188
2,674,4,3,4278,4278,0,9571305.562,9572611.250,1305.688
2,675,4,4,4280,4281,1,9575471.562,9578231.562,2760.000
2,676,4,5,4282,4283,1,9579637.500,9582746.562,3109.062
2,677,9,0,4332,4332,0,9683787.500,9685423.500,1636.000
2,678,9,1,4334,4334,0,9687953.500,9689464.500,1511.000
2,679,9,2,4336,4337,1,9692122.438,9695157.312,3034.875
2,681,9,4,4340,4340,0,9700458.688,9701732.125,1273.438
2,682,9,5,4342,4343,1,9704621.062,9706735.625,2114.562
2,683,15,0,4404,4404,0,9833763.500,9835423.938,1660.438
2,684,15,1,4406,4407,1,9837929.562,9841032.500,3102.938
2,685,15,2,4408,4409,1,9842095.500,9845883.562,3788.062
2,687,15,4,4412,4412,0,9850427.562,9851884.062,1456.500
2,688,15,5,4414,4415,1,9854603.562,9857226.750,2623.188
2,689,0,0,4416,4417,1,9858759.500,9862409.312,3649.812
2,691,0,2,4420,4420,0,9867091.500,9868576.375,1484.875
2,692,0,3,4422,4423,1,9871258.188,9874180.188,2922.000
2,693,0,4,4424,4425,1,9875423.562,9878868.000,3444.438
2,694,0,5,4426,4428,2,9879592.062,9884545.438,4953.375
2,695,3,0,4452,4452,0,9933747.562,9935306.438,1558.875
2,696,3,1,4454,4455,1,9937913.500,9940722.062,2808.562
2,697,3,2,4456,4457,1,9942079.500,9944221.875,2142.375
2,698,3,3,4458,4459,1,9946245.500,9949401.812,3156.312
2,699,3,4,4460,4461,1,9950411.562,9954435.562,4024.000
2,701,4,0,4464,4464,0,9958743.875,9960646.562,1902.688
2,702,4,1,4466,4467,1,9962909.750,9965875.000,2965.250
2,703,4,2,4468,4469,1,9967075.500,9970898.000,3822.500
2,705,4,4,4472,4472,0,9975407.562,9976889.500,1481.938
2,706,4,5,4474,4475,1,9979573.500,9982190.625,2617.125
2,707,9,0,4524,4524,0,10083723.500,10085405.625,1682.125
2,708,9,1,4526,4527,1,10087890.562,10090992.938,3102.375
2,709,9,2,4528,4529,1,10092055.500,10095835.000,3779.500
2,711,9,4,4532,4532,0,10100387.562,10101993.938,1606.375
2,712,9,5,4534,4535,1,10104564.375,10107114.125,2549.750
2,713,15,0,4596,4596,0,10233702.688,10235259.062,1556.375
2,714,15,1,4598,4599,1,10237865.500,10240656.188,2790.688
2,715,15,2,4600,4601,1,10242031.500,10244911.125,2879.625
2,716,15,3,4602,4603,1,10246197.625,10249348.688,3151.062
2,718,15,5,4606,4606,0,10254531.000,10255338.188,807.188
2,719,0,0,4608,4608,0,10258695.500,10260615.562,1920.062
2,720,0,1,4610,4611,1,10262864.188,10265813.500,2949.312
2,721,0,2,4612,4613,1,10267027.500,10270842.750,3815.250
2,723,0,4,4616,4616,0,10275359.562,10276797.750,1438.188
2,724,0,5,4618,4619,1,10279525.875,10282105.125,2579.250
2,725,3,0,4644,4644,0,10333683.562,10335290.500,1606.938
2,726,3,1,4646,4647,1,10337851.250,10340893.062,3041.812
2,727,3,2,4648,4649,1,10342015.500,10345725.875,3710.375
2,729,3,4,4652,4652,0,10350347.562,10351903.062,1555.500
2,730,3,5,4654,4655,1,10354518.875,10357001.750,2482.875
2,731,4,0,4656,4657,1,10358679.500,10361997.750,3318.250
2,733,4,2,4660,4660,0,10367011.500,10368367.250,1355.750
2,734,4,3,4662,4662,0,10371177.562,10372615.938,1438.375
2,735,4,4,4664,4665,1,10375343.562,10377488.875,2145.312
2,736,4,5,4666,4667,1,10379521.812,10382588.812,3067.000
2,737,9,0,4716,4716,0,10483659.500,10485215.125,1555.625
2,738,9,1,4718,4719,1,10487825.562,10490615.500,2789.938
2,739,9,2,4720,4721,1,10491991.500,10495263.500,3272.000
2,740,9,3,4722,4723,1,10496157.500,10499301.500,3144.000
2,741,9,4,4724,4725,1,10500328.188,10504344.500,4016.312
2,742,9,5,4726,4728,2,10504491.438,10509648.375,5156.938
2,743,15,0,4788,4788,0,10633635.562,10635241.500,1605.938
2,744,15,1,4790,4791,1,10637802.125,10640850.062,3047.938
2,745,15,2,4792,4793,1,10641967.500,10645701.125,3733.625
2,747,15,4,4796,4796,0,10650299.562,10651890.312,1590.750
2,748,15,5,4798,4799,1,10654466.188,10657019.500,2553.312
2,749,0,0,4800,4801,1,10658631.500,10662001.125,3369.625
2,751,0,2,4804,4804,0,10666963.500,10668346.688,1383.188
2,752,0,3,4806,4807,1,10671129.500,10673948.750,2819.250
2,753,0,4,4808,4809,1,10675295.562,10678379.812,3084.250
2,754,0,5,4810,4811,1,10679461.625,10683493.375,4031.750
2,755,3,0,4836,4836,0,10733619.500,10735159.188,1539.688
2,756,3,1,4838,4839,1,10737785.562,10740651.812,2866.250
2,757,3,2,4840,4841,1,10741951.562,10746085.688,4134.125
2,759,3,4,4844,4844,0,10750283.500,10751666.438,1382.938
2,760,3,5,4846,4846,0,10754450.812,10755472.750,1021.938
2,761,4,0,4848,4848,0,10758615.500,10760536.062,1920.562
2,762,4,1,4850,4851,1,10762791.438,10765776.750,2985.312
2,763,4,2,4852,4853,1,10766947.562,10770623.312,3675.750
2,765,4,4,4856,4856,0,10775279.500,10776791.250,1511.750
2,766,4,5,4858,4859,1,10779445.500,10782142.312,2696.812
2,767,9,0,4908,4908,0,10883595.500,10885281.250,1685.750
2,768,9,1,4910,4911,1,10887764.250,10890868.562,3104.312
2,769,9,2,4912,4913,1,10891927.500,10895509.688,3582.188
2,771,9,4,4916,4916,0,10900259.812,10901878.188,1618.375
2,772,9,5,4918,4919,1,10904425.938,10906965.250,2539.312
2,773,15,0,4980,4980,0,11033571.688,11035238.500,1666.812
2,774,15,1,4982,4983,1,11037737.500,11040471.438,2733.938
2,775,15,2,4984,4985,1,11041903.500,11045119.812,3216.312
2,776,15,3,4986,4987,1,11046069.500,11050161.188,4091.688
2,777,15,4,4988,4989,1,11050235.500,11054239.688,4004.188
2,779,0,0,4992,4992,0,11058567.562,11060442.312,1874.750
2,780,0,1,4994,4995,1,11062739.188,11065841.188,3102.000
2,781,0,2,4996,4997,1,11066899.562,11070681.750,3782.188
2,783,0,4,5000,5000,0,11075231.500,11076825.438,1593.938
2,784,0,5,5002,5003,1,11079397.562,11081931.875,2534.312
2,785,3,0,5028,5028,0,11133555.500,11135172.062,1616.562
2,786,3,1,5030,5030,0,11137721.500,11139228.312,1506.812
2,787,3,2,5032,5033,1,11141887.688,11145052.812,3165.125
2,788,3,3,5034,5035,1,11146056.375,11149444.250,3387.875
2,790,3,5,5038,5038,0,11154387.000,11155378.125,991.125
2,791,4,0,5040,5041,1,11158551.500,11161273.062,2721.562
2,792,4,1,5042,5043,1,11162717.500,11165905.188,3187.688
2,793,4,2,5044,5045,1,11166883.500,11170952.688,4069.188
2,795,4,4,5048,5048,0,11175215.625,11176725.125,1509.500
2,796,4,5,5050,5050,0,11179384.375,11180532.938,1148.562
2,797,9,0,5100,5100,0,11283531.500,11285191.625,1660.125
2,798,9,1,5102,5103,1,11287699.562,11290403.312,2703.750
2,799,9,2,5104,5105,1,11291863.562,11294823.625,2960.062
2,800,9,3,5106,5107,1,11296030.062,11300044.688,4014.625
2,802,9,5,5110,5110,0,11304364.312,11305376.125,1011.812
2,803,15,0,5172,5172,0,11433507.500,11435190.875,1683.375
2,804,15,1,5174,5174,0,11437674.062,11439240.875,1566.812
2,805,15,2,5176,5177,1,11441839.562,11444853.438,3013.875
2,806,15,3,5178,5179,1,11446015.562,11449517.438,3501.875
2,808,15,5,5182,5182,0,11454348.875,11455492.562,1143.688
2,809,0,0,5184,5185,1,11458503.500,11461385.375,2881.875
2,810,0,1,5186,5187,1,11462670.375,11465798.312,3127.938
2,812,0,3,5190,5190,0,11471001.750,11472179.812,1178.062
2,813,0,4,5192,5192,0,11475167.688,11477196.688,2029.000
2,814,0,5,5194,5194,0,11479340.062,11481187.188,1847.125
2,815,3,0,5220,5220,0,11533491.500,11535075.875,1584.375
2,816,3,1,5222,5222,0,11537657.500,11539716.000,2058.500
2,817,3,2,5224,5225,1,11541823.562,11544945.188,3121.625
2,818,3,3,5226,5227,1,11545989.625,11549956.062,3966.438
2,820,3,5,5230,5230,0,11554323.562,11555494.438,1170.875
2,821,4,0,5232,5232,0,11558487.500,11560415.688,1928.188
2,822,4,1,5234,5234,0,11562658.812,11564274.250,1615.438
2,823,4,2,5236,5237,1,11566819.500,11569882.312,3062.812
2,824,4,3,5238,5239,1,11570985.562,11574529.562,3544.000
2,826,4,5,5242,5242,0,11579318.750,11580279.500,960.750
2,827,9,0,5292,5292,0,11683467.500,11685123.188,1655.688
2,828,9,1,5294,5295,1,11687638.750,11690710.500,3071.750
2,829,9,2,5296,5297,1,11691799.500,11694757.250,2957.750
2,830,9,3,5298,5299,1,11695965.562,11699398.250,3432.688
2,832,9,5,5302,5302,0,11704297.562,11705084.312,786.750
2,833,15,0,5364,5364,0,11833443.500,11834982.062,1538.562
2,834,15,1,5366,5366,0,11837609.500,11839640.438,2030.938
2,835,15,2,5368,5369,1,11841775.562,11844863.375,3087.812
2,836,15,3,5370,5371,1,11845942.125,11849904.750,3962.625
2,838,15,5,5374,5374,0,11854273.500,11855266.438,992.938
2,839,0,0,5376,5376,0,11858439.812,11860386.500,1946.688
2,840,0,1,5378,5378,0,11862616.188,11864251.312,1635.125
2,841,0,2,5380,5381,1,11866771.562,11869853.375,3081.812
2,842,0,3,5382,5383,1,11870937.812,11874482.375,3544.562
2,844,0,5,5386,5386,0,11879275.312,11880444.938,1169.625
2,845,3,0,5412,5412,0,11933427.562,11935043.500,1615.938
2,846,3,1,5414,5415,1,11937603.562,11940670.562,3067.000
2,847,3,2,5416,5417,1,11941760.688,11945102.250,3341.562
2,848,3,3,5418,5419,1,11945925.812,11949151.875,3226.062
2,850,3,5,5422,5422,0,11954257.625,11955087.500,829.875
2,851,4,0,5424,5425,1,11958423.562,11961229.375,2805.812
2,852,4,1,5426,5427,1,11962589.500,11966652.250,4062.750
2,854,4,3,5430,5430,0,11970922.312,11972435.312,1513.000
2,855,4,4,5432,5432,0,11975087.625,11976857.875,1770.250
2,856,4,5,5434,5435,1,11979253.500,11981940.688,2687.188
2,857,9,0,5484,5484,0,12083403.625,12085034.125,1630.500
2,858,9,1,5486,5486,0,12087570.188,12089446.562,1876.375
2,859,9,2,5488,5489,1,12091735.500,12094849.188,3113.688
2,860,9,3,5490,5491,1,12095901.625,12099680.625,3779.000
2,862,9,5,5494,5494,0,12104233.500,12105200.750,967.250
2,863,15,0,5556,5556,0,12233379.500,12235063.625,1684.125
2,864,15,1,5558,5559,1,12237545.562,12240672.188,3126.625
2,865,15,2,5560,5561,1,12241711.500,12245115.500,3404.000
2,866,15,3,5562,5563,1,12245887.125,12249422.312,3535.188
2,868,15,5,5566,5566,0,12254209.750,12255143.250,933.500
2,869,0,0,5568,5568,0,12258375.562,12260425.750,2050.188
2,870,0,1,5570,5571,1,12262544.438,12265635.938,3091.500
2,871,0,2,5572,5573,1,12266707.500,12270677.438,3969.938
2,873,0,4,5576,5576,0,12275039.500,12276437.875,1398.375
2,874,0,5,5578,5578,0,12279205.750,12281024.500,1818.750
2,875,3,0,5604,5604,0,12333363.500,12335003.500,1640.000
2,876,3,1,5606,5607,1,12337531.312,12340606.062,3074.750
2,877,3,2,5608,5609,1,12341695.688,12345426.625,3730.938
2,879,3,4,5612,5612,0,12350027.500,12351616.062,1588.562
2,880,3,5,5614,5615,1,12354198.312,12356727.000,2528.688
2,881,4,0,5616,5617,1,12358359.562,12361911.688,3552.125
2,883,4,2,5620,5620,0,12366695.312,12368329.375,1634.062
2,884,4,3,5622,5623,1,12370857.500,12373700.562,2843.062
2,885,4,4,5624,5625,1,12375023.500,12377977.750,2954.250
2,886,4,5,5626,5628,2,12379189.500,12384090.500,4901.000
2,887,9,0,5676,5676,0,12483339.500,12484897.812,1558.312
2,888,9,1,5678,5679,1,12487510.750,12490497.375,2986.625
2,889,9,2,5680,5681,1,12491671.500,12495167.750,3496.250
2,891,9,4,5684,5684,0,12500003.562,12501299.188,1295.625
2,892,9,5,5686,5686,0,12504181.375,12505301.688,1120.312
2,893,15,0,5748,5748,0,12633315.688,12634900.250,1584.562
2,894,15,1,5750,5750,0,12637482.188,12639351.812,1869.625
2,895,15,2,5752,5753,1,12641647.562,12644763.438,3115.875
2,896,15,3,5754,5755,1,12645814.375,12649616.125,3801.750
2,898,15,5,5758,5758,0,12654145.562,12655166.500,1020.938
2,899,0,0,5760,5760,0,12658311.500,12660085.625,1774.125
2,900,0,1,5762,5763,1,12662477.562,12665496.750,3019.188
2,901,0,2,5764,5765,1,12666643.500,12670136.375,3492.875
2,902,0,3,5766,5767,1,12670809.625,12674169.250,3359.625
2,904,0,5,5770,5770,0,12679143.062,12680083.625,940.562
2,905,3,0,5796,5796,0,12733299.500,12734881.438,1581.938
2,906,3,1,5798,5799,1,12737465.500,12740284.812,2819.312
2,907,3,2,5800,5801,1,12741631.500,12744927.188,3295.688
2,908,3,3,5802,5803,1,12745797.562,12749962.562,4165.000
2,910,3,5,5806,5806,0,12754129.500,12755300.000,1170.500
2,911,4,0,5808,5808,0,12758295.562,12760221.562,1926.000
2,912,4,1,5810,5811,1,12762461.750,12765437.750,2976.000
2,913,4,2,5812,5813,1,12766627.500,12770473.000,3845.500
2,915,4,4,5816,5816,0,12774959.500,12776464.500,1505.000
2,916,4,5,5818,5819,1,12779125.500,12781765.625,2640.125
2,917,9,0,5868,5868,0,12883275.562,12884916.938,1641.375
2,918,9,1,5870,5870,0,12887445.062,12889347.562,1902.500
2,919,9,2,5872,5873,1,12891607.562,12894750.188,3142.625
2,920,9,3,5874,5875,1,12895775.188,12899593.875,3818.688
2,922,9,5,5878,5878,0,12904107.875,12905101.750,993.875
2,923,15,0,5940,5940,0,13033251.562,13034816.500,1564.938
2,924,15,1,5942,5943,1,13037421.938,13040437.312,3015.375
2,925,15,2,5944,5945,1,13041583.562,13044875.000,3291.438
2,927,15,4,5948,5948,0,13049915.500,13051266.875,1351.375
2,928,15,5,5950,5951,1,13054085.750,13056383.812,2298.062
2,929,0,0,5952,5952,0,13058247.500,13060197.500,1950.000
2,930,0,1,5954,5955,1,13062420.562,13065407.688,2987.125
2,931,0,2,5956,5957,1,13066579.562,13070436.938,3857.375
2,933,0,4,5960,5960,0,13074911.562,13076391.938,1480.375
2,934,0,5,5962,5963,1,13079077.500,13081662.562,2585.062
2,935,3,0,5988,5988,0,13133235.562,13134791.875,1556.312
2,936,3,1,5990,5991,1,13137404.812,13140382.188,2977.375
2,937,3,2,5992,5993,1,13141567.500,13144631.125,3063.625
2,938,3,3,5994,5995,1,13145735.625,13149527.750,3792.125
2,940,3,5,5998,5998,0,13154065.500,13155210.750,1145.250
2,941,4,0,6000,6001,1,13158231.625,13161292.625,3061.000
2,942,4,1,6002,6003,1,13162397.688,13165702.188,3304.500
2,944,4,3,6006,6006,0,13170729.500,13172083.438,1353.938
2,945,4,4,6008,6008,0,13174895.562,13176917.625,2022.062
2,946,4,5,6010,6011,1,13179062.562,13182030.062,2967.500
2,947,9,0,6060,6060,0,13283211.562,13284845.625,1634.062
2,948,9,1,6062,6063,1,13287386.750,13290270.500,2883.750
2,949,9,2,6064,6065,1,13291543.500,13294703.062,3159.562
2,951,9,4,6068,6068,0,13299875.500,13301052.438,1176.938
2,952,9,5,6070,6070,0,13304041.500,13306028.438,1986.938
2,953,15,0,6132,6132,0,13433187.500,13434851.312,1663.812
2,954,15,1,6134,6135,1,13437353.688,13440459.875,3106.188
2,955,15,2,6136,6137,1,13441519.500,13444526.125,3006.625
2,956,15,3,6138,6139,1,13445688.250,13449378.812,3690.562
2,958,15,5,6142,6142,0,13454017.625,13455117.875,1100.250
2,959,0,0,6144,6144,0,13458183.750,13460037.000,1853.250
2,960,0,1,6146,6147,1,13462349.500,13465236.688,2887.188
2,961,0,2,6148,6149,1,13466515.500,13469862.312,3346.812
2,963,0,4,6152,6152,0,13474847.500,13476278.062,1430.562
2,964,0,5,6154,6155,1,13479015.750,13481315.125,2299.375
2,965,3,0,6180,6180,0,13533171.688,13534763.125,1591.438
2,966,3,1,6182,6183,1,13537337.500,13540205.500,2868.000
2,967,3,2,6184,6185,1,13541503.500,13545627.125,4123.625
2,969,3,4,6188,6188,0,13549835.562,13551396.562,1561.000
2,970,3,5,6190,6190,0,13554001.500,13555799.000,1797.500
2,971,4,0,6192,6193,1,13558167.500,13561113.875,2946.375
2,972,4,1,6194,6195,1,13562333.500,13566137.375,3803.875
2,973,4,2,6196,6197,1,13566499.500,13570186.875,3687.375
2,975,4,4,6200,6200,0,13574831.562,13576367.062,1535.500
2,976,4,5,6202,6203,1,13578997.562,13581479.500,2481.938
2,977,9,0,6252,6252,0,13683147.625,13684733.188,1585.562
2,978,9,1,6254,6255,1,13687313.500,13690332.750,3019.250
2,979,9,2,6256,6257,1,13691479.500,13695162.562,3683.062
2,980,9,3,6258,6259,1,13695650.562,13699209.188,3558.625
2,982,9,5,6262,6262,0,13703978.250,13705124.812,1146.562
2,983,15,0,6324,6324,0,13833123.562,13834737.250,1613.688
2,984,15,1,6326,6327,1,13837289.562,13840158.875,2869.312
2,985,15,2,6328,6329,1,13841455.562,13844612.688,3157.125
2,987,15,4,6332,6332,0,13849787.500,13851004.562,1217.062
2,988,15,5,6334,6334,0,13853954.875,13855989.562,2034.688
2,989,0,0,6336,6337,1,13858119.562,13861101.375,2981.812
2,990,0,1,6338,6339,1,13862285.500,13866131.125,3845.625
2,991,0,2,6340,6341,1,13866454.688,13870186.875,3732.188
2,993,0,4,6344,6344,0,13874784.125,13876330.562,1546.438
2,994,0,5,6346,6347,1,13878949.625,13881424.750,2475.125
2,995,3,0,6372,6372,0,13933107.500,13934713.312,1605.812
2,996,3,1,6374,6375,1,13937275.688,13940303.625,3027.938
2,997,3,2,6376,6377,1,13941439.500,13944947.750,3508.250
2,999,3,4,6380,6380,0,13949772.125,13951313.625,1541.500
2,1000,3,5,6382,6382,0,13953937.500,13955320.875,1383.375
2,1001,4,0,6384,6385,1,13958103.688,13961039.375,2935.688
2,1002,4,1,6386,6387,1,13962279.750,13965447.188,3167.438
2,1004,4,3,6390,6390,0,13970602.062,13971828.438,1226.375
2,1005,4,4,6392,6392,0,13974767.500,13976662.625,1895.125
2,1006,4,5,6394,6395,1,13978933.625,13981775.062,2841.438
2,1007,9,0,6444,6444,0,14083083.500,14084590.625,1507.125
2,1008,9,1,6446,6447,1,14087250.062,14089991.000,2740.938
2,1009,9,2,6448,6449,1,14091415.500,14094689.250,3273.750
2,1010,9,3,6450,6451,1,14095581.500,14099650.500,4069.000
2,1012,9,5,6454,6454,0,14103916.438,14104981.938,1065.500
2,1013,15,0,6516,6516,0,14233059.938,14234722.812,1662.875
2,1014,15,1,6518,6519,1,14237226.125,14240331.375,3105.250
2,1015,15,2,6520,6521,1,14241391.500,14244993.750,3602.250
2,1017,15,4,6524,6524,0,14249723.562,14251182.938,1459.375
2,1018,15,5,6526,6526,0,14253889.500,14255447.062,1557.562
2,1019,0,0,6528,6529,1,14258055.500,14261155.312,3099.812
2,1021,0,2,6532,6532,0,14266387.562,14267689.250,1301.688
2,1022,0,3,6534,6535,1,14270553.500,14273291.312,2737.812
2,1023,0,4,6536,6537,1,14274719.500,14277740.500,3021.000
2,1024,0,5,6538,6539,1,14278885.500,14282841.812,3956.312
2,1025,3,0,6564,6564,0,14333043.562,14334571.625,1528.062
2,1026,3,1,6566,6566,0,14337221.062,14338828.812,1607.750
2,1027,3,2,6568,6568,0,14341375.500,14343249.125,1873.625
2,1028,3,3,6570,6571,1,14345541.500,14348466.062,2924.562
2,1029,3,4,6572,6573,1,14349707.500,14353512.062,3804.562
2,1031,4,0,6576,6576,0,14358039.562,14359936.250,1896.688
2,1032,4,1,6578,6579,1,14362205.562,14365353.375,3147.812
2,1033,4,2,6580,6581,1,14366371.625,14369999.000,3627.375
2,1035,4,4,6584,6584,0,14374703.500,14376166.938,1463.438
2,1036,4,5,6586,6586,0,14378880.062,14380163.438,1283.375
2,1037,9,0,6636,6636,0,14483019.500,14484656.938,1637.438
2,1038,9,1,6638,6639,1,14487191.625,14490256.500,3064.875
2,1039,9,2,6640,6641,1,14491351.500,14494885.375,3533.875
2,1041,9,4,6644,6644,0,14499686.562,14501253.875,1567.312
2,1042,9,5,6646,6647,1,14503849.500,14506353.188,2503.688
2,1043,15,0,6708,6708,0,14632995.625,14634634.562,1638.938
2,1044,15,1,6710,6710,0,14637161.562,14638696.812,1535.250
2,1045,15,2,6712,6712,0,14641327.938,14643348.562,2020.625
2,1046,15,3,6714,6715,1,14645496.500,14648571.500,3075.000
2,1047,15,4,6716,6717,1,14649659.500,14653623.500,3964.000
2,1049,0,0,6720,6720,0,14657991.500,14659838.375,1846.875
2,1050,0,1,6722,6723,1,14662167.000,14665237.250,3070.250
2,1051,0,2,6724,6725,1,14666324.188,14670077.812,3753.625
2,1053,0,4,6728,6728,0,14674655.500,14676221.500,1566.000
2,1054,0,5,6730,6730,0,14678823.812,14680224.250,1400.438
2,1055,3,0,6756,6756,0,14732979.562,14734568.438,1588.875
2,1056,3,1,6758,6759,1,14737145.562,14740171.000,3025.438
2,1057,3,2,6760,6761,1,14741311.500,14744815.125,3503.625
2,1059,3,4,6764,6764,0,14749643.500,14750994.062,1350.562
2,1060,3,5,6766,6767,1,14753810.250,14756105.000,2294.750
2,1061,4,0,6768,6769,1,14757975.500,14761099.250,3123.750
2,1062,4,1,6770,6771,1,14762153.500,14765409.062,3255.562
2,1063,4,2,6772,6773,1,14766307.562,14770385.438,4077.875
2,1065,4,4,6776,6776,0,14774639.562,14776176.000,1536.438
2,1066,4,5,6778,6779,1,14778809.875,14781678.062,2868.188
2,1067,9,0,6828,6828,0,14882955.562,14884467.625,1512.062
2,1068,9,1,6830,6830,0,14887132.812,14889117.000,1984.188
2,1069,9,2,6832,6832,0,14891287.500,14893163.625,1876.125
2,1070,9,3,6834,6835,1,14895454.875,14898566.250,3111.375
2,1071,9,4,6836,6837,1,14899619.500,14903408.312,3788.812
2,1072,9,5,6838,6840,2,14903787.812,14908913.125,5125.312
2,1073,15,0,6900,6900,0,15032931.500,15034492.375,1560.875
2,1074,15,1,6902,6903,1,15037097.688,15040100.938,3003.250
2,1075,15,2,6904,6905,1,15041263.500,15044763.312,3499.812
2,1077,15,4,6908,6908,0,15049595.500,15051162.062,1566.562
2,1078,15,5,6910,6911,1,15053761.625,15056291.250,2529.625
2,1079,0,0,6912,6913,1,15057927.500,15061252.000,3324.500
2,1080,0,1,6914,6915,1,15062096.125,15065296.000,3199.875
2,1081,0,2,6916,6917,1,15066259.562,15070300.750,4041.188
2,1083,0,4,6920,6920,0,15074591.500,15076048.938,1457.438
2,1084,0,5,6922,6922,0,15078757.562,15080647.812,1890.250
2,1085,3,0,6948,6948,0,15132915.562,15134496.125,1580.562
2,1086,3,1,6950,6950,0,15137093.625,15138941.688,1848.062
2,1087,3,2,6952,6953,1,15141247.562,15144371.812,3124.250
2,1088,3,3,6954,6955,1,15145423.812,15148421.438,2997.625
2,1089,3,4,6956,6957,1,15149579.500,15153266.500,3687.000
2,1091,4,0,6960,6960,0,15157911.500,15159885.250,1973.750
2,1092,4,1,6962,6963,1,15162077.562,15165101.438,3023.875
2,1093,4,2,6964,6965,1,15166243.562,15169747.062,3503.500
2,1095,4,4,6968,6968,0,15174575.562,15175929.000,1353.438
2,1096,4,5,6970,6971,1,15178741.500,15181041.438,2299.938
2,1097,9,0,7020,7020,0,15282891.500,15284509.500,1618.000
2,1098,9,1,7022,7023,1,15287057.562,15290109.062,3051.500
2,1099,9,2,7024,7025,1,15291223.500,15294800.125,3576.625
2,1101,9,4,7028,7028,0,15299555.500,15300910.875,1355.375
2,1102,9,5,7030,7031,1,15303721.625,15306018.812,2297.188
2,1103,15,0,7092,7092,0,15432867.500,15434455.188,1587.688
2,1104,15,1,7094,7094,0,15437033.938,15439113.562,2079.625
2,1105,15,2,7096,7097,1,15441199.562,15444336.500,3136.938
2,1106,15,3,7098,7099,1,15445369.312,15448392.125,3022.812
2,1107,15,4,7100,7101,1,15449531.500,15453431.875,3900.375
2,1109,0,0,7104,7104,0,15457863.500,15459659.000,1795.500
2,1110,0,1,7106,7107,1,15462029.500,15465057.875,3028.375
2,1111,0,2,7108,7109,1,15466195.500,15469697.500,3502.000
2,1113,0,4,7112,7112,0,15474527.562,15476042.125,1514.562
2,1114,0,5,7114,7115,1,15478694.688,15481150.312,2455.625
2,1115,3,0,7140,7140,0,15532851.500,15534540.062,1688.562
2,1116,3,1,7142,7143,1,15537023.875,15539955.688,2931.812
2,1117,3,2,7144,7145,1,15541183.500,15544606.688,3423.188
2,1119,3,4,7148,7148,0,15549515.562,15550764.750,1249.188
2,1120,3,5,7150,7150,0,15553682.438,15555743.750,2061.312
2,1121,4,0,7152,7153,1,15557847.500,15560869.938,3022.438
2,1122,4,1,7154,7155,1,15562013.688,15566094.375,4080.688
2,1124,4,3,7158,7158,0,15570348.625,15571883.312,1534.688
2,1125,4,4,7160,7160,0,15574511.500,15576311.812,1800.312
2,1126,4,5,7162,7163,1,15578679.500,15581424.250,2744.750
2,1127,9,0,7212,7212,0,15682827.562,15684387.938,1560.375
2,1128,9,1,7214,7214,0,15686993.500,15688818.250,1824.750
2,1129,9,2,7216,7217,1,15691159.500,15694220.875,3061.375
2,1130,9,3,7218,7219,1,15695329.625,15699052.312,3722.688
2,1131,9,4,7220,7221,1,15699491.688,15703286.000,3794.312
2,1132,9,5,7222,7224,2,15703661.250,15708790.812,5129.562
2,1133,15,0,7284,7284,0,15832803.500,15834396.750,1593.250
2,1134,15,1,7286,7287,1,15836969.750,15840017.562,3047.812
2,1135,15,2,7288,7289,1,15841135.500,15844479.000,3343.500
2,1137,15,4,7292,7292,0,15849467.562,15850870.875,1403.312
2,1138,15,5,7294,7295,1,15853634.125,15855987.812,2353.688
2,1139,0,0,7296,7297,1,15857799.500,15860967.688,3168.188
2,1140,0,1,7298,7299,1,15861968.625,15865997.438,4028.812
2,1142,0,3,7302,7302,0,15870297.562,15871756.250,1458.688
2,1143,0,4,7304,7304,0,15874463.500,15875995.938,1532.438
2,1144,0,5,7306,7307,1,15878629.812,15881492.000,2862.188
2,1145,3,0,7332,7332,0,15932787.562,15934324.500,1536.938
2,1146,3,1,7334,7335,1,15936953.500,15939927.062,2973.562
2,1147,3,2,7336,7337,1,15941119.625,15944990.062,3870.438
2,1149,3,4,7340,7340,0,15949451.500,15950937.062,1485.562
2,1150,3,5,7342,7343,1,15953623.875,15956248.938,2625.062
2,1151,4,0,7344,7345,1,15957783.500,15960837.500,3054.000
2,1152,4,1,7346,7347,1,15961949.562,15965282.688,3333.125
2,1154,4,3,7350,7350,0,15970281.562,15971663.938,1382.375
2,1155,4,4,7352,7353,1,15974447.500,15977272.000,2824.500
2,1156,4,5,7354,7355,1,15978613.500,15981769.812,3156.312
2,1157,9,0,7404,7404,0,16082763.500,16084324.500,1561.000
2,1158,9,1,7406,7406,0,16086930.125,16088365.500,1435.375
2,1159,9,2,7408,7409,1,16091095.500,16093970.812,2875.312
2,1160,9,3,7410,7411,1,16095261.500,16098386.375,3124.875
2,1162,9,5,7414,7414,0,16103593.562,16104328.250,734.688
2,1163,15,0,7476,7476,0,16232739.500,16234276.312,1536.812
2,1164,15,1,7478,7478,0,16236907.375,16238722.250,1814.875
2,1165,15,2,7480,7481,1,16241071.500,16244133.875,3062.375
2,1166,15,3,7482,7483,1,16245237.500,16248986.562,3749.062
2,1168,15,5,7486,7486,0,16253577.562,16254549.188,971.625
2,1169,0,0,7488,7488,0,16257735.500,16259681.812,1946.312
2,1170,0,1,7490,7491,1,16261904.875,16264879.750,2974.875
2,1171,0,2,7492,7493,1,16266068.000,16269519.375,3451.375
2,1173,0,4,7496,7496,0,16274399.562,16275677.062,1277.500
2,1174,0,5,7498,7499,1,16278568.688,16280992.875,2424.188
2,1175,3,0,7524,7524,0,16332723.500,16334365.000,1641.500
2,1176,3,1,7526,7527,1,16336889.562,16339780.625,2891.062
2,1177,3,2,7528,7529,1,16341055.500,16343799.188,2743.688
2,1178,3,3,7530,7531,1,16345221.500,16348242.250,3020.750
2,1179,3,4,7532,7533,1,16349387.500,16353464.688,4077.188
2,1181,4,0,7536,7536,0,16357719.562,16359516.438,1796.875
2,1182,4,1,7538,7539,1,16361885.500,16364933.562,3048.062
2,1183,4,2,7540,7541,1,16366051.625,16369743.375,3691.750
2,1185,4,4,7544,7544,0,16374383.688,16375948.062,1564.375
2,1186,4,5,7546,7547,1,16378550.375,16381060.500,2510.125
2,1187,9,0,7596,7596,0,16482699.500,16484263.250,1563.750
2,1188,9,1,7598,7599,1,16486868.562,16489862.812,2994.250
2,1189,9,2,7600,7601,1,16491031.562,16494964.688,3933.125
2,1191,9,4,7604,7604,0,16499363.500,16500851.562,1488.062
2,1192,9,5,7606,7607,1,16503532.438,16506160.438,2628.000
2,1193,15,0,7668,7668,0,16632678.562,16634268.625,1590.062
2,1194,15,1,7670,7671,1,16636842.062,16639702.500,2860.438
2,1195,15,2,7672,7673,1,16641007.500,16644020.438,3012.938
2,1197,15,4,7676,7676,0,16649339.562,16650613.250,1273.688
2,1198,15,5,7678,7679,1,16653507.500,16655625.750,2118.250
2,1199,0,0,7680,7681,1,16657671.562,16660710.062,3038.500
2,1200,0,1,7682,7683,1,16661840.812,16665739.812,3899.000
2,1202,0,3,7686,7686,0,16670169.562,16671705.438,1535.875
2,1203,0,4,7688,7689,1,16674335.500,16677295.250,2959.750
2,1204,0,5,7690,7691,1,16678501.688,16682220.125,3718.438
2,1205,3,0,7716,7716,0,16732659.500,16734276.250,1616.750
2,1206,3,1,7718,7719,1,16736825.625,16739878.812,3053.188
2,1207,3,2,7720,7721,1,16740991.562,16744786.062,3794.500
2,1209,3,4,7724,7724,0,16749323.562,16750888.812,1565.250
2,1210,3,5,7726,7727,1,16753492.188,16755999.750,2507.562
2,1211,4,0,7728,7729,1,16757655.500,16760995.750,3340.250
2,1213,4,2,7732,7732,0,16765987.500,16767365.250,1377.750
2,1214,4,3,7734,7734,0,16770153.500,16771613.938,1460.438
2,1215,4,4,7736,7737,1,16774319.500,16777035.062,2715.562
2,1216,4,5,7738,7739,1,16778487.375,16781532.875,3045.500
2,1217,9,0,7788,7788,0,16882635.625,16884272.312,1636.688
2,1218,9,1,7790,7791,1,16886801.500,16889693.562,2892.062
2,1219,9,2,7792,7793,1,16890968.312,16894081.375,3113.062
2,1220,9,3,7794,7795,1,16895133.500,16898128.000,2994.500
2,1221,9,4,7796,7797,1,16899299.500,16903347.438,4047.938
2,1222,9,5,7798,7800,2,16903467.312,16908651.312,5184.000
2,1223,15,0,7860,7860,0,17032611.562,17034163.875,1552.312
2,1224,15,1,7862,7863,1,17036782.625,17039772.438,2989.812
2,1225,15,2,7864,7865,1,17040943.500,17044611.250,3667.750
2,1227,15,4,7868,7868,0,17049275.500,17050812.688,1537.188
2,1228,15,5,7870,7871,1,17053441.500,17056159.812,2718.312
2,1229,0,0,7872,7873,1,17057607.562,17061124.438,3516.875
2,1231,0,2,7876,7876,0,17065940.062,17067268.750,1328.688
2,1232,0,3,7878,7878,0,17070108.438,17071700.125,1591.688
2,1233,0,4,7880,7880,0,17074271.500,17076316.875,2045.375
2,1234,0,5,7882,7883,1,17078441.062,17081641.250,3200.188
2,1235,3,0,7908,7908,0,17132595.500,17134137.312,1541.812
2,1236,3,1,7910,7911,1,17136761.500,17139629.938,2868.438
2,1237,3,2,7912,7913,1,17140927.500,17145051.562,4124.062
2,1239,3,4,7916,7916,0,17149259.500,17150826.875,1567.375
2,1240,3,5,7918,7918,0,17153427.625,17155223.750,1796.125
2,1241,4,0,7920,7921,1,17157591.562,17160526.375,2934.812
2,1242,4,1,7922,7923,1,17161759.062,17165373.438,3614.375
2,1244,4,3,7926,7926,0,17170089.500,17171552.000,1462.500
2,1245,4,4,7928,7929,1,17174259.312,17177184.562,2925.250
2,1246,4,5,7930,7931,1,17178424.750,17181914.500,3489.750
2,1247,9,0,7980,7980,0,17282571.500,17284183.750,1612.250
2,1248,9,1,7982,7983,1,17286737.500,17289783.312,3045.812
2,1249,9,2,7984,7985,1,17290903.500,17294634.000,3730.500
2,1251,9,4,7988,7988,0,17299235.562,17300772.062,1536.500
2,1252,9,5,7990,7991,1,17303406.062,17305881.750,2475.688
2,1253,15,0,8052,8052,0,17432547.500,17434143.312,1595.812
2,1254,15,1,8054,8055,1,17436713.500,17439612.312,2898.812
2,1256,15,3,8058,8058,0,17445045.875,17445079.688,33.812
2,1257,15,4,8060,8060,0,17449211.500,17450644.938,1433.438
2,1258,15,5,8062,8062,0,17453377.500,17454469.500,1092.000
2,1259,0,0,8064,8064,0,17457543.500,17459359.375,1815.875
2,1260,0,1,8066,8067,1,17461713.688,17464758.250,3044.562
2,1261,0,2,8068,8069,1,17465875.562,17469586.562,3711.000
2,1263,0,4,8072,8072,0,17474207.500,17475742.500,1535.000
2,1264,0,5,8074,8075,1,17478373.500,17481037.625,2664.125
2,1265,3,0,8100,8100,0,17532531.688,17534089.125,1557.438
2,1266,3,1,8102,8102,0,17536702.062,17538321.812,1619.750
2,1267,3,2,8104,8105,1,17540863.562,17543928.375,3064.812
2,1268,3,3,8106,8107,1,17545038.750,17548624.062,3585.312
2,1270,3,5,8110,8110,0,17553361.812,17554321.062,959.250
2,1271,4,0,8112,8113,1,17557527.500,17560429.688,2902.188
2,1272,4,1,8114,8115,1,17561693.500,17565853.312,4159.812
2,1274,4,3,8118,8118,0,17570026.125,17571435.438,1409.312
2,1275,4,4,8120,8120,0,17574191.500,17576082.688,1891.188
2,1276,4,5,8122,8122,0,17578360.938,17580259.250,1898.312
2,1277,9,0,8172,8172,0,17682507.562,17684021.500,1513.938
2,1278,9,1,8174,8175,1,17686673.500,17689469.250,2795.750
2,1279,9,2,8176,8177,1,17690839.500,17694887.875,4048.375
2,1281,9,4,8180,8180,0,17699171.500,17700651.312,1479.812
2,1282,9,5,8182,8182,0,17703341.375,17705269.062,1927.688
2,1283,15,0,8244,8244,0,17832483.562,17834096.812,1613.250
2,1284,15,1,8246,8246,0,17836649.500,17838368.625,1719.125
2,1285,15,2,8248,8249,1,17840815.750,17843972.562,3156.812
2,1286,15,3,8250,8251,1,17844981.562,17848398.875,3417.312
2,1288,15,5,8254,8254,0,17853316.438,17854381.500,1065.062
2,1289,0,0,8256,8257,1,17857479.500,17860262.062,2782.562
2,1290,0,1,8258,8259,1,17861645.500,17864875.938,3230.438
2,1292,0,3,8262,8262,0,17869981.938,17871282.875,1300.938
2,1293,0,4,8264,8264,0,17874143.500,17876098.812,1955.312
2,1294,0,5,8266,8266,0,17878313.938,17880290.250,1976.312
2,1295,3,0,8292,8292,0,17932467.500,17934031.750,1564.250
2,1296,3,1,8294,8294,0,17936633.500,17938684.125,2050.625
2,1297,3,2,8296,8297,1,17940799.500,17943888.812,3089.312
2,1298,3,3,8298,8299,1,17944965.500,17948924.188,3958.688
2,1300,3,5,8302,8302,0,17953299.438,17954450.312,1150.875
2,1301,4,0,8304,8304,0,17957463.500,17959383.812,1920.312
2,1302,4,1,8306,8307,1,17961639.188,17964624.812,2985.625
2,1303,4,2,8308,8309,1,17965795.500,17969270.438,3474.938
2,1305,4,4,8312,8312,0,17974127.562,17975639.312,1511.750
2,1306,4,5,8314,8315,1,17978293.562,17980753.500,2459.938
2,1307,9,0,8364,8364,0,18082443.625,18084058.688,1615.062
2,1308,9,1,8366,8367,1,18086612.188,18089658.250,3046.062
2,1309,9,2,8368,8369,1,18090775.562,18093968.938,3193.375
2,1311,9,4,8372,8372,0,18099107.562,18100517.500,1409.938
2,1312,9,5,8374,8375,1,18103275.250,18105627.188,2351.938
2,1313,15,0,8436,8436,0,18232419.500,18234084.250,1664.750
2,1314,15,1,8438,8439,1,18236597.625,18239385.250,2787.625
2,1315,15,2,8440,8441,1,18240751.500,18244825.125,4073.625
2,1317,15,4,8444,8444,0,18249083.500,18250624.688,1541.188
2,1318,15,5,8446,8447,1,18253249.500,18256164.688,2915.188
2,1319,0,0,8448,8449,1,18257415.500,18261137.375,3721.875
2,1320,0,1,8450,8451,1,18261590.250,18265193.625,3603.375
2,1322,0,3,8454,8454,0,18269913.562,18271347.938,1434.375
2,1323,0,4,8456,8457,1,18274079.500,18277138.688,3059.188
2,1324,0,5,8458,8459,1,18278250.875,18281661.688,3410.812
2,1325,3,0,8484,8484,0,18332403.562,18334008.750,1605.188
2,1326,3,1,8486,8487,1,18336570.062,18339599.062,3029.000
2,1327,3,2,8488,8489,1,18340735.500,18344054.500,3319.000
2,1328,3,3,8490,8491,1,18344901.500,18348292.812,3391.312
2,1330,3,5,8494,8494,0,18353233.500,18354039.750,806.250
2,1331,4,0,8496,8497,1,18357400.062,18360133.875,2733.812
2,1332,4,1,8498,8499,1,18361565.562,18364535.625,2970.062
2,1333,4,2,8500,8501,1,18365731.562,18369771.812,4040.250
2,1335,4,4,8504,8504,0,18374063.562,18375550.125,1486.562
2,1336,4,5,8506,8507,1,18378229.500,18381123.125,2893.625
2,1337,9,0,8556,8556,0,18482379.500,18483907.562,1528.062
2,1338,9,1,8558,8558,0,18486556.688,18488556.938,2000.250
2,1339,9,2,8560,8561,1,18490711.500,18493770.875,3059.375
2,1340,9,3,8562,8563,1,18494881.250,18498803.250,3922.000
2,1342,9,5,8566,8566,0,18503209.500,18504311.125,1101.625
2,1343,15,0,8628,8628,0,18632355.500,18634038.125,1682.625
2,1344,15,1,8630,8631,1,18636521.500,18639646.688,3125.188
2,1345,15,2,8632,8633,1,18640687.562,18644090.000,3402.438
2,1346,15,3,8634,8635,1,18644863.312,18648396.812,3533.500
2,1348,15,5,8638,8638,0,18653186.250,18654105.500,919.250
2,1349,0,0,8640,8641,1,18657351.562,18660265.875,2914.312
2,1350,0,1,8642,8643,1,18661517.562,18665677.125,4159.562
2,1352,0,3,8646,8646,0,18669852.938,18671435.938,1583.000
2,1353,0,4,8648,8648,0,18674015.500,18675858.125,1842.625
2,1354,0,5,8650,8651,1,18678181.500,18681103.000,2921.500
2,1355,3,0,8676,8676,0,18732339.500,18734009.688,1670.188
2,1356,3,1,8678,8679,1,18736505.688,18739612.250,3106.562
2,1357,3,2,8680,8681,1,18740671.500,18744457.312,3785.812
2,1359,3,4,8684,8684,0,18749003.500,18750622.250,1618.750
2,1360,3,5,8686,8687,1,18753169.562,18755733.188,2563.625
2,1361,4,0,8688,8689,1,18757335.500,18760930.125,3594.625
2,1363,4,2,8692,8692,0,18765670.625,18767098.688,1428.062
2,1364,4,3,8694,8695,1,18769834.750,18772706.750,2872.000
2,1365,4,4,8696,8697,1,18773999.500,18776768.500,2769.000
2,1366,4,5,8698,8699,1,18778165.562,18781295.750,3130.188
2,1367,9,0,8748,8748,0,18882315.500,18883948.188,1632.688
2,1368,9,1,8750,8751,1,18886489.750,18889607.375,3117.625
2,1370,9,3,8754,8754,0,18894813.500,18896168.312,1354.812
2,1371,9,4,8756,8757,1,18898979.500,18901771.875,2792.375
2,1372,9,5,8758,8758,0,18903145.562,18905178.688,2033.125
2,1373,15,0,8820,8820,0,19032291.562,19033849.562,1558.000
2,1374,15,1,8822,8823,1,19036457.500,19038573.125,2115.625
2,1375,15,2,8824,8825,1,19040623.500,19043718.625,3095.125
2,1376,15,3,8826,8827,1,19044795.250,19048571.312,3776.062
2,1378,15,5,8830,8830,0,19053121.562,19054133.938,1012.375
2,1379,0,0,8832,8832,0,19057287.500,19059241.750,1954.250
2,1380,0,1,8834,8835,1,19061453.562,19064451.938,2998.375
2,1381,0,2,8836,8837,1,19065619.562,19069091.562,3472.000
2,1382,0,3,8838,8839,1,19069786.688,19073384.250,3597.562
2,1384,0,5,8842,8842,0,19078117.562,19079038.812,921.250
2,1385,3,0,8868,8868,0,19132275.500,19133931.812,1656.312
2,1386,3,1,8870,8871,1,19136441.500,19139335.188,2893.688
2,1387,3,2,8872,8873,1,19140607.500,19144036.438,3428.938
2,1389,3,4,8876,8876,0,19148939.688,19150156.500,1216.812
2,1390,3,5,8878,8878,0,19153106.625,19155135.500,2028.875
2,1391,4,0,8880,8880,0,19157272.188,19159271.938,1999.750
2,1392,4,1,8882,8883,1,19161439.375,19164488.125,3048.750
2,1393,4,2,8884,8885,1,19165603.500,19169523.375,3919.875
2,1395,4,4,8888,8888,0,19173935.688,19175502.625,1566.938
2,1396,4,5,8890,8891,1,19178101.562,19180816.000,2714.438
2,1397,9,0,8940,8940,0,19282251.625,19283779.688,1528.062
2,1398,9,1,8942,8942,0,19286417.625,19287985.812,1568.188
2,1399,9,2,8944,8945,1,19290583.500,19293618.812,3035.312
2,1400,9,3,8946,8947,1,19294750.312,19298450.250,3699.938
2,1402,9,5,8950,8950,0,19303081.562,19304159.062,1077.500
2,1403,15,0,9012,9012,0,19432227.500,19433869.188,1641.688
2,1404,15,1,9014,9015,1,19436396.250,19439290.812,2894.562
2,1405,15,2,9016,9017,1,19440559.500,19443951.438,3391.938
2,1407,15,4,9020,9020,0,19448891.500,19450142.375,1250.875
2,1408,15,5,9022,9022,0,19453057.562,19455139.625,2082.062
2,1409,0,0,9024,9024,0,19457223.500,19459273.938,2050.438
2,1410,0,1,9026,9027,1,19461394.875,19464484.125,3089.250
2,1411,0,2,9028,9029,1,19465555.500,19469501.125,3945.625
2,1413,0,4,9032,9032,0,19473887.938,19475456.125,1568.188
2,1414,0,5,9034,9035,1,19478053.562,19480763.500,2709.938
2,1415,3,0,9060,9060,0,19532211.562,19533796.938,1585.375
2,1416,3,1,9062,9063,1,19536388.562,19539411.750,3023.188
2,1417,3,2,9064,9065,1,19540543.500,19543660.688,3117.188
2,1418,3,3,9066,9067,1,19544711.625,19548306.438,3594.812
2,1420,3,5,9070,9070,0,19553042.500,19554033.500,991.000
2,1421,4,0,9072,9072,0,19557207.500,19559155.688,1948.188
2,1422,4,1,9074,9075,1,19561373.500,19564427.688,3054.188
2,1424,4,3,9078,9078,0,19569705.562,19571009.875,1304.312
2,1425,4,4,9080,9081,1,19573871.500,19576617.938,2746.438
2,1426,4,5,9082,9083,1,19578038.375,19581145.188,3106.812
2,1427,9,0,9132,9132,0,19682187.500,19683824.125,1636.625
2,1428,9,1,9134,9135,1,19686353.688,19689224.500,2870.812
2,1429,9,2,9136,9137,1,19690520.125,19693922.750,3402.625
2,1431,9,4,9140,9140,0,19698851.500,19700024.562,1173.062
2,1432,9,5,9142,9142,0,19703020.625,19705000.562,1979.938
2,1433,15,0,9204,9204,0,19832163.562,19833793.750,1630.188
2,1434,15,1,9206,9207,1,19836331.750,19839402.312,3070.562
2,1435,15,2,9208,9209,1,19840495.562,19843468.562,2973.000
2,1436,15,3,9210,9211,1,19844661.500,19848309.000,3647.500
2,1438,15,5,9214,9214,0,19852993.562,19854060.312,1066.750
2,1439,0,0,9216,9216,0,19857159.500,19858979.438,1819.938
2,1440,0,1,9218,9219,1,19861327.188,19864378.312,3051.125
2,1441,0,2,9220,9221,1,19865491.500,19868787.562,3296.062
2,1443,0,4,9224,9224,0,19873823.562,19875146.188,1322.625
2,1444,0,5,9226,9227,1,19877990.500,19880240.375,2249.875
2,1445,3,0,9252,9252,0,19932147.688,19933728.688,1581.000
2,1446,3,1,9254,9255,1,19936313.938,19939132.062,2818.125
2,1447,3,2,9256,9257,1,19940479.688,19943544.062,3064.375
2,1448,3,3,9258,9259,1,19944645.562,19948780.375,4134.812
2,1450,3,5,9262,9262,0,19952977.500,19954105.562,1128.062
2,1451,4,0,9264,9264,0,19957143.500,19959039.062,1895.562
2,1452,4,1,9266,9267,1,19961309.500,19964255.250,2945.750
2,1453,4,2,9268,9269,1,19965475.625,19969107.062,3631.438
2,1455,4,4,9272,9272,0,19973807.562,19975299.500,1491.938
2,1456,4,5,9274,9275,1,19977973.500,19980612.875,2639.375
3,3,0,4,8,8,0,676906.125,678106.562,1200.438
3,4,0,5,10,13,3,681061.500,689349.375,8287.875
3,5,3,0,36,37,1,735229.625,738717.750,3488.125
3,10,3,5,46,46,0,756049.500,756311.312,261.812
3,12,4,1,50,50,0,764381.500,765681.625,1300.125
3,13,4,2,52,52,0,768547.500,770100.625,1553.125
3,14,4,3,54,55,1,772719.875,775760.062,3040.188
3,15,4,4,56,57,1,776879.500,780431.438,3551.938
3,16,4,5,58,60,2,781045.500,786203.188,5157.688
3,17,9,0,108,108,0,885195.562,886760.000,1564.438
3,18,9,1,110,111,1,889372.688,892409.812,3037.125
3,19,9,2,112,113,1,893527.500,897266.812,3739.312
3,21,9,4,116,116,0,901871.188,903477.125,1605.938
3,22,9,5,118,119,1,906025.562,908626.438,2600.875
3,23,15,0,180,180,0,1035171.500,1036858.500,1687.000
3,24,15,1,182,183,1,1039348.062,1042128.312,2780.250
3,25,15,2,184,185,1,1043503.500,1046813.562,3310.062
3,27,15,4,188,188,0,1051835.562,1053057.000,1221.438
3,28,15,5,190,190,0,1056002.688,1058083.375,2080.688
3,29,0,0,192,193,1,1060167.562,1063219.812,3052.250
3,30,0,1,194,195,1,1064333.750,1068265.625,3931.875
3,32,0,3,198,198,0,1072672.500,1074281.500,1609.000
3,33,0,4,200,201,1,1076843.125,1079922.688,3079.562
3,34,0,5,202,203,1,1080998.312,1084690.250,3691.938
3,35,3,0,228,228,0,1135155.562,1136849.312,1693.750
3,36,3,1,230,231,1,1139323.188,1142477.625,3154.438
3,37,3,2,232,233,1,1143487.562,1147172.000,3684.438
3,39,3,4,236,236,0,1151831.125,1153376.375,1545.250
3,40,3,5,238,239,1,1155991.125,1158540.938,2549.812
3,41,4,0,240,241,1,1160151.500,1163604.188,3452.688
3,43,4,2,244,244,0,1168483.562,1169783.750,1300.188
3,44,4,3,246,246,0,1172650.125,1174629.812,1979.688
3,45,4,4,248,249,1,1176815.562,1179885.125,3069.562
3,46,4,5,250,251,1,1180981.500,1185038.312,4056.812
3,47,9,0,300,300,0,1285131.562,1286761.688,1630.125
3,48,9,1,302,303,1,1289297.500,1291438.688,2141.188
3,49,9,2,304,305,1,1293464.312,1296649.750,3185.438
3,50,9,3,306,307,1,1297629.625,1301710.125,4080.500
3,52,9,5,310,310,0,1305961.500,1307053.938,1092.438
3,53,15,0,372,372,0,1435107.500,1436722.438,1614.938
3,54,15,1,374,375,1,1439273.500,1442369.000,3095.500
3,55,15,2,376,377,1,1443439.500,1447020.375,3580.875
3,57,15,4,380,380,0,1451782.812,1453273.500,1490.688
3,58,15,5,382,383,1,1455937.562,1458446.938,2509.375
3,59,0,0,384,385,1,1460103.500,1463475.938,3372.438
3,61,0,2,388,388,0,1468435.625,1469838.062,1402.438
3,62,0,3,390,391,1,1472603.312,1474717.875,2114.562
3,63,0,4,392,393,1,1476767.500,1479927.438,3159.938
3,64,0,5,394,395,1,1480935.688,1485074.625,4138.938
3,65,3,0,420,420,0,1535091.500,1536722.875,1631.375
3,66,3,1,422,422,0,1539266.812,1540800.375,1533.562
3,67,3,2,424,424,0,1543423.500,1545459.625,2036.125
3,68,3,3,426,427,1,1547589.500,1550713.438,3123.938
3,69,3,4,428,429,1,1551755.500,1555560.875,3805.375
3,71,4,0,432,432,0,1560088.000,1562028.688,1940.688
3,72,4,1,434,435,1,1564256.250,1567269.500,3013.250
3,73,4,2,436,437,1,1568431.625,1571904.125,3472.500
3,75,4,4,440,440,0,1576751.562,1578362.250,1610.688
3,76,4,5,442,442,0,1580927.062,1582392.000,1464.938
3,77,9,0,492,492,0,1685067.500,1686674.438,1606.938
3,78,9,1,494,495,1,1689234.062,1692287.500,3053.438
3,79,9,2,496,497,1,1693399.562,1696966.625,3567.062
3,81,9,4,500,500,0,1701734.562,1703167.562,1433.000
3,82,9,5,502,503,1,1705897.500,1708304.938,2407.438
3,83,15,0,564,564,0,1835043.500,1836699.438,1655.938
3,84,15,1,566,567,1,1839209.500,1841944.750,2735.250
3,85,15,2,568,569,1,1843375.562,1846427.938,3052.375
3,87,15,4,572,572,0,1851707.688,1851743.875,36.188
3,88,15,5,574,574,0,1855881.000,1856895.875,1014.875
3,89,0,0,576,576,0,1860039.500,1861855.250,1815.750
3,90,0,1,578,579,1,1864205.562,1867292.125,3086.562
3,91,0,2,580,581,1,1868372.188,1872159.562,3787.375
3,93,0,4,584,584,0,1876703.500,1878342.375,1638.875
3,94,0,5,586,586,0,1880880.062,1882369.750,1489.688
3,95,3,0,612,612,0,1935027.500,1936580.438,1552.938
3,96,3,1,614,615,1,1939193.562,1942196.500,3002.938
3,97,3,2,616,617,1,1943359.500,1946866.375,3506.875
3,99,3,4,620,620,0,1951691.562,1953073.312,1381.750
3,100,3,5,622,623,1,1955857.500,1958213.375,2355.875
3,101,4,0,624,625,1,1960023.688,1963244.500,3220.812
3,102,4,1,626,627,1,1964201.625,1967316.875,3115.250
3,103,4,2,628,629,1,1968355.500,1972404.625,4049.125
3,105,4,4,632,632,0,1976687.500,1978219.812,1532.312
3,106,4,5,634,635,1,1980864.875,1983587.938,2723.062
3,107,9,0,684,684,0,2085003.500,2086690.188,1686.688
3,108,9,1,686,686,0,2089169.500,2091162.125,1992.625
3,109,9,2,688,689,1,2093335.562,2095462.688,2127.125
3,110,9,3,690,691,1,2097502.812,2100635.000,3132.188
3,111,9,4,692,693,1,2101667.562,2105516.188,3848.625
3,112,9,5,694,696,2,2105842.562,2111064.625,5222.062
3,113,15,0,756,756,0,2234979.562,2236545.125,1565.562
3,114,15,1,758,759,1,2239145.562,2242191.688,3046.125
3,115,15,2,760,761,1,2243311.625,2246892.062,3580.438
3,117,15,4,764,764,0,2251643.500,2253120.375,1476.875
3,118,15,5,766,767,1,2255809.500,2258269.312,2459.812
3,119,0,0,768,769,1,2259975.500,2263274.125,3298.625
3,121,0,2,772,772,0,2268307.500,2268347.125,39.625
3,122,0,3,774,774,0,2272477.062,2273913.250,1436.188
3,123,0,4,776,776,0,2276639.500,2278580.250,1940.750
3,124,0,5,778,779,1,2280805.500,2283703.562,2898.062
3,125,3,0,804,804,0,2334963.562,2336541.875,1578.312
3,126,3,1,806,806,0,2339129.500,2341004.562,1875.062
3,127,3,2,808,809,1,2343295.500,2346435.938,3140.438
3,128,3,3,810,811,1,2347461.500,2350495.688,3034.188
3,129,3,4,812,813,1,2351627.500,2355392.125,3764.625
3,131,4,0,816,816,0,2359959.500,2361835.438,1875.938
3,132,4,1,818,819,1,2364125.562,2367290.562,3165.000
3,133,4,2,820,821,1,2368292.562,2371760.625,3468.062
3,135,4,4,824,824,0,2376623.562,2377958.312,1334.750
3,136,4,5,826,827,1,2380789.562,2383112.125,2322.562
3,137,9,0,876,876,0,2484939.500,2486553.312,1613.812
3,138,9,1,878,879,1,2489105.625,2492178.625,3073.000
3,139,9,2,880,881,1,2493271.562,2496643.438,3371.875
3,141,9,4,884,884,0,2501603.500,2503034.188,1430.688
3,142,9,5,886,887,1,2505769.500,2508171.250,2401.750
3,143,15,0,948,948,0,2634915.500,2636527.375,1611.875
3,144,15,1,950,950,0,2639081.625,2640959.312,1877.688
3,145,15,2,952,953,1,2643247.625,2646219.125,2971.500
3,146,15,3,954,955,1,2647413.500,2650499.188,3085.688
3,147,15,4,956,957,1,2651579.562,2655389.375,3809.812
3,149,0,0,960,960,0,2659911.500,2661836.562,1925.062
3,150,0,1,962,963,1,2664077.500,2667071.375,2993.875
3,151,0,2,964,965,1,2668243.500,2671724.500,3481.000
3,153,0,4,968,968,0,2676578.438,2678171.562,1593.125
3,154,0,5,970,971,1,2680742.688,2683319.375,2576.688
3,155,3,0,996,996,0,2734899.500,2736609.375,1709.875
3,156,3,1,998,999,1,2739071.062,2742035.625,2964.562
3,157,3,2,1000,1001,1,2743231.562,2746527.938,3296.375
3,159,3,4,1004,1004,0,2751563.500,2752966.188,1402.688
3,160,3,5,1006,1006,0,2755729.500,2757784.500,2055.000
3,161,4,0,1008,1009,1,2759895.562,2762935.312,3039.750
3,162,4,1,1010,1011,1,2764061.500,2767962.312,3900.812
3,164,4,3,1014,1014,0,2772393.500,2774002.438,1608.938
3,165,4,4,1016,1016,0,2776560.438,2778278.000,1717.562
3,166,4,5,1018,1019,1,2780726.625,2783419.562,2692.938
3,167,9,0,1068,1068,0,2884875.688,2886489.312,1613.625
3,168,9,1,1070,1070,0,2889041.562,2890919.562,1878.000
3,169,9,2,1072,1073,1,2893207.812,2896158.125,2950.312
3,170,9,3,1074,1075,1,2897373.500,2901218.500,3845.000
3,171,9,4,1076,1077,1,2901539.500,2905285.875,3746.375
3,172,9,5,1078,1080,2,2905716.250,2910834.312,5118.062
3,173,15,0,1140,1140,0,3034851.562,3036563.875,1712.312
3,174,15,1,1142,1143,1,3039017.500,3042008.375,2990.875
3,175,15,2,1144,1145,1,3043183.562,3046684.250,3500.688
3,177,15,4,1148,1148,0,3051515.562,3052915.438,1399.875
3,178,15,5,1150,1151,1,3055691.875,3058086.000,2394.125
3,179,0,0,1152,1153,1,3059847.500,3062888.438,3040.938
3,180,0,1,1154,1155,1,3064019.812,3068172.750,4152.938
3,182,0,3,1158,1158,0,3072345.562,3073778.938,1433.375
3,183,0,4,1160,1160,0,3076511.562,3078433.688,1922.125
3,184,0,5,1162,1163,1,3080677.812,3083598.500,2920.688
3,185,3,0,1188,1188,0,3134835.750,3136389.625,1553.875
3,186,3,1,1190,1191,1,3139001.500,3142017.938,3016.438
3,187,3,2,1192,1193,1,3143171.125,3146902.125,3731.000
3,189,3,4,1196,1196,0,3151499.500,3153106.188,1606.688
3,190,3,5,1198,1199,1,3155666.188,3158246.250,2580.062
3,191,4,0,1200,1201,1,3159843.188,3162870.562,3027.375
3,192,4,1,1202,1203,1,3163997.625,3167352.625,3355.000
3,194,4,3,1206,1206,0,3172329.500,3173760.125,1430.625
3,195,4,4,1208,1209,1,3176507.750,3179220.375,2712.625
3,196,4,5,1210,1211,1,3180661.812,3183789.000,3127.188
3,197,9,0,1260,1260,0,3284811.562,3286419.375,1607.812
3,198,9,1,1262,1262,0,3288977.500,3290481.625,1504.125
3,199,9,2,1264,1265,1,3293143.500,3296133.062,2989.562
3,201,9,4,1268,1268,0,3301475.562,3302723.000,1247.438
3,202,9,5,1270,1271,1,3305641.500,3307755.625,2114.125
3,203,15,0,1332,1332,0,3434787.500,3436373.625,1586.125
3,204,15,1,1334,1334,0,3438953.500,3440825.125,1871.625
3,205,15,2,1336,1337,1,3443119.688,3446072.688,2953.000
3,206,15,3,1338,1339,1,3447285.562,3451154.312,3868.750
3,208,15,5,1342,1342,0,3455617.500,3456742.688,1125.188
3,209,0,0,1344,1344,0,3459783.500,3461702.375,1918.875
3,210,0,1,1346,1347,1,3463949.938,3466924.938,2975.000
3,211,0,2,1348,1349,1,3468115.625,3471590.312,3474.688
3,213,0,4,1352,1352,0,3476448.000,3477776.000,1328.000
3,214,0,5,1354,1355,1,3480615.812,3482911.562,2295.750
3,215,3,0,1380,1380,0,3534771.500,3536337.875,1566.375
3,216,3,1,1382,1383,1,3538937.562,3541779.250,2841.688
3,217,3,2,1384,1385,1,3543103.500,3545861.875,2758.375
3,218,3,3,1386,1387,1,3547279.938,3550340.688,3060.750
3,220,3,5,1390,1390,0,3555603.250,3555632.000,28.750
3,221,4,0,1392,1392,0,3559767.500,3561643.688,1876.188
3,222,4,1,1394,1395,1,3563935.188,3567086.562,3151.375
3,223,4,2,1396,1397,1,3568111.688,3571984.500,3872.812
3,225,4,4,1400,1400,0,3576431.562,3577989.500,1557.938
3,226,4,5,1402,1403,1,3580606.188,3583155.562,2549.375
3,227,9,0,1452,1452,0,3684747.562,3686378.000,1630.438
3,228,9,1,1454,1455,1,3688913.500,3691965.312,3051.812
3,229,9,2,1456,1457,1,3693079.500,3696795.125,3715.625
3,231,9,4,1460,1460,0,3701411.688,3702966.312,1554.625
3,232,9,5,1462,1463,1,3705580.062,3708262.938,2682.875
3,233,15,0,1524,1524,0,3834726.625,3836363.688,1637.062
3,234,15,1,1526,1527,1,3838889.875,3841785.625,2895.750
3,235,15,2,1528,1529,1,3843055.562,3846454.875,3399.312
3,237,15,4,1532,1532,0,3851387.562,3852637.188,1249.625
3,238,15,5,1534,1534,0,3855554.875,3857634.438,2079.562
3,239,0,0,1536,1537,1,3859719.500,3862758.500,3039.000
3,240,0,1,1538,1539,1,3863885.562,3868014.625,4129.062
3,242,0,3,1542,1542,0,3872217.500,3873729.375,1511.875
3,243,0,4,1544,1545,1,3876383.562,3879520.125,3136.562
3,244,0,5,1546,1547,1,3880549.562,3884244.375,3694.812
3,245,3,0,1572,1572,0,3934707.500,3936259.812,1552.312
3,246,3,1,1574,1575,1,3938876.375,3941850.125,2973.750
3,247,3,2,1576,1577,1,3943039.562,3946695.188,3655.625
3,249,3,4,1580,1580,0,3951371.500,3952860.125,1488.625
3,250,3,5,1582,1583,1,3955543.750,3958172.000,2628.250
3,251,4,0,1584,1585,1,3959703.562,3963155.750,3452.188
3,253,4,2,1588,1588,0,3968035.500,3969336.875,1301.375
3,254,4,3,1590,1591,1,3972201.562,3974944.938,2743.375
3,255,4,4,1592,1593,1,3976367.500,3979394.250,3026.750
3,256,4,5,1594,1595,1,3980534.562,3984513.812,3979.250
3,257,9,0,1644,1644,0,4084683.500,4086304.438,1620.938
3,258,9,1,1646,1647,1,4088849.688,4091717.062,2867.375
3,259,9,2,1648,1649,1,4093015.500,4096156.250,3140.750
3,260,9,3,1650,1651,1,4097181.500,4100379.312,3197.812
3,261,9,4,1652,1653,1,4101348.250,4105397.812,4049.562
3,262,9,5,1654,1656,2,4105516.438,4110701.688,5185.250
3,263,15,0,1716,1716,0,4234659.500,4236239.000,1579.500
3,264,15,1,1718,1719,1,4238835.938,4241872.062,3036.125
3,265,15,2,1720,1721,1,4242991.562,4246723.125,3731.562
3,267,15,4,1724,1724,0,4251323.562,4252912.312,1588.750
3,268,15,5,1726,1727,1,4255492.375,4258041.500,2549.125
3,269,0,0,1728,1729,1,4259655.688,4263253.312,3597.625
3,271,0,2,1732,1732,0,4267987.562,4269368.688,1381.125
3,272,0,3,1734,1735,1,4272153.812,4274970.750,2816.938
3,273,0,4,1736,1737,1,4276319.500,4279358.688,3039.188
3,274,0,5,1738,1740,2,4280489.938,4285336.000,4846.062
3,275,3,0,1764,1764,0,4334643.500,4336259.562,1616.062
3,276,3,1,1766,1767,1,4338809.562,4340927.188,2117.625
3,277,3,2,1768,1769,1,4342975.562,4346116.625,3141.062
3,278,3,3,1770,1771,1,4347141.500,4351164.250,4022.750
3,279,3,4,1772,1773,1,4351312.125,4355224.500,3912.375
3,281,4,0,1776,1776,0,4359639.500,4361435.500,1796.000
3,282,4,1,1778,1779,1,4363805.688,4366852.625,3046.938
3,283,4,2,1780,1781,1,4367971.500,4371699.188,3727.688
3,285,4,4,1784,1784,0,4376303.500,4377867.125,1563.625
3,286,4,5,1786,1787,1,4380469.500,4382981.312,2511.812
3,287,9,0,1836,1836,0,4484619.500,4486182.312,1562.812
3,288,9,1,1838,1839,1,4488786.438,4491781.875,2995.438
3,289,9,2,1840,1841,1,4492951.625,4496623.938,3672.312
3,291,9,4,1844,1844,0,4501283.562,4502770.625,1487.062
3,292,9,5,1846,1847,1,4505454.188,4508088.125,2633.938
3,293,15,0,1908,1908,0,4634595.562,4636154.125,1558.562
3,294,15,1,1910,1911,1,4638762.938,4641575.750,2812.812
3,295,15,2,1912,1913,1,4642927.562,4646035.438,3107.875
3,297,15,4,1916,1916,0,4651259.500,4651293.000,33.500
3,298,15,5,1918,1917,-1,4655429.938,4655331.750,-98.188
3,299,0,0,1920,1920,0,4659591.562,4661558.875,1967.312
3,300,0,1,1922,1923,1,4663761.688,4666756.812,2995.125
3,301,0,2,1924,1925,1,4667923.500,4671806.938,3883.438
3,303,0,4,1928,1928,0,4676255.500,4677741.062,1485.562
3,304,0,5,1930,1931,1,4680421.500,4683036.188,2614.688
3,305,3,0,1956,1956,0,4734579.500,4736288.625,1709.125
3,306,3,1,1958,1958,0,4738749.688,4740332.625,1582.938
3,307,3,2,1960,1961,1,4742911.500,4745939.188,3027.688
3,308,3,3,1962,1963,1,4747085.938,4750572.688,3486.750
3,310,3,5,1966,1966,0,4755409.938,4756301.500,891.562
3,311,4,0,1968,1968,0,4759575.500,4761392.500,1817.000
3,312,4,1,1970,1971,1,4763741.625,4765862.438,2120.812
3,313,4,2,1972,1973,1,4767907.500,4771065.625,3158.125
3,314,4,3,1974,1975,1,4772073.750,4776102.500,4028.750
3,315,4,4,1976,1977,1,4776239.562,4780152.000,3912.438
3,316,4,5,1978,1980,2,4780409.500,4785464.875,5055.375
3,317,9,0,2028,2028,0,4884555.500,4886174.562,1619.062
3,318,9,1,2030,2031,1,4888721.625,4890839.188,2117.562
3,319,9,2,2032,2033,1,4892887.562,4896037.875,3150.312
3,320,9,3,2034,2035,1,4897053.562,4901045.750,3992.188
3,322,9,5,2038,2038,0,4905388.000,4906565.875,1177.875
3,323,15,0,2100,2100,0,5034531.500,5036162.562,1631.062
3,324,15,1,2102,2103,1,5038707.875,5041795.625,3087.750
3,325,15,2,2104,2105,1,5042863.938,5046458.000,3594.062
3,327,15,4,2108,2108,0,5051195.500,5052599.938,1404.438
3,328,15,5,2110,2111,1,5055365.312,5057973.688,2608.375
3,329,0,0,2112,2113,1,5059527.500,5062967.562,3440.062
3,331,0,2,2116,2116,0,5067859.500,5069103.250,1243.750
3,332,0,3,2118,2119,1,5072031.125,5074146.000,2114.875
3,333,0,4,2120,2121,1,5076191.562,5079331.250,3139.688
3,334,0,5,2122,2123,1,5080362.875,5084444.812,4081.938
3,335,3,0,2148,2148,0,5134515.562,5136074.000,1558.438
3,336,3,1,2150,2150,0,5138682.812,5140714.125,2031.312
3,337,3,2,2152,2153,1,5142847.500,5145931.062,3083.562
3,338,3,3,2154,2155,1,5147013.500,5150966.438,3952.938
3,340,3,5,2158,2158,0,5155350.062,5156492.562,1142.500
3,341,4,0,2160,2160,0,5159511.500,5161426.062,1914.562
3,342,4,1,2162,2162,0,5163687.062,5165296.875,1609.812
3,343,4,2,2164,2165,1,5167843.500,5170904.938,3061.438
3,344,4,3,2166,2167,1,5172012.250,5175552.188,3539.938
3,346,4,5,2170,2170,0,5180341.500,5181302.125,960.625
3,347,9,0,2220,2220,0,5284491.500,5286099.812,1608.312
3,348,9,1,2222,2223,1,5288669.188,5291711.625,3042.438
3,349,9,2,2224,2225,1,5292823.500,5296013.375,3189.875
3,351,9,4,2228,2228,0,5301155.562,5302561.938,1406.375
3,352,9,5,2230,2231,1,5305321.562,5307671.625,2350.062
3,353,15,0,2292,2292,0,5434467.562,5436023.375,1555.812
3,354,15,1,2294,2294,0,5438645.625,5440694.000,2048.375
3,355,15,2,2296,2297,1,5442799.500,5445916.938,3117.438
3,356,15,3,2298,2299,1,5446965.500,5450958.312,3992.812
3,358,15,5,2302,2302,0,5455297.500,5456320.000,1022.500
3,359,0,0,2304,2304,0,5459463.500,5461440.062,1976.562
3,360,0,1,2306,2306,0,5463629.688,5465292.625,1662.938
3,361,0,2,2308,2309,1,5467795.562,5470882.438,3086.875
3,362,0,3,2310,2311,1,5471963.062,5475523.688,3560.625
3,364,0,5,2314,2314,0,5480298.438,5481444.938,1146.500
3,365,3,0,2340,2340,0,5534451.500,5536144.688,1693.188
3,366,3,1,2342,2343,1,5538617.562,5541535.812,2918.250
3,367,3,2,2344,2345,1,5542783.625,5546178.188,3394.562
3,368,3,3,2346,2347,1,5546949.500,5550227.812,3278.312
3,370,3,5,2350,2350,0,5555281.500,5556163.438,881.938
3,371,4,0,2352,2352,0,5559447.688,5561472.562,2024.875
3,372,4,1,2354,2355,1,5563613.500,5566688.750,3075.250
3,373,4,2,2356,2357,1,5567780.188,5571724.000,3943.812
3,375,4,4,2360,2360,0,5576111.812,5577703.250,1591.438
3,376,4,5,2362,2363,1,5580277.625,5583016.625,2739.000
3,377,9,0,2412,2412,0,5684427.500,5686074.750,1647.250
3,378,9,1,2414,2414,0,5688593.625,5690499.438,1905.812
3,379,9,2,2416,2417,1,5692759.500,5695926.562,3167.062
3,380,9,3,2418,2419,1,5696925.562,5700745.750,3820.188
3,382,9,5,2422,2422,0,5705257.500,5706253.625,996.125
3,383,15,0,2484,2484,0,5834403.500,5836116.500,1713.000
3,384,15,1,2486,2487,1,5838570.000,5841725.062,3155.062
3,385,15,2,2488,2489,1,5842735.500,5846162.750,3427.250
3,386,15,3,2490,2491,1,5846912.438,5850230.625,3318.188
3,388,15,5,2494,2494,0,5855234.062,5856178.250,944.188
3,389,0,0,2496,2497,1,5859399.562,5861534.500,2134.938
3,390,0,1,2498,2499,1,5863565.500,5866707.688,3142.188
3,391,0,2,2500,2501,1,5867732.812,5871749.188,4016.375
3,393,0,4,2504,2504,0,5876063.750,5877497.375,1433.625
3,394,0,5,2506,2506,0,5880229.625,5882096.250,1866.625
3,395,3,0,2532,2532,0,5934387.500,5935924.938,1537.438
3,396,3,1,2534,2534,0,5938553.938,5940370.500,1816.562
3,397,3,2,2536,2537,1,5942719.500,5945776.125,3056.625
3,398,3,3,2538,2539,1,5946885.688,5950610.562,3724.875
3,400,3,5,2542,2542,0,5955222.125,5956337.625,1115.500
3,401,4,0,2544,2544,0,5959383.500,5961258.875,1875.375
3,402,4,1,2546,2547,1,5963558.562,5966513.562,2955.000
3,403,4,2,2548,2549,1,5967718.562,5971157.438,3438.875
3,404,4,3,2550,2551,1,5971881.500,5975196.312,3314.812
3,406,4,5,2554,2554,0,5980216.000,5981134.938,918.938
3,407,9,0,2604,2604,0,6084363.500,6086031.438,1667.938
3,408,9,1,2606,2607,1,6088529.688,6091678.375,3148.688
3,410,9,3,2610,2610,0,6096861.500,6098239.312,1377.812
3,411,9,4,2612,2613,1,6101027.500,6103830.938,2803.438
3,412,9,5,2614,2615,1,6105193.562,6108365.938,3172.375
3,413,15,0,2676,2676,0,6234340.125,6235998.938,1658.812
3,414,15,1,2678,2678,0,6238506.438,6240426.938,1920.500
3,415,15,2,2680,2681,1,6242671.562,6245649.875,2978.312
3,416,15,3,2682,2683,1,6246839.188,6250691.250,3852.062
3,418,15,5,2686,2686,0,6255169.500,6256241.625,1072.125
3,419,0,0,2688,2688,0,6259335.500,6261173.000,1837.500
3,420,0,1,2690,2691,1,6263509.812,6266596.375,3086.562
3,421,0,2,2692,2693,1,6267667.562,6271236.000,3568.438
3,422,0,3,2694,2695,1,6271844.938,6275281.125,3436.188
3,424,0,5,2698,2698,0,6280165.500,6281000.938,835.438
3,425,3,0,2724,2724,0,6334323.500,6336009.938,1686.438
3,426,3,1,2726,2727,1,6338489.625,6341413.312,2923.688
3,427,3,2,2728,2729,1,6342655.500,6345861.125,3205.625
3,429,3,4,2732,2732,0,6350987.500,6352216.500,1229.000
3,430,3,5,2734,2734,0,6355164.562,6357220.000,2055.438
3,431,4,0,2736,2736,0,6359319.562,6361368.688,2049.125
3,432,4,1,2738,2739,1,6363497.750,6366597.125,3099.375
3,433,4,2,2740,2741,1,6367651.500,6371419.188,3767.688
3,435,4,4,2744,2744,0,6375983.562,6377435.188,1451.625
3,436,4,5,2746,2747,1,6380149.562,6382736.312,2586.750
3,437,9,0,2796,2796,0,6484299.625,6485936.500,1636.875
3,438,9,1,2798,2798,0,6488465.500,6490367.125,1901.625
3,439,9,2,2800,2801,1,6492631.562,6495782.000,3150.438
3,440,9,3,2802,2803,1,6496797.688,6500601.188,3803.500
3,442,9,5,2806,2806,0,6505130.938,6506322.250,1191.312
3,443,15,0,2868,2868,0,6634276.312,6635883.688,1607.375
3,444,15,1,2870,2871,1,6638446.750,6641492.250,3045.500
3,445,15,2,2872,2873,1,6642607.500,6645924.250,3316.750
3,447,15,4,2876,2876,0,6650939.500,6652316.125,1376.625
3,448,15,5,2878,2878,0,6655105.875,6657129.938,2024.062
3,449,0,0,2880,2881,1,6659271.500,6662504.875,3233.375
3,450,0,1,2882,2883,1,6663437.688,6667472.438,4034.750
3,452,0,3,2886,2886,0,6671774.000,6673231.250,1457.250
3,453,0,4,2888,2888,0,6675935.500,6677629.875,1694.375
3,454,0,5,2890,2891,1,6680102.312,6682736.312,2634.000
3,455,3,0,2916,2916,0,6734259.500,6735895.125,1635.625
3,456,3,1,2918,2919,1,6738425.500,6741497.688,3072.188
3,457,3,2,2920,2921,1,6742591.688,6745734.375,3142.688
3,458,3,3,2922,2923,1,6746757.562,6750380.125,3622.562
3,460,3,5,2926,2926,0,6755089.500,6756131.688,1042.188
3,461,4,0,2928,2928,0,6759255.500,6761052.938,1797.438
3,462,4,1,2930,2931,1,6763423.188,6766283.125,2859.938
3,463,4,2,2932,2933,1,6767587.500,6770927.000,3339.500
3,465,4,4,2936,2936,0,6775919.500,6775979.125,59.625
3,466,4,5,2938,2938,0,6780088.625,6781103.375,1014.750
3,467,9,0,2988,2988,0,6884235.562,6885789.375,1553.812
3,468,9,1,2990,2991,1,6888401.500,6891165.250,2763.750
3,469,9,2,2992,2993,1,6892567.500,6895804.625,3237.125
3,471,9,4,2996,2996,0,6900899.500,6902203.938,1304.438
3,472,9,5,2998,2998,0,6905065.500,6906991.250,1925.750
3,473,15,0,3060,3060,0,7034212.062,7035919.250,1707.188
3,474,15,1,3062,3063,1,7038380.812,7041528.125,3147.312
3,475,15,2,3064,3065,1,7042543.500,7046379.188,3835.688
3,477,15,4,3068,3068,0,7050875.562,7052367.438,1491.875
3,478,15,5,3070,3071,1,7055044.250,7057697.562,2653.312
3,479,0,0,3072,3073,1,7059207.500,7062679.188,3471.688
3,481,0,2,3076,3076,0,7067539.500,7069022.688,1483.188
3,482,0,3,3078,3079,1,7071706.250,7074626.500,2920.250
3,483,0,4,3080,3081,1,7075871.562,7079064.188,3192.625
3,484,0,5,3082,3083,1,7080046.688,7084195.938,4149.250
3,485,3,0,3108,3108,0,7134195.500,7135861.750,1666.250
3,486,3,1,3110,3111,1,7138361.500,7141076.438,2714.938
3,487,3,2,3112,3113,1,7142527.562,7145718.812,3191.250
3,488,3,3,3114,3115,1,7146695.688,7150754.188,4058.500
3,490,3,5,3118,3118,0,7155025.562,7156091.625,1066.062
3,491,4,0,3120,3120,0,7159192.125,7161012.875,1820.750
3,492,4,1,3122,3123,1,7163359.812,7166430.000,3070.188
3,493,4,2,3124,3125,1,7167523.500,7170668.188,3144.688
3,494,4,3,3126,3127,1,7171696.875,7175327.688,3630.812
3,496,4,5,3130,3130,0,7180021.500,7181057.750,1036.250
3,497,9,0,3180,3180,0,7284171.562,7285803.875,1632.312
3,498,9,1,3182,3183,1,7288342.375,7291391.188,3048.812
3,499,9,2,3184,3185,1,7292503.625,7296233.250,3729.625
3,500,9,3,3186,3187,1,7296673.125,7300267.625,3594.500
3,502,9,5,3190,3190,0,7305001.500,7305941.438,939.938
3,503,15,0,3252,3252,0,7434147.562,7435756.375,1608.812
3,504,15,1,3254,3255,1,7438313.500,7441190.250,2876.750
3,505,15,2,3256,3257,1,7442483.438,7445662.188,3178.750
3,507,15,4,3260,3260,0,7450811.500,7452054.062,1242.562
3,508,15,5,3262,3262,0,7454981.938,7457039.062,2057.125
3,509,0,0,3264,3265,1,7459143.562,7462150.875,3007.312
3,510,0,1,3266,3267,1,7463316.438,7467180.625,3864.188
3,511,0,2,3268,3269,1,7467475.500,7471462.750,3987.250
3,513,0,4,3272,3272,0,7475807.625,7477367.812,1560.188
3,514,0,5,3274,3275,1,7479973.625,7482662.938,2689.312
3,515,3,0,3300,3300,0,7534131.562,7535670.250,1538.688
3,516,3,1,3302,3303,1,7538297.938,7541272.812,2974.875
3,517,3,2,3304,3305,1,7542463.562,7546117.875,3654.312
3,519,3,4,3308,3308,0,7550795.500,7552282.812,1487.312
3,520,3,5,3310,3310,0,7554962.188,7556290.062,1327.875
3,521,4,0,3312,3313,1,7559127.562,7562008.562,2881.000
3,522,4,1,3314,3315,1,7563304.188,7566415.250,3111.062
3,524,4,3,3318,3318,0,7571627.000,7572845.500,1218.500
3,525,4,4,3320,3320,0,7575791.562,7577868.375,2076.812
3,526,4,5,3322,3323,1,7579961.438,7582980.812,3019.375
3,527,9,0,3372,3372,0,7684107.500,7685639.375,1531.875
3,528,9,1,3374,3375,1,7688273.500,7691039.750,2766.250
3,529,9,2,3376,3377,1,7692439.500,7695465.938,3026.438
3,530,9,3,3378,3379,1,7696605.938,7700699.250,4093.312
3,532,9,5,3382,3382,0,7704937.500,7706030.688,1093.188
3,533,15,0,3444,3444,0,7834083.500,7835796.062,1712.562
3,534,15,1,3446,3447,1,7838256.812,7841404.625,3147.812
3,535,15,2,3448,3449,1,7842415.562,7846079.250,3663.688
3,537,15,4,3452,3452,0,7850747.500,7852281.000,1533.500
3,538,15,5,3454,3455,1,7854913.562,7857375.188,2461.625
3,539,0,0,3456,3457,1,7859079.500,7862630.438,3550.938
3,541,0,2,3460,3460,0,7867411.500,7868737.062,1325.562
3,542,0,3,3462,3463,1,7871577.500,7874339.125,2761.625
3,543,0,4,3464,3465,1,7875743.562,7879014.688,3271.125
3,544,0,5,3466,3468,2,7879915.938,7884114.438,4198.500
3,545,3,0,3492,3492,0,7934067.562,7935606.000,1538.438
3,546,3,1,3494,3494,0,7938245.438,7939863.188,1617.750
3,547,3,2,3496,3496,0,7942399.500,7944295.750,1896.250
3,548,3,3,3498,3499,1,7946565.500,7949512.688,2947.188
3,549,3,4,3500,3501,1,7950731.562,7954546.438,3814.875
3,551,4,0,3504,3504,0,7959063.500,7960982.875,1919.375
3,552,4,1,3506,3507,1,7963232.688,7966199.062,2966.375
3,553,4,2,3508,3509,1,7967395.500,7971045.625,3650.125
3,555,4,4,3512,3512,0,7975727.562,7977213.562,1486.000
3,556,4,5,3514,3514,0,7979904.750,7981210.062,1305.312
3,557,9,0,3564,3564,0,8084043.500,8085703.562,1660.062
3,558,9,1,3566,3567,1,8088209.500,8091303.125,3093.625
3,559,9,2,3568,3569,1,8092375.500,8095932.000,3556.500
3,561,9,4,3572,3572,0,8100710.562,8102300.500,1589.938
3,562,9,5,3574,3575,1,8104873.500,8107399.812,2526.312
3,563,15,0,3636,3636,0,8234019.500,8235681.188,1661.688
3,564,15,1,3638,3638,0,8238185.625,8239743.438,1557.812
3,565,15,2,3640,3640,0,8242352.312,8244382.938,2030.625
3,566,15,3,3642,3643,1,8246520.875,8249618.125,3097.250
3,567,15,4,3644,3645,1,8250683.500,8254670.125,3986.625
3,569,0,0,3648,3648,0,8259015.500,8260885.000,1869.500
3,570,0,1,3650,3651,1,8263181.500,8266296.125,3114.625
3,571,0,2,3652,3653,1,8267350.500,8271157.562,3807.062
3,573,0,4,3656,3656,0,8275679.500,8277292.625,1613.125
3,574,0,5,3658,3658,0,8279846.562,8281283.125,1436.562
3,575,3,0,3684,3684,0,8334003.500,8335639.562,1636.062
3,576,3,1,3686,3687,1,8338172.625,8341242.125,3069.500
3,577,3,2,3688,3689,1,8342335.500,8345886.250,3550.750
3,579,3,4,3692,3692,0,8350667.500,8352052.938,1385.438
3,580,3,5,3694,3695,1,8354833.500,8357163.875,2330.375
3,581,4,0,3696,3697,1,8358999.500,8362158.125,3158.625
3,582,4,1,3698,3699,1,8363165.625,8366183.625,3018.000
3,583,4,2,3700,3701,1,8367331.625,8371432.062,4100.438
3,585,4,4,3704,3704,0,8375663.500,8377222.625,1559.125
3,586,4,5,3706,3707,1,8379834.250,8382724.688,2890.438
3,587,9,0,3756,3756,0,8483979.500,8485664.562,1685.062
3,588,9,1,3758,3758,0,8488145.500,8490088.500,1943.000
3,589,9,2,3760,3760,0,8492311.500,8494311.562,2000.062
3,590,9,3,3762,3763,1,8496480.562,8499525.500,3044.938
3,591,9,4,3764,3765,1,8500643.500,8504568.500,3925.000
3,592,9,5,3766,3768,2,8504819.688,8509884.625,5064.938
3,593,15,0,3828,3828,0,8633955.500,8635671.750,1716.250
3,594,15,1,3830,3831,1,8638121.625,8641091.625,2970.000
3,595,15,2,3832,3833,1,8642287.500,8645705.000,3417.500
3,597,15,4,3836,3836,0,8650619.500,8652131.875,1512.375
3,598,15,5,3838,3839,1,8654785.500,8657262.812,2477.312
3,599,0,0,3840,3841,1,8658951.500,8662254.938,3303.438
3,600,0,1,3842,3843,1,8663117.562,8666274.438,3156.875
3,602,0,3,3846,3846,0,8671452.938,8672643.688,1190.750
3,603,0,4,3848,3848,0,8675615.562,8677660.562,2045.000
3,604,0,5,3850,3851,1,8679781.750,8682754.750,2973.000
3,605,3,0,3876,3876,0,8733939.562,8735581.375,1641.812
3,606,3,1,3878,3879,1,8738117.312,8741214.312,3097.000
3,607,3,2,3880,3881,1,8742271.500,8746059.375,3787.875
3,608,3,3,3882,3883,1,8746439.812,8750297.688,3857.875
3,610,3,5,3886,3886,0,8754769.938,8755836.062,1066.125
3,611,4,0,3888,3888,0,8758936.688,8760757.312,1820.625
3,612,4,1,3890,3891,1,8763101.625,8766174.438,3072.812
3,613,4,2,3892,3893,1,8767267.500,8770820.062,3552.562
3,615,4,4,3896,3896,0,8775599.500,8776989.750,1390.250
3,616,4,5,3898,3899,1,8779765.500,8782114.438,2348.938
3,617,9,0,3948,3948,0,8883915.500,8885502.500,1587.000
3,618,9,1,3950,3951,1,8888081.562,8891102.062,3020.500
3,619,9,2,3952,3953,1,8892247.500,8895743.188,3495.688
3,621,9,4,3956,3956,0,8900579.500,8901891.625,1312.125
3,622,9,5,3958,3959,1,8904745.500,8906882.875,2137.375
3,623,15,0,4020,4020,0,9033891.500,9035497.188,1605.688
3,624,15,1,4022,4023,1,9038057.562,9040170.812,2113.250
3,625,15,2,4024,4025,1,9042223.500,9045378.500,3155.000
3,626,15,3,4026,4027,1,9046391.562,9049434.125,3042.562
3,627,15,4,4028,4029,1,9050555.625,9054473.875,3918.250
3,629,0,0,4032,4032,0,9058887.625,9060688.750,1801.125
3,630,0,1,4034,4035,1,9063053.562,9066099.875,3046.312
3,631,0,2,4036,4037,1,9067219.500,9070739.500,3520.000
3,633,0,4,4040,4040,0,9075551.750,9077071.875,1520.125
3,634,0,5,4042,4043,1,9079718.688,9082192.312,2473.625
3,635,3,0,4068,4068,0,9133875.500,9135434.062,1558.562
3,636,3,1,4070,4071,1,9138050.812,9141036.625,2985.812
3,637,3,2,4072,4073,1,9142207.500,9145473.938,3266.438
3,639,3,4,4076,4076,0,9150545.250,9151866.062,1320.812
3,640,3,5,4078,4079,1,9154705.500,9156977.000,2271.500
3,641,4,0,4080,4081,1,9158871.562,9161971.250,3099.688
3,642,4,1,4082,4083,1,9163038.188,9166994.750,3956.562
3,644,4,3,4086,4086,0,9171369.500,9172984.625,1615.125
3,645,4,4,4088,4088,0,9175535.562,9177230.312,1694.750
3,646,4,5,4090,4091,1,9179706.188,9182342.750,2636.562
3,647,9,0,4140,4140,0,9283851.562,9285513.250,1661.688
3,648,9,1,4142,4143,1,9288017.500,9291112.812,3095.312
3,649,9,2,4144,4145,1,9292183.500,9296131.312,3947.812
3,651,9,4,4148,4148,0,9300515.500,9302101.562,1586.062
3,652,9,5,4150,4150,0,9304686.375,9306294.500,1608.125
3,653,15,0,4212,4212,0,9433827.500,9435495.812,1668.312
3,654,15,1,4214,4215,1,9437994.625,9441172.438,3177.812
3,656,15,3,4218,4218,0,9446325.562,9447761.875,1436.312
3,657,15,4,4220,4221,1,9450491.562,9453388.438,2896.875
3,658,15,5,4222,4223,1,9454657.688,9457920.188,3262.500
3,659,0,0,4224,4225,1,9458823.812,9462901.812,4078.000
3,661,0,2,4228,4228,0,9467155.562,9468661.125,1505.562
3,662,0,3,4230,4230,0,9471321.500,9473301.062,1979.562
3,663,0,4,4232,4233,1,9475487.500,9478513.500,3026.000
3,664,0,5,4234,4235,1,9479653.500,9483426.125,3772.625
3,665,3,0,4260,4260,0,9533811.500,9535495.000,1683.500
3,666,3,1,4262,4263,1,9537977.500,9541097.562,3120.062
3,667,3,2,4264,4265,1,9542143.500,9545942.625,3799.125
3,669,3,4,4268,4268,0,9550475.500,9552107.562,1632.062
3,670,3,5,4270,4271,1,9554643.500,9557218.500,2575.000
3,671,4,0,4272,4273,1,9558807.500,9561807.062,2999.562
3,672,4,1,4274,4275,1,9562973.500,9566440.938,3467.438
3,674,4,3,4278,4278,0,9571305.562,9572633.500,1327.938
3,675,4,4,4280,4281,1,9575471.562,9578253.812,2782.250
3,676,4,5,4282,4283,1,9579637.500,9582768.812,3131.312
3,677,9,0,4332,4332,0,9683787.500,9685445.750,1658.250
3,678,9,1,4334,4334,0,9687953.500,9689486.750,1533.250
3,679,9,2,4336,4337,1,9692122.438,9694866.625,2744.188
3,680,9,3,4338,4339,1,9696285.625,9699507.625,3222.000
3,681,9,4,4340,4341,1,9700458.688,9704550.625,4091.938
3,682,9,5,4342,4344,2,9704621.062,9709665.812,5044.750
3,683,15,0,4404,4404,0,9833763.500,9835446.188,1682.688
3,684,15,1,4406,4407,1,9837929.562,9841054.750,3125.188
3,685,15,2,4408,4409,1,9842095.500,9845905.812,3810.312
3,687,15,4,4412,4412,0,9850427.562,9851906.312,1478.750
3,688,15,5,4414,4415,1,9854603.562,9857249.000,2645.438
3,689,0,0,4416,4417,1,9858759.500,9862431.562,3672.062
3,691,0,2,4420,4420,0,9867091.500,9868598.625,1507.125
3,692,0,3,4422,4423,1,9871258.188,9874202.438,2944.250
3,693,0,4,4424,4425,1,9875423.562,9878890.250,3466.688
3,694,0,5,4426,4428,2,9879592.062,9884567.688,4975.625
3,695,3,0,4452,4452,0,9933747.562,9935328.688,1581.125
3,696,3,1,4454,4455,1,9937913.500,9940732.062,2818.562
3,697,3,2,4456,4457,1,9942079.500,9944244.125,2164.625
3,698,3,3,4458,4459,1,9946245.500,9949424.062,3178.562
3,699,3,4,4460,4461,1,9950411.562,9954457.812,4046.250
3,701,4,0,4464,4464,0,9958743.875,9960668.812,1924.938
3,702,4,1,4466,4467,1,9962909.750,9965885.000,2975.250
3,703,4,2,4468,4469,1,9967075.500,9970920.250,3844.750
3,705,4,4,4472,4472,0,9975407.562,9976911.750,1504.188
3,706,4,5,4474,4475,1,9979573.500,9982212.875,2639.375
3,707,9,0,4524,4524,0,10083723.500,10085415.625,1692.125
3,708,9,1,4526,4527,1,10087890.562,10091015.188,3124.625
3,709,9,2,4528,4529,1,10092055.500,10095857.250,3801.750
3,711,9,4,4532,4532,0,10100387.562,10102003.938,1616.375
3,712,9,5,4534,4535,1,10104564.375,10107136.375,2572.000
3,713,15,0,4596,4596,0,10233702.688,10235269.062,1566.375
3,714,15,1,4598,4599,1,10237865.500,10240678.438,2812.938
3,715,15,2,4600,4601,1,10242031.500,10244933.375,2901.875
3,716,15,3,4602,4603,1,10246197.625,10249370.938,3173.312
3,717,15,4,4604,4605,1,10250363.625,10254386.188,4022.562
3,719,0,0,4608,4608,0,10258695.500,10260637.812,1942.312
3,720,0,1,4610,4611,1,10262864.188,10265835.750,2971.562
3,721,0,2,4612,4613,1,10267027.500,10270865.000,3837.500
3,723,0,4,4616,4616,0,10275359.562,10276820.000,1460.438
3,724,0,5,4618,4619,1,10279525.875,10282115.125,2589.250
3,725,3,0,4644,4644,0,10333683.562,10335300.500,1616.938
3,726,3,1,4646,4647,1,10337851.250,10340903.062,3051.812
3,727,3,2,4648,4649,1,10342015.500,10345748.125,3732.625
3,729,3,4,4652,4652,0,10350347.562,10351913.062,1565.500
3,730,3,5,4654,4655,1,10354518.875,10357024.000,2505.125
3,731,4,0,4656,4657,1,10358679.500,10362020.000,3340.500
3,733,4,2,4660,4660,0,10367011.500,10368389.500,1378.000
3,734,4,3,4662,4662,0,10371177.562,10372638.188,1460.625
3,735,4,4,4664,4665,1,10375343.562,10377511.125,2167.562
3,736,4,5,4666,4667,1,10379521.812,10382611.062,3089.250
3,737,9,0,4716,4716,0,10483659.500,10485225.125,1565.625
3,738,9,1,4718,4719,1,10487825.562,10490637.750,2812.188
3,739,9,2,4720,4721,1,10491991.500,10495285.750,3294.250
3,740,9,3,4722,4723,1,10496157.500,10499323.750,3166.250
3,741,9,4,4724,4725,1,10500328.188,10504366.750,4038.562
3,742,9,5,4726,4728,2,10504491.438,10509670.625,5179.188
3,743,15,0,4788,4788,0,10633635.562,10635251.500,1615.938
3,744,15,1,4790,4791,1,10637802.125,10640872.312,3070.188
3,745,15,2,4792,4793,1,10641967.500,10645723.375,3755.875
3,747,15,4,4796,4796,0,10650299.562,10651912.562,1613.000
3,748,15,5,4798,4799,1,10654466.188,10657029.500,2563.312
3,749,0,0,4800,4801,1,10658631.500,10662023.375,3391.875
3,751,0,2,4804,4804,0,10666963.500,10668368.938,1405.438
3,752,0,3,4806,4807,1,10671129.500,10673971.000,2841.500
3,753,0,4,4808,4809,1,10675295.562,10678402.062,3106.500
3,754,0,5,4810,4811,1,10679461.625,10683515.625,4054.000
3,755,3,0,4836,4836,0,10733619.500,10735181.438,1561.938
3,756,3,1,4838,4838,0,10737785.562,10739784.812,1999.250
3,757,3,2,4840,4841,1,10741951.562,10745001.750,3050.188
3,758,3,3,4842,4843,1,10746129.688,10750049.375,3919.688
3,759,3,4,4844,4845,1,10750283.500,10754298.312,4014.812
3,761,4,0,4848,4848,0,10758615.500,10760558.312,1942.812
3,762,4,1,4850,4851,1,10762791.438,10765799.000,3007.562
3,763,4,2,4852,4853,1,10766947.562,10770645.562,3698.000
3,765,4,4,4856,4856,0,10775279.500,10776813.500,1534.000
3,766,4,5,4858,4859,1,10779445.500,10782164.562,2719.062
3,767,9,0,4908,4908,0,10883595.500,10885303.500,1708.000
3,768,9,1,4910,4911,1,10887764.250,10890890.812,3126.562
3,769,9,2,4912,4913,1,10891927.500,10895531.938,3604.438
3,771,9,4,4916,4916,0,10900259.812,10901900.438,1640.625
3,772,9,5,4918,4919,1,10904425.938,10906987.500,2561.562
3,773,15,0,4980,4980,0,11033571.688,11035260.750,1689.062
3,774,15,1,4982,4983,1,11037737.500,11040481.438,2743.938
3,775,15,2,4984,4985,1,11041903.500,11045142.062,3238.562
3,776,15,3,4986,4987,1,11046069.500,11050183.438,4113.938
3,777,15,4,4988,4989,1,11050235.500,11054261.938,4026.438
3,779,0,0,4992,4992,0,11058567.562,11060464.562,1897.000
3,780,0,1,4994,4995,1,11062739.188,11065863.438,3124.250
3,781,0,2,4996,4997,1,11066899.562,11070704.000,3804.438
3,783,0,4,5000,5000,0,11075231.500,11076847.688,1616.188
3,784,0,5,5002,5003,1,11079397.562,11081954.125,2556.562
3,785,3,0,5028,5028,0,11133555.500,11135194.312,1638.812
3,786,3,1,5030,5030,0,11137721.500,11139238.312,1516.812
3,787,3,2,5032,5033,1,11141887.688,11145080.938,3193.250
3,789,3,4,5036,5036,0,11150219.938,11151647.750,1427.812
3,790,3,5,5038,5039,1,11154387.000,11156760.438,2373.438
3,791,4,0,5040,5041,1,11158551.500,11161742.438,3190.938
3,792,4,1,5042,5043,1,11162717.500,11166778.188,4060.688
3,794,4,3,5046,5046,0,11171049.500,11172561.250,1511.750
3,795,4,4,5048,5048,0,11175215.625,11177216.938,2001.312
3,796,4,5,5050,5050,0,11179384.375,11181205.000,1820.625
3,797,9,0,5100,5100,0,11283531.500,11285201.625,1670.125
3,798,9,1,5102,5103,1,11287699.562,11290413.312,2713.750
3,799,9,2,5104,5105,1,11291863.562,11294845.875,2982.312
3,800,9,3,5106,5107,1,11296030.062,11300066.938,4036.875
3,802,9,5,5110,5110,0,11304364.312,11305386.125,1021.812
3,803,15,0,5172,5172,0,11433507.500,11435200.875,1693.375
3,804,15,1,5174,5174,0,11437674.062,11439263.125,1589.062
3,805,15,2,5176,5177,1,11441839.562,11444875.688,3036.125
3,806,15,3,5178,5179,1,11446015.562,11449539.688,3524.125
3,808,15,5,5182,5182,0,11454348.875,11455514.812,1165.938
3,809,0,0,5184,5185,1,11458503.500,11461407.625,2904.125
3,810,0,1,5186,5187,1,11462670.375,11465820.562,3150.188
3,812,0,3,5190,5190,0,11471001.750,11472202.062,1200.312
3,813,0,4,5192,5192,0,11475167.688,11477218.938,2051.250
3,814,0,5,5194,5194,0,11479340.062,11481209.438,1869.375
3,815,3,0,5220,5220,0,11533491.500,11535085.875,1594.375
3,816,3,1,5222,5222,0,11537657.500,11539738.250,2080.750
3,817,3,2,5224,5225,1,11541823.562,11544967.438,3143.875
3,818,3,3,5226,5227,1,11545989.625,11549978.312,3988.688
3,820,3,5,5230,5230,0,11554323.562,11555516.688,1193.125
3,821,4,0,5232,5232,0,11558487.500,11560437.938,1950.438
3,822,4,1,5234,5234,0,11562658.812,11564296.500,1637.688
3,823,4,2,5236,5237,1,11566819.500,11569904.562,3085.062
3,824,4,3,5238,5239,1,11570985.562,11574551.812,3566.250
3,826,4,5,5242,5242,0,11579318.750,11580289.500,970.750
3,827,9,0,5292,5292,0,11683467.500,11685133.188,1665.688
3,828,9,1,5294,5295,1,11687638.750,11690732.750,3094.000
3,829,9,2,5296,5297,1,11691799.500,11694779.500,2980.000
3,830,9,3,5298,5299,1,11695965.562,11699408.250,3442.688
3,832,9,5,5302,5302,0,11704297.562,11705106.562,809.000
3,833,15,0,5364,5364,0,11833443.500,11835004.312,1560.812
3,834,15,1,5366,5366,0,11837609.500,11839662.688,2053.188
3,835,15,2,5368,5369,1,11841775.562,11844885.625,3110.062
3,836,15,3,5370,5371,1,11845942.125,11849927.000,3984.875
3,838,15,5,5374,5374,0,11854273.500,11855288.688,1015.188
3,839,0,0,5376,5376,0,11858439.812,11860408.750,1968.938
3,840,0,1,5378,5378,0,11862616.188,11864273.562,1657.375
3,841,0,2,5380,5381,1,11866771.562,11869875.625,3104.062
3,842,0,3,5382,5383,1,11870937.812,11874504.625,3566.812
3,844,0,5,5386,5386,0,11879275.312,11880454.938,1179.625
3,845,3,0,5412,5412,0,11933427.562,11935065.750,1638.188
3,846,3,1,5414,5415,1,11937603.562,11940680.562,3077.000
3,847,3,2,5416,5417,1,11941760.688,11945124.500,3363.812
3,848,3,3,5418,5419,1,11945925.812,11949161.875,3236.062
3,850,3,5,5422,5422,0,11954257.625,11955097.500,839.875
3,851,4,0,5424,5424,0,11958423.562,11960369.875,1946.312
3,852,4,1,5426,5427,1,11962589.500,11965586.062,2996.562
3,853,4,2,5428,5429,1,11966755.562,11970621.312,3865.750
3,855,4,4,5432,5432,0,11975087.625,11976600.562,1512.938
3,856,4,5,5434,5435,1,11979253.500,11981962.938,2709.438
3,857,9,0,5484,5484,0,12083403.625,12085044.125,1640.500
3,858,9,1,5486,5486,0,12087570.188,12089468.812,1898.625
3,859,9,2,5488,5489,1,12091735.500,12094871.438,3135.938
3,860,9,3,5490,5491,1,12095901.625,12099702.875,3801.250
3,862,9,5,5494,5494,0,12104233.500,12105223.000,989.500
3,863,15,0,5556,5556,0,12233379.500,12235073.625,1694.125
3,864,15,1,5558,5559,1,12237545.562,12240694.438,3148.875
3,865,15,2,5560,5561,1,12241711.500,12245137.750,3426.250
3,866,15,3,5562,5563,1,12245887.125,12249156.625,3269.500
3,868,15,5,5566,5566,0,12254209.750,12255153.250,943.500
3,869,0,0,5568,5568,0,12258375.562,12260448.000,2072.438
3,870,0,1,5570,5571,1,12262544.438,12265645.938,3101.500
3,871,0,2,5572,5573,1,12266707.500,12270687.438,3979.938
3,873,0,4,5576,5576,0,12275039.500,12276447.875,1408.375
3,874,0,5,5578,5578,0,12279205.750,12281046.750,1841.000
3,875,3,0,5604,5604,0,12333363.500,12335025.750,1662.250
3,876,3,1,5606,5607,1,12337531.312,12340628.312,3097.000
3,877,3,2,5608,5609,1,12341695.688,12345448.875,3753.188
3,879,3,4,5612,5612,0,12350027.500,12351638.312,1610.812
3,880,3,5,5614,5615,1,12354198.312,12356749.250,2550.938
3,881,4,0,5616,5617,1,12358359.562,12361933.938,3574.375
3,883,4,2,5620,5620,0,12366695.312,12368351.625,1656.312
3,884,4,3,5622,5623,1,12370857.500,12373722.812,2865.312
3,885,4,4,5624,5625,1,12375023.500,12378000.000,2976.500
3,886,4,5,5626,5628,2,12379189.500,12384118.625,4929.125
3,887,9,0,5676,5676,0,12483339.500,12484920.062,1580.562
3,888,9,1,5678,5679,1,12487510.750,12490507.375,2996.625
3,889,9,2,5680,5681,1,12491671.500,12495190.000,3518.500
3,891,9,4,5684,5684,0,12500003.562,12501309.188,1305.625
3,892,9,5,5686,5686,0,12504181.375,12505323.938,1142.562
3,893,15,0,5748,5748,0,12633315.688,12634922.500,1606.812
3,894,15,1,5750,5750,0,12637482.188,12639361.812,1879.625
3,895,15,2,5752,5753,1,12641647.562,12644785.688,3138.125
3,896,15,3,5754,5755,1,12645814.375,12649638.375,3824.000
3,898,15,5,5758,5758,0,12654145.562,12655188.750,1043.188
3,899,0,0,5760,5760,0,12658311.500,12660107.875,1796.375
3,900,0,1,5762,5763,1,12662477.562,12665519.000,3041.438
3,901,0,2,5764,5765,1,12666643.500,12670146.375,3502.875
3,902,0,3,5766,5767,1,12670809.625,12674191.500,3381.875
3,904,0,5,5770,5770,0,12679143.062,12680105.875,962.812
3,905,3,0,5796,5796,0,12733299.500,12734903.688,1604.188
3,906,3,1,5798,5799,1,12737465.500,12740307.062,2841.562
3,907,3,2,5800,5801,1,12741631.500,12744949.438,3317.938
3,909,3,4,5804,5804,0,12749963.500,12750000.062,36.562
3,910,3,5,5806,5806,0,12754129.500,12755322.250,1192.750
3,911,4,0,5808,5808,0,12758295.562,12760243.812,1948.250
3,912,4,1,5810,5811,1,12762461.750,12765460.000,2998.250
3,913,4,2,5812,5813,1,12766627.500,12770495.250,3867.750
3,915,4,4,5816,5816,0,12774959.500,12776474.500,1515.000
3,916,4,5,5818,5819,1,12779125.500,12781787.875,2662.375
3,917,9,0,5868,5868,0,12883275.562,12884939.188,1663.625
3,918,9,1,5870,5870,0,12887445.062,12889369.812,1924.750
3,919,9,2,5872,5873,1,12891607.562,12894772.438,3164.875
3,920,9,3,5874,5875,1,12895775.188,12899603.875,3828.688
3,922,9,5,5878,5878,0,12904107.875,12905124.000,1016.125
3,923,15,0,5940,5940,0,13033251.562,13034838.750,1587.188
3,924,15,1,5942,5943,1,13037421.938,13040459.562,3037.625
3,925,15,2,5944,5945,1,13041583.562,13044897.250,3313.688
3,927,15,4,5948,5948,0,13049915.500,13051289.125,1373.625
3,928,15,5,5950,5951,1,13054085.750,13056406.062,2320.312
3,929,0,0,5952,5952,0,13058247.500,13060219.750,1972.250
3,930,0,1,5954,5955,1,13062420.562,13065429.938,3009.375
3,931,0,2,5956,5957,1,13066579.562,13070446.938,3867.375
3,933,0,4,5960,5960,0,13074911.562,13076401.938,1490.375
3,934,0,5,5962,5963,1,13079077.500,13081684.812,2607.312
3,935,3,0,5988,5988,0,13133235.562,13134814.125,1578.562
3,936,3,1,5990,5991,1,13137404.812,13140404.438,2999.625
3,937,3,2,5992,5993,1,13141567.500,13144653.375,3085.875
3,938,3,3,5994,5995,1,13145735.625,13149537.750,3802.125
3,940,3,5,5998,5998,0,13154065.500,13155233.000,1167.500
3,941,4,0,6000,6001,1,13158231.625,13161320.750,3089.125
3,943,4,2,6004,6004,0,13166564.312,13167891.188,1326.875
3,944,4,3,6006,6007,1,13170729.500,13173499.250,2769.750
3,945,4,4,6008,6009,1,13174895.562,13177954.438,3058.875
3,946,4,5,6010,6011,1,13179062.562,13183074.000,4011.438
3,947,9,0,6060,6060,0,13283211.562,13284867.875,1656.312
3,948,9,1,6062,6063,1,13287386.750,13290292.750,2906.000
3,949,9,2,6064,6065,1,13291543.500,13294725.312,3181.812
3,951,9,4,6068,6068,0,13299875.500,13301074.688,1199.188
3,952,9,5,6070,6070,0,13304041.500,13306050.688,2009.188
3,953,15,0,6132,6132,0,13433187.500,13434873.562,1686.062
3,954,15,1,6134,6135,1,13437353.688,13440482.125,3128.438
3,955,15,2,6136,6137,1,13441519.500,13444536.125,3016.625
3,956,15,3,6138,6139,1,13445688.250,13449401.062,3712.812
3,958,15,5,6142,6142,0,13454017.625,13455140.125,1122.500
3,959,0,0,6144,6144,0,13458183.750,13460059.250,1875.500
3,960,0,1,6146,6147,1,13462349.500,13465246.688,2897.188
3,961,0,2,6148,6149,1,13466515.500,13469884.562,3369.062
3,963,0,4,6152,6152,0,13474847.500,13476017.750,1170.250
3,964,0,5,6154,6155,1,13479015.750,13481337.375,2321.625
3,965,3,0,6180,6180,0,13533171.688,13534785.375,1613.688
3,966,3,1,6182,6183,1,13537337.500,13540227.750,2890.250
3,967,3,2,6184,6185,1,13541503.500,13545649.375,4145.875
3,969,3,4,6188,6188,0,13549835.562,13551418.812,1583.250
3,970,3,5,6190,6190,0,13554001.500,13555821.250,1819.750
3,971,4,0,6192,6193,1,13558167.500,13561136.125,2968.625
3,972,4,1,6194,6195,1,13562333.500,13566159.625,3826.125
3,973,4,2,6196,6197,1,13566499.500,13570209.125,3709.625
3,975,4,4,6200,6200,0,13574831.562,13576389.312,1557.750
3,976,4,5,6202,6203,1,13578997.562,13581501.750,2504.188
3,977,9,0,6252,6252,0,13683147.625,13684755.438,1607.812
3,978,9,1,6254,6255,1,13687313.500,13690355.000,3041.500
3,979,9,2,6256,6257,1,13691479.500,13695184.812,3705.312
3,980,9,3,6258,6259,1,13695650.562,13699231.438,3580.875
3,982,9,5,6262,6262,0,13703978.250,13705147.062,1168.812
3,983,15,0,6324,6324,0,13833123.562,13834759.500,1635.938
3,984,15,1,6326,6327,1,13837289.562,13840181.125,2891.562
3,985,15,2,6328,6329,1,13841455.562,13844622.688,3167.125
3,987,15,4,6332,6332,0,13849787.500,13851014.562,1227.062
3,988,15,5,6334,6334,0,13853954.875,13856011.812,2056.938
3,989,0,0,6336,6337,1,13858119.562,13861123.625,3004.062
3,990,0,1,6338,6339,1,13862285.500,13866153.375,3867.875
3,991,0,2,6340,6341,1,13866454.688,13870209.125,3754.438
3,993,0,4,6344,6344,0,13874784.125,13876352.812,1568.688
3,994,0,5,6346,6347,1,13878949.625,13881434.750,2485.125
3,995,3,0,6372,6372,0,13933107.500,13934723.312,1615.812
3,996,3,1,6374,6375,1,13937275.688,13940325.875,3050.188
3,997,3,2,6376,6377,1,13941439.500,13944970.000,3530.500
3,999,3,4,6380,6380,0,13949772.125,13951335.875,1563.750
3,1000,3,5,6382,6382,0,13953937.500,13955343.125,1405.625
3,1001,4,0,6384,6385,1,13958103.688,13961061.625,2957.938
3,1003,4,2,6388,6388,0,13966435.500,13967636.188,1200.688
3,1004,4,3,6390,6390,0,13970602.062,13972681.938,2079.875
3,1005,4,4,6392,6393,1,13974767.500,13977711.688,2944.188
3,1006,4,5,6394,6395,1,13978933.625,13982831.250,3897.625
3,1007,9,0,6444,6444,0,14083083.500,14084612.875,1529.375
3,1008,9,1,6446,6447,1,14087250.062,14090013.250,2763.188
3,1009,9,2,6448,6449,1,14091415.500,14094402.688,2987.188
3,1010,9,3,6450,6451,1,14095581.500,14099672.750,4091.250
3,1012,9,5,6454,6454,0,14103916.438,14105004.188,1087.750
3,1013,15,0,6516,6516,0,14233059.938,14234745.062,1685.125
3,1014,15,1,6518,6519,1,14237226.125,14240353.625,3127.500
3,1015,15,2,6520,6521,1,14241391.500,14245016.000,3624.500
3,1017,15,4,6524,6524,0,14249723.562,14251205.188,1481.625
3,1018,15,5,6526,6526,0,14253889.500,14255469.312,1579.812
3,1019,0,0,6528,6529,1,14258055.500,14261177.562,3122.062
3,1021,0,2,6532,6532,0,14266387.562,14267711.500,1323.938
3,1022,0,3,6534,6535,1,14270553.500,14273313.562,2760.062
3,1023,0,4,6536,6537,1,14274719.500,14277762.750,3043.250
3,1024,0,5,6538,6539,1,14278885.500,14282864.062,3978.562
3,1025,3,0,6564,6564,0,14333043.562,14334581.625,1538.062
3,1026,3,1,6566,6566,0,14337221.062,14338838.812,1617.750
3,1027,3,2,6568,6568,0,14341375.500,14343271.375,1895.875
3,1028,3,3,6570,6571,1,14345541.500,14348488.312,2946.812
3,1029,3,4,6572,6573,1,14349707.500,14353522.062,3814.562
3,1031,4,0,6576,6576,0,14358039.562,14359958.500,1918.938
3,1032,4,1,6578,6579,1,14362205.562,14365363.375,3157.812
3,1033,4,2,6580,6581,1,14366371.625,14370021.250,3649.625
3,1035,4,4,6584,6584,0,14374703.500,14376189.188,1485.688
3,1036,4,5,6586,6586,0,14378880.062,14380185.688,1305.625
3,1037,9,0,6636,6636,0,14483019.500,14484679.188,1659.688
3,1038,9,1,6638,6639,1,14487191.625,14490278.750,3087.125
3,1039,9,2,6640,6641,1,14491351.500,14494907.625,3556.125
3,1041,9,4,6644,6644,0,14499686.562,14501276.125,1589.562
3,1042,9,5,6646,6647,1,14503849.500,14506375.438,2525.938
3,1043,15,0,6708,6708,0,14632995.625,14634656.812,1661.188
3,1044,15,1,6710,6710,0,14637161.562,14638719.062,1557.500
3,1045,15,2,6712,6712,0,14641327.938,14643358.562,2030.625
3,1046,15,3,6714,6715,1,14645496.500,14648593.750,3097.250
3,1047,15,4,6716,6717,1,14649659.500,14653645.750,3986.250
3,1049,0,0,6720,6720,0,14657991.500,14659860.625,1869.125
3,1050,0,1,6722,6723,1,14662167.000,14665259.500,3092.500
3,1051,0,2,6724,6725,1,14666324.188,14670100.062,3775.875
3,1053,0,4,6728,6728,0,14674655.500,14676243.750,1588.250
3,1054,0,5,6730,6730,0,14678823.812,14680234.250,1410.438
3,1055,3,0,6756,6756,0,14732979.562,14734590.688,1611.125
3,1056,3,1,6758,6759,1,14737145.562,14740193.250,3047.688
3,1057,3,2,6760,6761,1,14741311.500,14744837.375,3525.875
3,1059,3,4,6764,6764,0,14749643.500,14751004.062,1360.562
3,1060,3,5,6766,6767,1,14753810.250,14756115.000,2304.750
3,1061,4,0,6768,6769,1,14757975.500,14761121.500,3146.000
3,1062,4,1,6770,6771,1,14762153.500,14765122.500,2969.000
3,1063,4,2,6772,6773,1,14766307.562,14770407.688,4100.125
3,1065,4,4,6776,6776,0,14774639.562,14776198.250,1558.688
3,1066,4,5,6778,6779,1,14778809.875,14781700.312,2890.438
3,1067,9,0,6828,6828,0,14882955.562,14884489.875,1534.312
3,1068,9,1,6830,6830,0,14887132.812,14889139.250,2006.438
3,1069,9,2,6832,6832,0,14891287.500,14893185.875,1898.375
3,1070,9,3,6834,6835,1,14895454.875,14898588.500,3133.625
3,1071,9,4,6836,6837,1,14899619.500,14903430.562,3811.062
3,1072,9,5,6838,6840,2,14903787.812,14908923.125,5135.312
3,1073,15,0,6900,6900,0,15032931.500,15034514.625,1583.125
3,1074,15,1,6902,6903,1,15037097.688,15040123.188,3025.500
3,1075,15,2,6904,6905,1,15041263.500,15044785.562,3522.062
3,1077,15,4,6908,6908,0,15049595.500,15051184.312,1588.812
3,1078,15,5,6910,6911,1,15053761.625,15056313.500,2551.875
3,1079,0,0,6912,6913,1,15057927.500,15061274.250,3346.750
3,1080,0,1,6914,6915,1,15062096.125,15065318.250,3222.125
3,1081,0,2,6916,6917,1,15066259.562,15070310.750,4051.188
3,1083,0,4,6920,6920,0,15074591.500,15076071.188,1479.688
3,1084,0,5,6922,6922,0,15078757.562,15080657.812,1900.250
3,1085,3,0,6948,6948,0,15132915.562,15134506.125,1590.562
3,1086,3,1,6950,6950,0,15137093.625,15138963.938,1870.312
3,1087,3,2,6952,6953,1,15141247.562,15144394.062,3146.500
3,1088,3,3,6954,6955,1,15145423.812,15148443.688,3019.875
3,1089,3,4,6956,6957,1,15149579.500,15153288.750,3709.250
3,1091,4,0,6960,6960,0,15157911.500,15159907.500,1996.000
3,1092,4,1,6962,6963,1,15162077.562,15165123.688,3046.125
3,1093,4,2,6964,6965,1,15166243.562,15169769.312,3525.750
3,1095,4,4,6968,6968,0,15174575.562,15175939.000,1363.438
3,1096,4,5,6970,6971,1,15178741.500,15181063.688,2322.188
3,1097,9,0,7020,7020,0,15282891.500,15284531.750,1640.250
3,1098,9,1,7022,7023,1,15287057.562,15290131.312,3073.750
3,1099,9,2,7024,7025,1,15291223.500,15294822.375,3598.875
3,1101,9,4,7028,7028,0,15299555.500,15300933.125,1377.625
3,1102,9,5,7030,7031,1,15303721.625,15306041.062,2319.438
3,1103,15,0,7092,7092,0,15432867.500,15434477.438,1609.938
3,1104,15,1,7094,7095,1,15437033.938,15439151.062,2117.125
3,1105,15,2,7096,7097,1,15441199.562,15444358.750,3159.188
3,1106,15,3,7098,7099,1,15445369.312,15448414.375,3045.062
3,1107,15,4,7100,7101,1,15449531.500,15453454.125,3922.625
3,1109,0,0,7104,7104,0,15457863.500,15459681.250,1817.750
3,1110,0,1,7106,7107,1,15462029.500,15465080.125,3050.625
3,1111,0,2,7108,7109,1,15466195.500,15469719.750,3524.250
3,1113,0,4,7112,7112,0,15474527.562,15476064.375,1536.812
3,1114,0,5,7114,7115,1,15478694.688,15481172.562,2477.875
3,1115,3,0,7140,7140,0,15532851.500,15534562.312,1710.812
3,1116,3,1,7142,7143,1,15537023.875,15539965.688,2941.812
3,1117,3,2,7144,7145,1,15541183.500,15544628.938,3445.438
3,1119,3,4,7148,7148,0,15549515.562,15550774.750,1259.188
3,1120,3,5,7150,7151,1,15553682.438,15555793.500,2111.062
3,1121,4,0,7152,7153,1,15557847.500,15560892.188,3044.688
3,1122,4,1,7154,7155,1,15562013.688,15566116.625,4102.938
3,1124,4,3,7158,7158,0,15570348.625,15571905.562,1556.938
3,1125,4,4,7160,7160,0,15574511.500,15576334.062,1822.562
3,1126,4,5,7162,7163,1,15578679.500,15581446.500,2767.000
3,1127,9,0,7212,7212,0,15682827.562,15684410.188,1582.625
3,1128,9,1,7214,7214,0,15686993.500,15688840.500,1847.000
3,1129,9,2,7216,7217,1,15691159.500,15694243.125,3083.625
3,1130,9,3,7218,7219,1,15695329.625,15699074.562,3744.938
3,1131,9,4,7220,7221,1,15699491.688,15703308.250,3816.562
3,1132,9,5,7222,7224,2,15703661.250,15708813.062,5151.812
3,1133,15,0,7284,7284,0,15832803.500,15834419.000,1615.500
3,1134,15,1,7286,7287,1,15836969.750,15840039.812,3070.062
3,1135,15,2,7288,7289,1,15841135.500,15844501.250,3365.750
3,1137,15,4,7292,7292,0,15849467.562,15850893.125,1425.562
3,1138,15,5,7294,7295,1,15853634.125,15856010.062,2375.938
3,1139,0,0,7296,7297,1,15857799.500,15860989.938,3190.438
3,1140,0,1,7298,7299,1,15861968.625,15866019.688,4051.062
3,1142,0,3,7302,7302,0,15870297.562,15871778.500,1480.938
3,1143,0,4,7304,7304,0,15874463.500,15876018.188,1554.688
3,1144,0,5,7306,7307,1,15878629.812,15881502.000,2872.188
3,1145,3,0,7332,7332,0,15932787.562,15934346.750,1559.188
3,1146,3,1,7334,7335,1,15936953.500,15939949.312,2995.812
3,1147,3,2,7336,7337,1,15941119.625,15945012.312,3892.688
3,1149,3,4,7340,7340,0,15949451.500,15950959.312,1507.812
3,1150,3,5,7342,7343,1,15953623.875,15956258.938,2635.062
3,1151,4,0,7344,7345,1,15957783.500,15960847.500,3064.000
3,1152,4,1,7346,7347,1,15961949.562,15965304.938,3355.375
3,1154,4,3,7350,7350,0,15970281.562,15971686.188,1404.625
3,1155,4,4,7352,7353,1,15974447.500,15977294.250,2846.750
3,1156,4,5,7354,7355,1,15978613.500,15981792.062,3178.562
3,1157,9,0,7404,7404,0,16082763.500,16084346.750,1583.250
3,1158,9,1,7406,7406,0,16086930.125,16088387.750,1457.625
3,1159,9,2,7408,7409,1,16091095.500,16093993.062,2897.562
3,1160,9,3,7410,7411,1,16095261.500,16098408.625,3147.125
3,1162,9,5,7414,7414,0,16103593.562,16104350.500,756.938
3,1163,15,0,7476,7476,0,16232739.500,16234298.562,1559.062
3,1164,15,1,7478,7478,0,16236907.375,16238732.250,1824.875
3,1165,15,2,7480,7481,1,16241071.500,16244156.125,3084.625
3,1166,15,3,7482,7483,1,16245237.500,16249008.812,3771.312
3,1168,15,5,7486,7486,0,16253577.562,16254571.438,993.875
3,1169,0,0,7488,7488,0,16257735.500,16259691.812,1956.312
3,1170,0,1,7490,7491,1,16261904.875,16264902.000,2997.125
3,1171,0,2,7492,7493,1,16266068.000,16269541.625,3473.625
3,1173,0,4,7496,7496,0,16274399.562,16275699.312,1299.750
3,1174,0,5,7498,7499,1,16278568.688,16281015.125,2446.438
3,1175,3,0,7524,7524,0,16332723.500,16334387.250,1663.750
3,1176,3,1,7526,7527,1,16336889.562,16339802.875,2913.312
3,1177,3,2,7528,7529,1,16341055.500,16343809.188,2753.688
3,1178,3,3,7530,7531,1,16345221.500,16348264.500,3043.000
3,1179,3,4,7532,7533,1,16349387.500,16353486.938,4099.438
3,1181,4,0,7536,7536,0,16357719.562,16359538.688,1819.125
3,1182,4,1,7538,7539,1,16361885.500,16364955.812,3070.312
3,1183,4,2,7540,7541,1,16366051.625,16369765.625,3714.000
3,1185,4,4,7544,7544,0,16374383.688,16375970.312,1586.625
3,1186,4,5,7546,7547,1,16378550.375,16381082.750,2532.375
3,1187,9,0,7596,7596,0,16482699.500,16484285.500,1586.000
3,1188,9,1,7598,7599,1,16486868.562,16489885.062,3016.500
3,1189,9,2,7600,7601,1,16491031.562,16494678.125,3646.562
3,1191,9,4,7604,7604,0,16499363.500,16500873.812,1510.312
3,1192,9,5,7606,7607,1,16503532.438,16506170.438,2638.000
3,1193,15,0,7668,7668,0,16632678.562,16634290.875,1612.312
3,1194,15,1,7670,7671,1,16636842.062,16639712.500,2870.438
3,1195,15,2,7672,7673,1,16641007.500,16643729.750,2722.250
3,1196,15,3,7674,7675,1,16645173.688,16648379.750,3206.062
3,1197,15,4,7676,7677,1,16649339.562,16653431.750,4092.188
3,1199,0,0,7680,7680,0,16657671.562,16659457.938,1786.375
3,1200,0,1,7682,7683,1,16661840.812,16664856.812,3016.000
3,1201,0,2,7684,7685,1,16666003.625,16669886.062,3882.438
3,1203,0,4,7688,7688,0,16674335.500,16675841.062,1505.562
3,1204,0,5,7690,7691,1,16678501.688,16681136.188,2634.500
3,1205,3,0,7716,7716,0,16732659.500,16734298.500,1639.000
3,1206,3,1,7718,7719,1,16736825.625,16739901.062,3075.438
3,1207,3,2,7720,7721,1,16740991.562,16744796.062,3804.500
3,1209,3,4,7724,7724,0,16749323.562,16750911.062,1587.500
3,1210,3,5,7726,7727,1,16753492.188,16756022.000,2529.812
3,1211,4,0,7728,7729,1,16757655.500,16761018.000,3362.500
3,1213,4,2,7732,7732,0,16765987.500,16767387.500,1400.000
3,1214,4,3,7734,7734,0,16770153.500,16771636.188,1482.688
3,1215,4,4,7736,7737,1,16774319.500,16777045.062,2725.562
3,1216,4,5,7738,7739,1,16778487.375,16781555.125,3067.750
3,1217,9,0,7788,7788,0,16882635.625,16884282.312,1646.688
3,1218,9,1,7790,7791,1,16886801.500,16889721.688,2920.188
3,1220,9,3,7794,7794,0,16895133.500,16895167.812,34.312
3,1221,9,4,7796,7795,-1,16899299.500,16899186.938,-112.562
3,1222,9,5,7798,7798,0,16903467.312,16904506.125,1038.812
3,1223,15,0,7860,7860,0,17032611.562,17034173.875,1562.312
3,1224,15,1,7862,7863,1,17036782.625,17039794.688,3012.062
3,1225,15,2,7864,7865,1,17040943.500,17044633.500,3690.000
3,1227,15,4,7868,7868,0,17049275.500,17050834.938,1559.438
3,1228,15,5,7870,7871,1,17053441.500,17056182.062,2740.562
3,1229,0,0,7872,7873,1,17057607.562,17061146.688,3539.125
3,1231,0,2,7876,7876,0,17065940.062,17067291.000,1350.938
3,1232,0,3,7878,7878,0,17070108.438,17071722.375,1613.938
3,1233,0,4,7880,7880,0,17074271.500,17076326.875,2055.375
3,1234,0,5,7882,7883,1,17078441.062,17081663.500,3222.438
3,1235,3,0,7908,7908,0,17132595.500,17134159.562,1564.062
3,1236,3,1,7910,7910,0,17136761.500,17138762.938,2001.438
3,1237,3,2,7912,7913,1,17140927.500,17143979.875,3052.375
3,1238,3,3,7914,7915,1,17145093.750,17149003.000,3909.250
3,1239,3,4,7916,7917,1,17149259.500,17153251.938,3992.438
3,1241,4,0,7920,7920,0,17157591.562,17159487.438,1895.875
3,1242,4,1,7922,7923,1,17161759.062,17164703.625,2944.562
3,1243,4,2,7924,7925,1,17165923.625,17169550.188,3626.562
3,1245,4,4,7928,7928,0,17174259.312,17175742.625,1483.312
3,1246,4,5,7930,7931,1,17178424.750,17181043.750,2619.000
3,1247,9,0,7980,7980,0,17282571.500,17284206.000,1634.500
3,1248,9,1,7982,7983,1,17286737.500,17289805.562,3068.062
3,1249,9,2,7984,7985,1,17290903.500,17294656.250,3752.750
3,1251,9,4,7988,7988,0,17299235.562,17300794.312,1558.750
3,1252,9,5,7990,7991,1,17303406.062,17305904.000,2497.938
3,1253,15,0,8052,8052,0,17432547.500,17434165.562,1618.062
3,1254,15,1,8054,8055,1,17436713.500,17439634.562,2921.062
3,1256,15,3,8058,8058,0,17445045.875,17445101.938,56.062
3,1257,15,4,8060,8060,0,17449211.500,17450667.188,1455.688
3,1258,15,5,8062,8062,0,17453377.500,17454491.750,1114.250
3,1259,0,0,8064,8064,0,17457543.500,17459381.625,1838.125
3,1260,0,1,8066,8067,1,17461713.688,17464780.500,3066.812
3,1261,0,2,8068,8069,1,17465875.562,17469608.812,3733.250
3,1263,0,4,8072,8072,0,17474207.500,17475764.750,1557.250
3,1264,0,5,8074,8075,1,17478373.500,17481059.875,2686.375
3,1265,3,0,8100,8100,0,17532531.688,17534111.375,1579.688
3,1266,3,1,8102,8102,0,17536702.062,17538344.062,1642.000
3,1267,3,2,8104,8105,1,17540863.562,17543950.625,3087.062
3,1268,3,3,8106,8107,1,17545038.750,17548646.312,3607.562
3,1270,3,5,8110,8110,0,17553361.812,17554331.062,969.250
3,1271,4,0,8112,8113,1,17557527.500,17560451.938,2924.438
3,1273,4,2,8116,8116,0,17565859.500,17565890.812,31.312
3,1274,4,3,8118,8118,0,17570026.125,17571457.688,1431.562
3,1275,4,4,8120,8120,0,17574191.500,17576092.688,1901.188
3,1276,4,5,8122,8122,0,17578360.938,17580281.500,1920.562
3,1277,9,0,8172,8172,0,17682507.562,17684043.750,1536.188
3,1278,9,1,8174,8175,1,17686673.500,17689491.500,2818.000
3,1279,9,2,8176,8177,1,17690839.500,17694910.125,4070.625
3,1281,9,4,8180,8180,0,17699171.500,17700673.562,1502.062
3,1282,9,5,8182,8182,0,17703341.375,17705011.750,1670.375
3,1283,15,0,8244,8244,0,17832483.562,17834119.062,1635.500
3,1284,15,1,8246,8246,0,17836649.500,17838390.875,1741.375
3,1285,15,2,8248,8249,1,17840815.750,17843982.562,3166.812
3,1286,15,3,8250,8251,1,17844981.562,17848421.125,3439.562
3,1288,15,5,8254,8254,0,17853316.438,17854391.500,1075.062
3,1289,0,0,8256,8257,1,17857479.500,17860284.312,2804.812
3,1290,0,1,8258,8259,1,17861645.500,17864885.938,3240.438
3,1292,0,3,8262,8262,0,17869981.938,17871305.125,1323.188
3,1293,0,4,8264,8264,0,17874143.500,17876121.062,1977.562
3,1294,0,5,8266,8266,0,17878313.938,17880312.500,1998.562
3,1295,3,0,8292,8292,0,17932467.500,17934054.000,1586.500
3,1296,3,1,8294,8294,0,17936633.500,17938706.375,2072.875
3,1297,3,2,8296,8297,1,17940799.500,17943911.062,3111.562
3,1298,3,3,8298,8299,1,17944965.500,17948946.438,3980.938
3,1300,3,5,8302,8302,0,17953299.438,17954472.562,1173.125
3,1301,4,0,8304,8304,0,17957463.500,17959406.062,1942.562
3,1302,4,1,8306,8307,1,17961639.188,17964647.062,3007.875
3,1303,4,2,8308,8309,1,17965795.500,17969292.688,3497.188
3,1305,4,4,8312,8312,0,17974127.562,17975661.562,1534.000
3,1306,4,5,8314,8315,1,17978293.562,17980775.750,2482.188
3,1307,9,0,8364,8364,0,18082443.625,18084080.938,1637.312
3,1308,9,1,8366,8367,1,18086612.188,18089680.500,3068.312
3,1309,9,2,8368,8369,1,18090775.562,18093678.250,2902.688
3,1310,9,3,8370,8371,1,18094941.500,18098307.000,3365.500
3,1312,9,5,8374,8374,0,18103275.250,18104234.875,959.625
3,1313,15,0,8436,8436,0,18232419.500,18234106.500,1687.000
3,1314,15,1,8438,8439,1,18236597.625,18239407.500,2809.875
3,1315,15,2,8440,8441,1,18240751.500,18244847.375,4095.875
3,1317,15,4,8444,8444,0,18249083.500,18250646.938,1563.438
3,1318,15,5,8446,8447,1,18253249.500,18255915.812,2666.312
3,1319,0,0,8448,8449,1,18257415.500,18261159.625,3744.125
3,1320,0,1,8450,8451,1,18261590.250,18265203.625,3613.375
3,1322,0,3,8454,8454,0,18269913.562,18271370.188,1456.625
3,1323,0,4,8456,8457,1,18274079.500,18277160.938,3081.438
3,1324,0,5,8458,8459,1,18278250.875,18281683.938,3433.062
3,1325,3,0,8484,8484,0,18332403.562,18334018.750,1615.188
3,1326,3,1,8486,8487,1,18336570.062,18339621.312,3051.250
3,1327,3,2,8488,8489,1,18340735.500,18344076.750,3341.250
3,1328,3,3,8490,8491,1,18344901.500,18348315.062,3413.562
3,1330,3,5,8494,8494,0,18353233.500,18354049.750,816.250
3,1331,4,0,8496,8497,1,18357400.062,18360156.125,2756.062
3,1332,4,1,8498,8499,1,18361565.562,18364545.625,2980.062
3,1333,4,2,8500,8501,1,18365731.562,18369781.812,4050.250
3,1335,4,4,8504,8504,0,18374063.562,18375572.375,1508.812
3,1336,4,5,8506,8507,1,18378229.500,18381145.375,2915.875
3,1337,9,0,8556,8556,0,18482379.500,18483917.562,1538.062
3,1338,9,1,8558,8558,0,18486556.688,18488579.188,2022.500
3,1339,9,2,8560,8561,1,18490711.500,18493793.125,3081.625
3,1340,9,3,8562,8563,1,18494881.250,18498825.500,3944.250
3,1342,9,5,8566,8566,0,18503209.500,18504333.375,1123.875
3,1343,15,0,8628,8628,0,18632355.500,18634048.125,1692.625
3,1344,15,1,8630,8631,1,18636521.500,18639668.938,3147.438
3,1345,15,2,8632,8633,1,18640687.562,18644112.250,3424.688
3,1346,15,3,8634,8635,1,18644863.312,18648131.125,3267.812
3,1348,15,5,8638,8638,0,18653186.250,18654127.750,941.500
3,1349,0,0,8640,8640,0,18657351.562,18659398.000,2046.438
3,1350,0,1,8642,8643,1,18661517.562,18664595.938,3078.375
3,1352,0,3,8646,8646,0,18669852.938,18669882.688,29.750
3,1353,0,4,8648,8648,0,18674015.500,18675580.188,1564.688
3,1354,0,5,8650,8651,1,18678181.500,18681125.250,2943.750
3,1355,3,0,8676,8676,0,18732339.500,18734031.938,1692.438
3,1356,3,1,8678,8679,1,18736505.688,18739634.500,3128.812
3,1357,3,2,8680,8681,1,18740671.500,18744479.562,3808.062
3,1359,3,4,8684,8684,0,18749003.500,18750644.500,1641.000
3,1360,3,5,8686,8687,1,18753169.562,18755755.438,2585.875
3,1361,4,0,8688,8689,1,18757335.500,18760952.375,3616.875
3,1363,4,2,8692,8692,0,18765670.625,18767120.938,1450.312
3,1364,4,3,8694,8695,1,18769834.750,18772729.000,2894.250
3,1365,4,4,8696,8697,1,18773999.500,18776778.500,2779.000
3,1366,4,5,8698,8699,1,18778165.562,18781318.000,3152.438
3,1367,9,0,8748,8748,0,18882315.500,18883958.188,1642.688
3,1368,9,1,8750,8751,1,18886489.750,18889629.625,3139.875
3,1370,9,3,8754,8754,0,18894813.500,18896190.562,1377.062
3,1371,9,4,8756,8757,1,18898979.500,18901781.875,2802.375
3,1372,9,5,8758,8758,0,18903145.562,18905200.938,2055.375
3,1373,15,0,8820,8820,0,19032291.562,19033871.812,1580.250
3,1374,15,1,8822,8823,1,19036457.500,19038595.375,2137.875
3,1375,15,2,8824,8825,1,19040623.500,19043740.875,3117.375
3,1376,15,3,8826,8827,1,19044795.250,19048593.562,3798.312
3,1378,15,5,8830,8830,0,19053121.562,19054143.938,1022.375
3,1379,0,0,8832,8832,0,19057287.500,19059264.000,1976.500
3,1380,0,1,8834,8835,1,19061453.562,19064474.188,3020.625
3,1381,0,2,8836,8837,1,19065619.562,19069113.812,3494.250
3,1382,0,3,8838,8839,1,19069786.688,19073097.688,3311.000
3,1384,0,5,8842,8842,0,19078117.562,19079061.062,943.500
3,1385,3,0,8868,8868,0,19132275.500,19133941.812,1666.312
3,1386,3,1,8870,8871,1,19136441.500,19139357.438,2915.938
3,1387,3,2,8872,8873,1,19140607.500,19143749.875,3142.375
3,1389,3,4,8876,8876,0,19148939.688,19150166.500,1226.812
3,1390,3,5,8878,8878,0,19153106.625,19155157.750,2051.125
3,1391,4,0,8880,8880,0,19157272.188,19159294.188,2022.000
3,1392,4,1,8882,8883,1,19161439.375,19164498.125,3058.750
3,1393,4,2,8884,8885,1,19165603.500,19169545.625,3942.125
3,1395,4,4,8888,8888,0,19173935.688,19175524.875,1589.188
3,1396,4,5,8890,8891,1,19178101.562,19180838.250,2736.688
3,1397,9,0,8940,8940,0,19282251.625,19283789.688,1538.062
3,1398,9,1,8942,8942,0,19286417.625,19288008.062,1590.438
3,1399,9,2,8944,8945,1,19290583.500,19293641.062,3057.562
3,1400,9,3,8946,8947,1,19294750.312,19298472.500,3722.188
3,1402,9,5,8950,8950,0,19303081.562,19304181.312,1099.750
3,1403,15,0,9012,9012,0,19432227.500,19433891.438,1663.938
3,1404,15,1,9014,9015,1,19436396.250,19439313.062,2916.812
3,1405,15,2,9016,9017,1,19440559.500,19443973.688,3414.188
3,1407,15,4,9020,9020,0,19448891.500,19450164.625,1273.125
3,1408,15,5,9022,9023,1,19453057.562,19455177.125,2119.562
3,1409,0,0,9024,9024,0,19457223.500,19459296.188,2072.688
3,1410,0,1,9026,9027,1,19461394.875,19464494.125,3099.250
3,1411,0,2,9028,9029,1,19465555.500,19469523.375,3967.875
3,1413,0,4,9032,9032,0,19473887.938,19475478.375,1590.438
3,1414,0,5,9034,9035,1,19478053.562,19480785.750,2732.188
3,1415,3,0,9060,9060,0,19532211.562,19533819.188,1607.625
3,1416,3,1,9062,9063,1,19536388.562,19539434.000,3045.438
3,1417,3,2,9064,9065,1,19540543.500,19543682.938,3139.438
3,1418,3,3,9066,9067,1,19544711.625,19548328.688,3617.062
3,1420,3,5,9070,9070,0,19553042.500,19554055.750,1013.250
3,1421,4,0,9072,9072,0,19557207.500,19559165.688,1958.188
3,1422,4,1,9074,9075,1,19561373.500,19564449.938,3076.438
3,1424,4,3,9078,9078,0,19569705.562,19571032.125,1326.562
3,1425,4,4,9080,9081,1,19573871.500,19576640.188,2768.688
3,1426,4,5,9082,9083,1,19578038.375,19581167.438,3129.062
3,1427,9,0,9132,9132,0,19682187.500,19683846.375,1658.875
3,1428,9,1,9134,9135,1,19686353.688,19689246.750,2893.062
3,1429,9,2,9136,9137,1,19690520.125,19693636.188,3116.062
3,1431,9,4,9140,9140,0,19698851.500,19700046.812,1195.312
3,1432,9,5,9142,9142,0,19703020.625,19705022.812,2002.188
3,1433,15,0,9204,9204,0,19832163.562,19833803.750,1640.188
3,1434,15,1,9206,9207,1,19836331.750,19839424.562,3092.812
3,1435,15,2,9208,9209,1,19840495.562,19843490.812,2995.250
3,1436,15,3,9210,9211,1,19844661.500,19848331.250,3669.750
3,1438,15,5,9214,9214,0,19852993.562,19854082.562,1089.000
3,1439,0,0,9216,9216,0,19857159.500,19859001.688,1842.188
3,1440,0,1,9218,9219,1,19861327.188,19864400.562,3073.375
3,1441,0,2,9220,9221,1,19865491.500,19868809.812,3318.312
3,1443,0,4,9224,9224,0,19873823.562,19875156.188,1332.625
3,1444,0,5,9226,9227,1,19877990.500,19880262.625,2272.125
3,1445,3,0,9252,9252,0,19932147.688,19933738.688,1591.000
3,1446,3,1,9254,9255,1,19936313.938,19939154.312,2840.375
3,1447,3,2,9256,9257,1,19940479.688,19943566.312,3086.625
3,1448,3,3,9258,9259,1,19944645.562,19948790.375,4144.812
3,1450,3,5,9262,9262,0,19952977.500,19954127.812,1150.312
3,1451,4,0,9264,9264,0,19957143.500,19959061.312,1917.812
3,1452,4,1,9266,9267,1,19961309.500,19964277.500,2968.000
3,1453,4,2,9268,9269,1,19965475.625,19969129.312,3653.688
3,1455,4,4,9272,9272,0,19973807.562,19975321.750,1514.188
3,1456,4,5,9274,9275,1,19977973.500,19980635.125,2661.625
4,3,0,4,8,8,0,676906.125,678128.312,1222.188
4,4,0,5,10,13,3,681061.500,689371.125,8309.625
4,5,3,0,36,37,1,735229.625,738739.500,3509.875
4,10,3,5,46,46,0,756049.500,756320.812,271.312
4,12,4,1,50,50,0,764381.500,765703.375,1321.875
4,13,4,2,52,52,0,768547.500,770110.125,1562.625
4,14,4,3,54,55,1,772719.875,775781.812,3061.938
4,15,4,4,56,57,1,776879.500,780453.188,3573.688
4,16,4,5,58,60,2,781045.500,786224.938,5179.438
4,17,9,0,108,108,0,885195.562,886781.750,1586.188
4,18,9,1,110,111,1,889372.688,892419.312,3046.625
4,19,9,2,112,113,1,893527.500,897288.562,3761.062
4,21,9,4,116,116,0,901871.188,903486.625,1615.438
4,22,9,5,118,119,1,906025.562,908648.188,2622.625
4,23,15,0,180,180,0,1035171.500,1036880.250,1708.750
4,24,15,1,182,183,1,1039348.062,1042150.062,2802.000
4,25,15,2,184,185,1,1043503.500,1046835.312,3331.812
4,27,15,4,188,188,0,1051835.562,1053078.750,1243.188
4,28,15,5,190,191,1,1056002.688,1058120.375,2117.688
4,29,0,0,192,193,1,1060167.562,1063229.312,3061.750
4,30,0,1,194,195,1,1064333.750,1068287.375,3953.625
4,32,0,3,198,198,0,1072672.500,1074303.250,1630.750
4,33,0,4,200,201,1,1076843.125,1079944.438,3101.312
4,34,0,5,202,203,1,1080998.312,1084699.750,3701.438
4,35,3,0,228,228,0,1135155.562,1136871.062,1715.500
4,36,3,1,230,231,1,1139323.188,1142499.375,3176.188
4,37,3,2,232,233,1,1143487.562,1147181.500,3693.938
4,39,3,4,236,236,0,1151831.125,1153398.125,1567.000
4,40,3,5,238,239,1,1155991.125,1158562.688,2571.562
4,41,4,0,240,241,1,1160151.500,1163613.688,3462.188
4,43,4,2,244,244,0,1168483.562,1169805.500,1321.938
4,44,4,3,246,246,0,1172650.125,1174651.562,2001.438
4,45,4,4,248,249,1,1176815.562,1179906.875,3091.312
4,46,4,5,250,251,1,1180981.500,1185047.812,4066.312
4,47,9,0,300,300,0,1285131.562,1286771.188,1639.625
4,48,9,1,302,303,1,1289297.500,1291448.188,2150.688
4,49,9,2,304,305,1,1293464.312,1296671.500,3207.188
4,50,9,3,306,307,1,1297629.625,1301719.625,4090.000
4,52,9,5,310,310,0,1305961.500,1307063.438,1101.938
4,53,15,0,372,372,0,1435107.500,1436744.188,1636.688
4,54,15,1,374,375,1,1439273.500,1442378.500,3105.000
4,55,15,2,376,377,1,1443439.500,1447029.875,3590.375
4,57,15,4,380,380,0,1451782.812,1453295.250,1512.438
4,58,15,5,382,383,1,1455937.562,1458468.688,2531.125
4,59,0,0,384,385,1,1460103.500,1463485.438,3381.938
4,61,0,2,388,388,0,1468435.625,1469859.812,1424.188
4,62,0,3,390,391,1,1472603.312,1474739.625,2136.312
4,63,0,4,392,393,1,1476767.500,1479936.938,3169.438
4,64,0,5,394,395,1,1480935.688,1485096.375,4160.688
4,65,3,0,420,420,0,1535091.500,1536732.375,1640.875
4,66,3,1,422,422,0,1539266.812,1540822.125,1555.312
4,67,3,2,424,424,0,1543423.500,1545481.375,2057.875
4,68,3,3,426,427,1,1547589.500,1550722.938,3133.438
4,69,3,4,428,429,1,1551755.500,1555570.375,3814.875
4,71,4,0,432,432,0,1560088.000,1562038.188,1950.188
4,72,4,1,434,435,1,1564256.250,1567279.000,3022.750
4,73,4,2,436,437,1,1568431.625,1571925.875,3494.250
4,75,4,4,440,440,0,1576751.562,1578371.750,1620.188
4,76,4,5,442,442,0,1580927.062,1582413.750,1486.688
4,77,9,0,492,492,0,1685067.500,1686683.938,1616.438
4,78,9,1,494,495,1,1689234.062,1692309.250,3075.188
4,79,9,2,496,497,1,1693399.562,1696988.375,3588.812
4,81,9,4,500,500,0,1701734.562,1703189.312,1454.750
4,82,9,5,502,503,1,1705897.500,1708326.688,2429.188
4,83,15,0,564,564,0,1835043.500,1836708.938,1665.438
4,84,15,1,566,567,1,1839209.500,1841966.500,2757.000
4,85,15,2,568,569,1,1843375.562,1846437.438,3061.875
4,87,15,4,572,572,0,1851707.688,1851765.625,57.938
4,88,15,5,574,574,0,1855881.000,1856917.625,1036.625
4,89,0,0,576,576,0,1860039.500,1861864.750,1825.250
4,90,0,1,578,579,1,1864205.562,1867313.875,3108.312
4,91,0,2,580,581,1,1868372.188,1872181.312,3809.125
4,93,0,4,584,584,0,1876703.500,1878364.125,1660.625
4,94,0,5,586,586,0,1880880.062,1882391.500,1511.438
4,95,3,0,612,612,0,1935027.500,1936589.938,1562.438
4,96,3,1,614,615,1,1939193.562,1942218.250,3024.688
4,97,3,2,616,617,1,1943359.500,1946888.125,3528.625
4,99,3,4,620,620,0,1951691.562,1953095.062,1403.500
4,100,3,5,622,623,1,1955857.500,1958235.125,2377.625
4,101,4,0,624,625,1,1960023.688,1963254.000,3230.312
4,102,4,1,626,627,1,1964201.625,1967338.625,3137.000
4,103,4,2,628,629,1,1968355.500,1972414.125,4058.625
4,105,4,4,632,632,0,1976687.500,1978241.562,1554.062
4,106,4,5,634,635,1,1980864.875,1983597.438,2732.562
4,107,9,0,684,684,0,2085003.500,2086711.938,1708.438
4,108,9,1,686,686,0,2089169.500,2091171.625,2002.125
4,109,9,2,688,689,1,2093335.562,2095484.438,2148.875
4,110,9,3,690,691,1,2097502.812,2100656.750,3153.938
4,111,9,4,692,693,1,2101667.562,2105537.938,3870.375
4,112,9,5,694,696,2,2105842.562,2111074.125,5231.562
4,113,15,0,756,756,0,2234979.562,2236566.875,1587.312
4,114,15,1,758,759,1,2239145.562,2242213.438,3067.875
4,115,15,2,760,761,1,2243311.625,2246901.562,3589.938
4,117,15,4,764,764,0,2251643.500,2253129.875,1486.375
4,118,15,5,766,767,1,2255809.500,2258291.062,2481.562
4,119,0,0,768,769,1,2259975.500,2263295.875,3320.375
4,121,0,2,772,772,0,2268307.500,2268368.875,61.375
4,122,0,3,774,774,0,2272477.062,2273935.000,1457.938
4,123,0,4,776,776,0,2276639.500,2278589.750,1950.250
4,124,0,5,778,779,1,2280805.500,2283725.312,2919.812
4,125,3,0,804,804,0,2334963.562,2336551.375,1587.812
4,126,3,1,806,806,0,2339129.500,2341026.312,1896.812
4,127,3,2,808,809,1,2343295.500,2346457.688,3162.188
4,128,3,3,810,811,1,2347461.500,2350517.438,3055.938
4,129,3,4,812,813,1,2351627.500,2355401.625,3774.125
4,131,4,0,816,816,0,2359959.500,2361857.188,1897.688
4,132,4,1,818,819,1,2364125.562,2367312.312,3186.750
4,133,4,2,820,821,1,2368292.562,2371770.125,3477.562
4,135,4,4,824,824,0,2376623.562,2377980.062,1356.500
4,136,4,5,826,827,1,2380789.562,2383133.875,2344.312
4,137,9,0,876,876,0,2484939.500,2486575.062,1635.562
4,138,9,1,878,879,1,2489105.625,2492200.375,3094.750
4,139,9,2,880,881,1,2493271.562,2496665.188,3393.625
4,141,9,4,884,884,0,2501603.500,2503043.688,1440.188
4,142,9,5,886,887,1,2505769.500,2508193.000,2423.500
4,143,15,0,948,948,0,2634915.500,2636549.125,1633.625
4,144,15,1,950,950,0,2639081.625,2640981.062,1899.438
4,145,15,2,952,953,1,2643247.625,2646240.875,2993.250
4,146,15,3,954,955,1,2647413.500,2650520.938,3107.438
4,147,15,4,956,957,1,2651579.562,2655398.875,3819.312
4,149,0,0,960,960,0,2659911.500,2661858.312,1946.812
4,150,0,1,962,963,1,2664077.500,2667093.125,3015.625
4,151,0,2,964,965,1,2668243.500,2671746.250,3502.750
4,153,0,4,968,968,0,2676578.438,2677916.812,1338.375
4,154,0,5,970,971,1,2680742.688,2683064.625,2321.938
4,155,3,0,996,996,0,2734899.500,2736618.875,1719.375
4,156,3,1,998,999,1,2739071.062,2742057.375,2986.312
4,157,3,2,1000,1001,1,2743231.562,2746537.438,3305.875
4,159,3,4,1004,1004,0,2751563.500,2752975.688,1412.188
4,160,3,5,1006,1006,0,2755729.500,2757806.250,2076.750
4,161,4,0,1008,1009,1,2759895.562,2762944.812,3049.250
4,162,4,1,1010,1011,1,2764061.500,2767984.062,3922.562
4,164,4,3,1014,1014,0,2772393.500,2774024.188,1630.688
4,165,4,4,1016,1016,0,2776560.438,2778299.750,1739.312
4,166,4,5,1018,1019,1,2780726.625,2783441.312,2714.688
4,167,9,0,1068,1068,0,2884875.688,2886516.938,1641.250
4,168,9,1,1070,1071,1,2889041.562,2892142.250,3100.688
4,169,9,2,1072,1073,1,2893207.812,2897011.188,3803.375
4,171,9,4,1076,1076,0,2901539.500,2902995.250,1455.750
4,172,9,5,1078,1079,1,2905716.250,2908346.625,2630.375
4,173,15,0,1140,1140,0,3034851.562,3036573.375,1721.812
4,174,15,1,1142,1143,1,3039017.500,3042017.875,3000.375
4,175,15,2,1144,1145,1,3043183.562,3046706.000,3522.438
4,177,15,4,1148,1148,0,3051515.562,3052924.938,1409.375
4,178,15,5,1150,1151,1,3055691.875,3058107.750,2415.875
4,179,0,0,1152,1153,1,3059847.500,3062910.188,3062.688
4,181,0,2,1156,1156,0,3068190.875,3068222.000,31.125
4,182,0,3,1158,1158,0,3072345.562,3073800.688,1455.125
4,183,0,4,1160,1160,0,3076511.562,3078455.438,1943.875
4,184,0,5,1162,1163,1,3080677.812,3083620.250,2942.438
4,185,3,0,1188,1188,0,3134835.750,3136399.125,1563.375
4,186,3,1,1190,1191,1,3139001.500,3142039.688,3038.188
4,187,3,2,1192,1193,1,3143171.125,3146923.875,3752.750
4,189,3,4,1196,1196,0,3151499.500,3153115.688,1616.188
4,190,3,5,1198,1199,1,3155666.188,3158268.000,2601.812
4,191,4,0,1200,1201,1,3159843.188,3162892.312,3049.125
4,192,4,1,1202,1203,1,3163997.625,3167362.125,3364.500
4,194,4,3,1206,1206,0,3172329.500,3173781.875,1452.375
4,195,4,4,1208,1209,1,3176507.750,3179242.125,2734.375
4,196,4,5,1210,1211,1,3180661.812,3183798.500,3136.688
4,197,9,0,1260,1260,0,3284811.562,3286428.875,1617.312
4,198,9,1,1262,1262,0,3288977.500,3290503.375,1525.875
4,199,9,2,1264,1265,1,3293143.500,3296154.812,3011.312
4,201,9,4,1268,1268,0,3301475.562,3302744.750,1269.188
4,202,9,5,1270,1271,1,3305641.500,3307765.125,2123.625
4,203,15,0,1332,1332,0,3434787.500,3436401.250,1613.750
4,204,15,1,1334,1335,1,3438953.500,3442035.562,3082.062
4,205,15,2,1336,1337,1,3443119.688,3446925.750,3806.062
4,207,15,4,1340,1340,0,3451452.250,3452964.250,1512.000
4,208,15,5,1342,1342,0,3455617.500,3457204.188,1586.688
4,209,0,0,1344,1345,1,3459783.500,3462720.250,2936.750
4,210,0,1,1346,1347,1,3463949.938,3467386.125,3436.188
4,212,0,3,1350,1350,0,3472281.562,3473582.438,1300.875
4,213,0,4,1352,1353,1,3476448.000,3479199.125,2751.125
4,214,0,5,1354,1355,1,3480615.812,3483761.750,3145.938
4,215,3,0,1380,1380,0,3534771.500,3536359.625,1588.125
4,216,3,1,1382,1383,1,3538937.562,3541801.000,2863.438
4,217,3,2,1384,1385,1,3543103.500,3545883.625,2780.125
4,218,3,3,1386,1387,1,3547279.938,3550350.188,3070.250
4,220,3,5,1390,1390,0,3555603.250,3555641.500,38.250
4,221,4,0,1392,1392,0,3559767.500,3561665.438,1897.938
4,222,4,1,1394,1395,1,3563935.188,3567108.312,3173.125
4,223,4,2,1396,1397,1,3568111.688,3572006.250,3894.562
4,225,4,4,1400,1400,0,3576431.562,3578011.250,1579.688
4,226,4,5,1402,1403,1,3580606.188,3583177.312,2571.125
4,227,9,0,1452,1452,0,3684747.562,3686387.500,1639.938
4,228,9,1,1454,1455,1,3688913.500,3691987.062,3073.562
4,229,9,2,1456,1457,1,3693079.500,3696816.875,3737.375
4,231,9,4,1460,1460,0,3701411.688,3702975.812,1564.125
4,232,9,5,1462,1463,1,3705580.062,3708284.688,2704.625
4,233,15,0,1524,1524,0,3834726.625,3836385.438,1658.812
4,234,15,1,1526,1527,1,3838889.875,3841807.375,2917.500
4,235,15,2,1528,1529,1,3843055.562,3846476.625,3421.062
4,237,15,4,1532,1532,0,3851387.562,3852658.938,1271.375
4,238,15,5,1534,1535,1,3855554.875,3857671.438,2116.562
4,239,0,0,1536,1537,1,3859719.500,3862768.000,3048.500
4,240,0,1,1538,1539,1,3863885.562,3867709.125,3823.562
4,242,0,3,1542,1542,0,3872217.500,3873751.125,1533.625
4,243,0,4,1544,1545,1,3876383.562,3879541.875,3158.312
4,244,0,5,1546,1547,1,3880549.562,3884253.875,3704.312
4,245,3,0,1572,1572,0,3934707.500,3936269.312,1561.812
4,246,3,1,1574,1575,1,3938876.375,3941871.875,2995.500
4,247,3,2,1576,1577,1,3943039.562,3946704.688,3665.125
4,249,3,4,1580,1580,0,3951371.500,3952881.875,1510.375
4,250,3,5,1582,1583,1,3955543.750,3958193.750,2650.000
4,251,4,0,1584,1585,1,3959703.562,3963177.500,3473.938
4,253,4,2,1588,1588,0,3968035.500,3969358.625,1323.125
4,254,4,3,1590,1591,1,3972201.562,3974966.688,2765.125
4,255,4,4,1592,1593,1,3976367.500,3979403.750,3036.250
4,256,4,5,1594,1595,1,3980534.562,3984523.312,3988.750
4,257,9,0,1644,1644,0,4084683.500,4086326.188,1642.688
4,258,9,1,1646,1647,1,4088849.688,4091738.812,2889.125
4,259,9,2,1648,1649,1,4093015.500,4096165.750,3150.250
4,260,9,3,1650,1651,1,4097181.500,4100388.812,3207.312
4,261,9,4,1652,1653,1,4101348.250,4105419.562,4071.312
4,262,9,5,1654,1656,2,4105516.438,4110723.438,5207.000
4,263,15,0,1716,1716,0,4234659.500,4236248.500,1589.000
4,264,15,1,1718,1719,1,4238835.938,4241893.812,3057.875
4,265,15,2,1720,1721,1,4242991.562,4246744.875,3753.312
4,267,15,4,1724,1724,0,4251323.562,4252934.062,1610.500
4,268,15,5,1726,1727,1,4255492.375,4258051.000,2558.625
4,269,0,0,1728,1729,1,4259655.688,4263262.812,3607.125
4,271,0,2,1732,1732,0,4267987.562,4269390.438,1402.875
4,272,0,3,1734,1735,1,4272153.812,4274992.500,2838.688
4,273,0,4,1736,1737,1,4276319.500,4279380.438,3060.938
4,274,0,5,1738,1740,2,4280489.938,4285357.750,4867.812
4,275,3,0,1764,1764,0,4334643.500,4336281.312,1637.812
4,276,3,1,1766,1767,1,4338809.562,4340948.938,2139.375
4,277,3,2,1768,1769,1,4342975.562,4346138.375,3162.812
4,278,3,3,1770,1771,1,4347141.500,4351186.000,4044.500
4,279,3,4,1772,1773,1,4351312.125,4355246.250,3934.125
4,281,4,0,1776,1776,0,4359639.500,4361457.250,1817.750
4,282,4,1,1778,1779,1,4363805.688,4366874.375,3068.688
4,283,4,2,1780,1781,1,4367971.500,4371708.688,3737.188
4,285,4,4,1784,1784,0,4376303.500,4377888.875,1585.375
4,286,4,5,1786,1787,1,4380469.500,4383003.062,2533.562
4,287,9,0,1836,1836,0,4484619.500,4486204.062,1584.562
4,288,9,1,1838,1839,1,4488786.438,4491803.625,3017.188
4,289,9,2,1840,1841,1,4492951.625,4496633.438,3681.812
4,291,9,4,1844,1844,0,4501283.562,4502792.375,1508.812
4,292,9,5,1846,1847,1,4505454.188,4508109.875,2655.688
4,293,15,0,1908,1908,0,4634595.562,4636163.625,1568.062
4,294,15,1,1910,1911,1,4638762.938,4641597.500,2834.562
4,295,15,2,1912,1913,1,4642927.562,4646044.938,3117.375
4,297,15,4,1916,1916,0,4651259.500,4651314.750,55.250
4,298,15,5,1918,1917,-1,4655429.938,4655353.500,-76.438
4,299,0,0,1920,1920,0,4659591.562,4661568.375,1976.812
4,300,0,1,1922,1923,1,4663761.688,4666778.562,3016.875
4,301,0,2,1924,1925,1,4667923.500,4671816.438,3892.938
4,303,0,4,1928,1928,0,4676255.500,4677762.812,1507.312
4,304,0,5,1930,1931,1,4680421.500,4683057.938,2636.438
4,305,3,0,1956,1956,0,4734579.500,4736298.125,1718.625
4,306,3,1,1958,1958,0,4738749.688,4740354.375,1604.688
4,307,3,2,1960,1961,1,4742911.500,4745948.688,3037.188
4,308,3,3,1962,1963,1,4747085.938,4750594.438,3508.500
4,310,3,5,1966,1966,0,4755409.938,4756329.125,919.188
4,311,4,0,1968,1969,1,4759575.500,4762452.500,2877.000
4,312,4,1,1970,1971,1,4763741.625,4766866.688,3125.062
4,313,4,2,1972,1973,1,4767907.500,4771901.938,3994.438
4,315,4,4,1976,1976,0,4776239.562,4777674.375,1434.812
4,316,4,5,1978,1978,0,4780409.500,4781482.188,1072.688
4,317,9,0,2028,2028,0,4884555.500,4886196.312,1640.812
4,318,9,1,2030,2031,1,4888721.625,4890860.938,2139.312
4,319,9,2,2032,2033,1,4892887.562,4896059.625,3172.062
4,320,9,3,2034,2035,1,4897053.562,4901067.500,4013.938
4,322,9,5,2038,2038,0,4905388.000,4906587.625,1199.625
4,323,15,0,2100,2100,0,5034531.500,5036172.062,1640.562
4,324,15,1,2102,2103,1,5038707.875,5041817.375,3109.500
4,325,15,2,2104,2105,1,5042863.938,5046467.500,3603.562
4,327,15,4,2108,2108,0,5051195.500,5052621.688,1426.188
4,328,15,5,2110,2111,1,5055365.312,5057995.438,2630.125
4,329,0,0,2112,2113,1,5059527.500,5062977.062,3449.562
4,331,0,2,2116,2116,0,5067859.500,5069112.750,1253.250
4,332,0,3,2118,2119,1,5072031.125,5074167.750,2136.625
4,333,0,4,2120,2121,1,5076191.562,5079353.000,3161.438
4,334,0,5,2122,2123,1,5080362.875,5084466.562,4103.688
4,335,3,0,2148,2148,0,5134515.562,5136083.500,1567.938
4,336,3,1,2150,2150,0,5138682.812,5140735.875,2053.062
4,337,3,2,2152,2153,1,5142847.500,5145952.812,3105.312
4,338,3,3,2154,2155,1,5147013.500,5150988.188,3974.688
4,340,3,5,2158,2158,0,5155350.062,5156502.062,1152.000
4,341,4,0,2160,2160,0,5159511.500,5161435.562,1924.062
4,342,4,1,2162,2162,0,5163687.062,5165318.625,1631.562
4,343,4,2,2164,2165,1,5167843.500,5170926.688,3083.188
4,344,4,3,2166,2167,1,5172012.250,5175573.938,3561.688
4,346,4,5,2170,2170,0,5180341.500,5181311.625,970.125
4,347,9,0,2220,2220,0,5284491.500,5286121.562,1630.062
4,348,9,1,2222,2223,1,5288669.188,5291733.375,3064.188
4,349,9,2,2224,2225,1,5292823.500,5295703.750,2880.250
4,350,9,3,2226,2227,1,5296989.562,5300344.750,3355.188
4,352,9,5,2230,2230,0,5305321.562,5306260.375,938.812
4,353,15,0,2292,2292,0,5434467.562,5436045.125,1577.562
4,354,15,1,2294,2294,0,5438645.625,5440703.500,2057.875
4,355,15,2,2296,2297,1,5442799.500,5445938.688,3139.188
4,356,15,3,2298,2299,1,5446965.500,5450980.062,4014.562
4,358,15,5,2302,2302,0,5455297.500,5456341.750,1044.250
4,359,0,0,2304,2304,0,5459463.500,5461461.812,1998.312
4,360,0,1,2306,2306,0,5463629.688,5465314.375,1684.688
4,361,0,2,2308,2309,1,5467795.562,5470904.188,3108.625
4,362,0,3,2310,2311,1,5471963.062,5475533.188,3570.125
4,364,0,5,2314,2314,0,5480298.438,5481466.688,1168.250
4,365,3,0,2340,2340,0,5534451.500,5536166.438,1714.938
4,366,3,1,2342,2343,1,5538617.562,5541545.312,2927.750
4,367,3,2,2344,2345,1,5542783.625,5546199.938,3416.312
4,368,3,3,2346,2347,1,5546949.500,5550237.312,3287.812
4,370,3,5,2350,2350,0,5555281.500,5556172.938,891.438
4,371,4,0,2352,2352,0,5559447.688,5561494.312,2046.625
4,372,4,1,2354,2355,1,5563613.500,5566698.250,3084.750
4,373,4,2,2356,2357,1,5567780.188,5571745.750,3965.562
4,375,4,4,2360,2360,0,5576111.812,5577725.000,1613.188
4,376,4,5,2362,2363,1,5580277.625,5583038.375,2760.750
4,377,9,0,2412,2412,0,5684427.500,5686096.500,1669.000
4,378,9,1,2414,2414,0,5688593.625,5690521.188,1927.562
4,379,9,2,2416,2417,1,5692759.500,5695936.062,3176.562
4,380,9,3,2418,2419,1,5696925.562,5700755.250,3829.688
4,382,9,5,2422,2422,0,5705257.500,5706275.375,1017.875
4,383,15,0,2484,2484,0,5834403.500,5836138.250,1734.750
4,384,15,1,2486,2487,1,5838570.000,5841746.812,3176.812
4,385,15,2,2488,2489,1,5842735.500,5846172.250,3436.750
4,386,15,3,2490,2491,1,5846912.438,5850240.125,3327.688
4,388,15,5,2494,2494,0,5855234.062,5856200.000,965.938
4,389,0,0,2496,2497,1,5859399.562,5861544.000,2144.438
4,390,0,1,2498,2499,1,5863565.500,5866729.438,3163.938
4,391,0,2,2500,2501,1,5867732.812,5871758.688,4025.875
4,393,0,4,2504,2504,0,5876063.750,5877519.125,1455.375
4,394,0,5,2506,2506,0,5880229.625,5882105.750,1876.125
4,395,3,0,2532,2532,0,5934387.500,5935946.688,1559.188
4,396,3,1,2534,2534,0,5938553.938,5940380.000,1826.062
4,397,3,2,2536,2537,1,5942719.500,5945797.875,3078.375
4,398,3,3,2538,2539,1,5946885.688,5950632.312,3746.625
4,400,3,5,2542,2542,0,5955222.125,5956347.125,1125.000
4,401,4,0,2544,2544,0,5959383.500,5961280.625,1897.125
4,402,4,1,2546,2547,1,5963558.562,5966523.062,2964.500
4,403,4,2,2548,2549,1,5967718.562,5971166.938,3448.375
4,404,4,3,2550,2551,1,5971881.500,5975218.062,3336.562
4,406,4,5,2554,2554,0,5980216.000,5981156.688,940.688
4,407,9,0,2604,2604,0,6084363.500,6086053.188,1689.688
4,408,9,1,2606,2607,1,6088529.688,6091700.125,3170.438
4,410,9,3,2610,2610,0,6096861.500,6098261.062,1399.562
4,411,9,4,2612,2613,1,6101027.500,6103852.688,2825.188
4,412,9,5,2614,2615,1,6105193.562,6108375.438,3181.875
4,413,15,0,2676,2676,0,6234340.125,6236026.562,1686.438
4,414,15,1,2678,2679,1,6238506.438,6241446.438,2940.000
4,415,15,2,2680,2681,1,6242671.562,6246486.188,3814.625
4,417,15,4,2684,2684,0,6251003.688,6252486.688,1483.000
4,418,15,5,2686,2687,1,6255169.500,6257804.562,2635.062
4,419,0,0,2688,2689,1,6259335.500,6262999.375,3663.875
4,421,0,2,2692,2692,0,6267667.562,6269154.188,1486.625
4,422,0,3,2694,2694,0,6271844.938,6273410.875,1565.938
4,423,0,4,2696,2697,1,6275999.562,6278838.250,2838.688
4,424,0,5,2698,2699,1,6280165.500,6283347.250,3181.750
4,425,3,0,2724,2724,0,6334323.500,6336031.688,1708.188
4,426,3,1,2726,2727,1,6338489.625,6341435.062,2945.438
4,427,3,2,2728,2729,1,6342655.500,6345870.625,3215.125
4,429,3,4,2732,2732,0,6350987.500,6352238.250,1250.750
4,430,3,5,2734,2735,1,6355164.562,6357269.250,2104.688
4,431,4,0,2736,2736,0,6359319.562,6361390.438,2070.875
4,432,4,1,2738,2739,1,6363497.750,6366618.875,3121.125
4,433,4,2,2740,2741,1,6367651.500,6371440.938,3789.438
4,435,4,4,2744,2744,0,6375983.562,6377444.688,1461.125
4,436,4,5,2746,2747,1,6380149.562,6382758.062,2608.500
4,437,9,0,2796,2796,0,6484299.625,6485958.250,1658.625
4,438,9,1,2798,2798,0,6488465.500,6490388.875,1923.375
4,439,9,2,2800,2801,1,6492631.562,6495803.750,3172.188
4,440,9,3,2802,2803,1,6496797.688,6500622.938,3825.250
4,442,9,5,2806,2806,0,6505130.938,6506331.750,1200.812
4,443,15,0,2868,2868,0,6634276.312,6635893.188,1616.875
4,444,15,1,2870,2871,1,6638446.750,6641519.875,3073.125
4,446,15,3,2874,2874,0,6646773.625,6648123.312,1349.688
4,447,15,4,2876,2877,1,6650939.500,6653735.875,2796.375
4,448,15,5,2878,2878,0,6655105.875,6657139.438,2033.562
4,449,0,0,2880,2881,1,6659271.500,6662199.375,2927.875
4,450,0,1,2882,2883,1,6663437.688,6667494.188,4056.500
4,452,0,3,2886,2886,0,6671774.000,6673258.875,1484.875
4,453,0,4,2888,2889,1,6675935.500,6678860.938,2925.438
4,454,0,5,2890,2891,1,6680102.312,6683773.562,3671.250
4,455,3,0,2916,2916,0,6734259.500,6735916.875,1657.375
4,456,3,1,2918,2919,1,6738425.500,6741507.188,3081.688
4,457,3,2,2920,2921,1,6742591.688,6745756.125,3164.438
4,458,3,3,2922,2923,1,6746757.562,6750401.875,3644.312
4,460,3,5,2926,2926,0,6755089.500,6756153.438,1063.938
4,461,4,0,2928,2928,0,6759255.500,6761074.688,1819.188
4,462,4,1,2930,2931,1,6763423.188,6766292.625,2869.438
4,463,4,2,2932,2933,1,6767587.500,6770948.750,3361.250
4,465,4,4,2936,2936,0,6775919.500,6776000.875,81.375
4,466,4,5,2938,2938,0,6780088.625,6781125.125,1036.500
4,467,9,0,2988,2988,0,6884235.562,6885798.875,1563.312
4,468,9,1,2990,2991,1,6888401.500,6891187.000,2785.500
4,469,9,2,2992,2993,1,6892567.500,6895826.375,3258.875
4,470,9,3,2994,2995,1,6896733.500,6900794.625,4061.125
4,472,9,5,2998,2998,0,6905065.500,6906113.812,1048.312
4,473,15,0,3060,3060,0,7034212.062,7035928.750,1716.688
4,474,15,1,3062,3063,1,7038380.812,7041549.875,3169.062
4,475,15,2,3064,3065,1,7042543.500,7046388.688,3845.188
4,477,15,4,3068,3068,0,7050875.562,7052389.188,1513.625
4,478,15,5,3070,3071,1,7055044.250,7057707.062,2662.812
4,479,0,0,3072,3073,1,7059207.500,7062700.938,3493.438
4,481,0,2,3076,3076,0,7067539.500,7069044.438,1504.938
4,482,0,3,3078,3079,1,7071706.250,7074648.250,2942.000
4,483,0,4,3080,3081,1,7075871.562,7079073.688,3202.125
4,484,0,5,3082,3084,2,7080046.688,7084232.938,4186.250
4,485,3,0,3108,3108,0,7134195.500,7135883.500,1688.000
4,486,3,1,3110,3111,1,7138361.500,7141098.188,2736.688
4,487,3,2,3112,3113,1,7142527.562,7145740.562,3213.000
4,488,3,3,3114,3115,1,7146695.688,7150775.938,4080.250
4,490,3,5,3118,3118,0,7155025.562,7156101.125,1075.562
4,491,4,0,3120,3120,0,7159192.125,7161034.625,1842.500
4,492,4,1,3122,3123,1,7163359.812,7166451.750,3091.938
4,493,4,2,3124,3125,1,7167523.500,7170689.938,3166.438
4,494,4,3,3126,3127,1,7171696.875,7175337.188,3640.312
4,496,4,5,3130,3130,0,7180021.500,7181067.250,1045.750
4,497,9,0,3180,3180,0,7284171.562,7285813.375,1641.812
4,498,9,1,3182,3183,1,7288342.375,7291412.938,3070.562
4,499,9,2,3184,3185,1,7292503.625,7296242.750,3739.125
4,500,9,3,3186,3187,1,7296673.125,7300289.375,3616.250
4,502,9,5,3190,3190,0,7305001.500,7305963.188,961.688
4,503,15,0,3252,3252,0,7434147.562,7435778.125,1630.562
4,504,15,1,3254,3255,1,7438313.500,7441212.000,2898.500
4,505,15,2,3256,3257,1,7442483.438,7445671.688,3188.250
4,507,15,4,3260,3260,0,7450811.500,7452063.562,1252.062
4,508,15,5,3262,3262,0,7454981.938,7457060.812,2078.875
4,509,0,0,3264,3265,1,7459143.562,7462172.625,3029.062
4,510,0,1,3266,3267,1,7463316.438,7467190.125,3873.688
4,511,0,2,3268,3269,1,7467475.500,7471157.250,3681.750
4,513,0,4,3272,3272,0,7475807.625,7477377.312,1569.688
4,514,0,5,3274,3275,1,7479973.625,7482684.688,2711.062
4,515,3,0,3300,3300,0,7534131.562,7535692.000,1560.438
4,516,3,1,3302,3303,1,7538297.938,7541294.562,2996.625
4,517,3,2,3304,3305,1,7542463.562,7546127.375,3663.812
4,519,3,4,3308,3308,0,7550795.500,7552304.562,1509.062
4,520,3,5,3310,3310,0,7554962.188,7556311.812,1349.625
4,521,4,0,3312,3313,1,7559127.562,7562018.062,2890.500
4,522,4,1,3314,3315,1,7563304.188,7566424.750,3120.562
4,524,4,3,3318,3318,0,7571627.000,7572855.000,1228.000
4,525,4,4,3320,3321,1,7575791.562,7577914.875,2123.312
4,526,4,5,3322,3323,1,7579961.438,7583002.562,3041.125
4,527,9,0,3372,3372,0,7684107.500,7685661.125,1553.625
4,528,9,1,3374,3375,1,7688273.500,7691061.500,2788.000
4,529,9,2,3376,3377,1,7692439.500,7695475.438,3035.938
4,530,9,3,3378,3379,1,7696605.938,7700721.000,4115.062
4,532,9,5,3382,3382,0,7704937.500,7706040.188,1102.688
4,533,15,0,3444,3444,0,7834083.500,7835817.812,1734.312
4,534,15,1,3446,3447,1,7838256.812,7841426.375,3169.562
4,535,15,2,3448,3449,1,7842415.562,7846101.000,3685.438
4,537,15,4,3452,3452,0,7850747.500,7852290.500,1543.000
4,538,15,5,3454,3455,1,7854913.562,7857396.938,2483.375
4,539,0,0,3456,3457,1,7859079.500,7862324.938,3245.438
4,541,0,2,3460,3460,0,7867411.500,7868758.812,1347.312
4,542,0,3,3462,3463,1,7871577.500,7874360.875,2783.375
4,543,0,4,3464,3465,1,7875743.562,7878709.188,2965.625
4,544,0,5,3466,3468,2,7879915.938,7884136.188,4220.250
4,545,3,0,3492,3492,0,7934067.562,7935627.750,1560.188
4,546,3,1,3494,3494,0,7938245.438,7939884.938,1639.500
4,547,3,2,3496,3496,0,7942399.500,7944305.250,1905.750
4,548,3,3,3498,3499,1,7946565.500,7949534.438,2968.938
4,549,3,4,3500,3501,1,7950731.562,7954568.188,3836.625
4,551,4,0,3504,3504,0,7959063.500,7961004.625,1941.125
4,552,4,1,3506,3507,1,7963232.688,7966220.812,2988.125
4,553,4,2,3508,3509,1,7967395.500,7971055.125,3659.625
4,555,4,4,3512,3512,0,7975727.562,7977235.312,1507.750
4,556,4,5,3514,3514,0,7979904.750,7981231.812,1327.062
4,557,9,0,3564,3564,0,8084043.500,8085725.312,1681.812
4,558,9,1,3566,3567,1,8088209.500,8091312.625,3103.125
4,559,9,2,3568,3569,1,8092375.500,8095953.750,3578.250
4,561,9,4,3572,3572,0,8100710.562,8102322.250,1611.688
4,562,9,5,3574,3575,1,8104873.500,8107409.312,2535.812
4,563,15,0,3636,3636,0,8234019.500,8235702.938,1683.438
4,564,15,1,3638,3638,0,8238185.625,8239765.188,1579.562
4,565,15,2,3640,3640,0,8242352.312,8244404.688,2052.375
4,566,15,3,3642,3643,1,8246520.875,8249639.875,3119.000
4,567,15,4,3644,3645,1,8250683.500,8254679.625,3996.125
4,569,0,0,3648,3648,0,8259015.500,8260906.750,1891.250
4,570,0,1,3650,3651,1,8263181.500,8266317.875,3136.375
4,571,0,2,3652,3653,1,8267350.500,8271179.312,3828.812
4,573,0,4,3656,3656,0,8275679.500,8277314.375,1634.875
4,574,0,5,3658,3658,0,8279846.562,8281304.875,1458.312
4,575,3,0,3684,3684,0,8334003.500,8335661.312,1657.812
4,576,3,1,3686,3687,1,8338172.625,8341263.875,3091.250
4,577,3,2,3688,3689,1,8342335.500,8345908.000,3572.500
4,579,3,4,3692,3692,0,8350667.500,8352074.688,1407.188
4,580,3,5,3694,3695,1,8354833.500,8357185.625,2352.125
4,581,4,0,3696,3697,1,8358999.500,8362179.875,3180.375
4,582,4,1,3698,3699,1,8363165.625,8366193.125,3027.500
4,583,4,2,3700,3701,1,8367331.625,8371453.812,4122.188
4,585,4,4,3704,3704,0,8375663.500,8377244.375,1580.875
4,586,4,5,3706,3707,1,8379834.250,8382746.438,2912.188
4,587,9,0,3756,3756,0,8483979.500,8485686.312,1706.812
4,588,9,1,3758,3758,0,8488145.500,8490098.000,1952.500
4,589,9,2,3760,3760,0,8492311.500,8494333.312,2021.812
4,590,9,3,3762,3763,1,8496480.562,8499535.000,3054.438
4,591,9,4,3764,3765,1,8500643.500,8504590.250,3946.750
4,592,9,5,3766,3768,2,8504819.688,8509894.125,5074.438
4,593,15,0,3828,3828,0,8633955.500,8635693.500,1738.000
4,594,15,1,3830,3831,1,8638121.625,8641113.375,2991.750
4,595,15,2,3832,3833,1,8642287.500,8645726.750,3439.250
4,597,15,4,3836,3836,0,8650619.500,8652153.625,1534.125
4,598,15,5,3838,3839,1,8654785.500,8657284.562,2499.062
4,599,0,0,3840,3841,1,8658951.500,8662276.688,3325.188
4,600,0,1,3842,3843,1,8663117.562,8666296.188,3178.625
4,602,0,3,3846,3846,0,8671452.938,8672653.188,1200.250
4,603,0,4,3848,3848,0,8675615.562,8677670.062,2054.500
4,604,0,5,3850,3851,1,8679781.750,8682776.500,2994.750
4,605,3,0,3876,3876,0,8733939.562,8735621.250,1681.688
4,606,3,1,3878,3879,1,8738117.312,8741236.062,3118.750
4,607,3,2,3880,3881,1,8742271.500,8746081.125,3809.625
4,608,3,3,3882,3883,1,8746439.812,8750319.438,3879.625
4,610,3,5,3886,3886,0,8754769.938,8755845.562,1075.625
4,611,4,0,3888,3888,0,8758936.688,8760779.062,1842.375
4,612,4,1,3890,3891,1,8763101.625,8766196.188,3094.562
4,613,4,2,3892,3893,1,8767267.500,8770841.812,3574.312
4,615,4,4,3896,3896,0,8775599.500,8777011.500,1412.000
4,616,4,5,3898,3899,1,8779765.500,8782136.188,2370.688
4,617,9,0,3948,3948,0,8883915.500,8885524.250,1608.750
4,618,9,1,3950,3951,1,8888081.562,8891123.812,3042.250
4,619,9,2,3952,3953,1,8892247.500,8895764.938,3517.438
4,621,9,4,3956,3956,0,8900579.500,8901913.375,1333.875
4,622,9,5,3958,3959,1,8904745.500,8906892.375,2146.875
4,623,15,0,4020,4020,0,9033891.500,9035506.688,1615.188
4,624,15,1,4022,4023,1,9038057.562,9040180.312,2122.750
4,625,15,2,4024,4025,1,9042223.500,9045388.000,3164.500
4,626,15,3,4026,4027,1,9046391.562,9049443.625,3052.062
4,627,15,4,4028,4029,1,9050555.625,9054495.625,3940.000
4,629,0,0,4032,4032,0,9058887.625,9060710.500,1822.875
4,630,0,1,4034,4035,1,9063053.562,9066121.625,3068.062
4,631,0,2,4036,4037,1,9067219.500,9070749.000,3529.500
4,633,0,4,4040,4040,0,9075551.750,9077093.625,1541.875
4,634,0,5,4042,4043,1,9079718.688,9082201.812,2483.125
4,635,3,0,4068,4068,0,9133875.500,9135455.812,1580.312
4,636,3,1,4070,4071,1,9138050.812,9141058.375,3007.562
4,637,3,2,4072,4073,1,9142207.500,9145495.688,3288.188
4,639,3,4,4076,4076,0,9150545.250,9151875.562,1330.312
4,640,3,5,4078,4079,1,9154705.500,9156998.750,2293.250
4,641,4,0,4080,4081,1,9158871.562,9161993.000,3121.438
4,642,4,1,4082,4083,1,9163038.188,9167016.500,3978.312
4,644,4,3,4086,4086,0,9171369.500,9173006.375,1636.875
4,645,4,4,4088,4088,0,9175535.562,9177252.062,1716.500
4,646,4,5,4090,4091,1,9179706.188,9182364.500,2658.312
4,647,9,0,4140,4140,0,9283851.562,9285535.000,1683.438
4,648,9,1,4142,4143,1,9288017.500,9291122.312,3104.812
4,649,9,2,4144,4145,1,9292183.500,9296153.062,3969.562
4,651,9,4,4148,4148,0,9300515.500,9302123.312,1607.812
4,652,9,5,4150,4150,0,9304686.375,9306304.000,1617.625
4,653,15,0,4212,4212,0,9433827.500,9435517.562,1690.062
4,654,15,1,4214,4215,1,9437994.625,9440862.812,2868.188
4,655,15,2,4216,4217,1,9442159.500,9445523.438,3363.938
4,657,15,4,4220,4220,0,9450491.562,9451714.375,1222.812
4,658,15,5,4222,4222,0,9454657.688,9456711.625,2053.938
4,659,0,0,4224,4225,1,9458823.812,9462041.375,3217.562
4,660,0,1,4226,4227,1,9462994.438,9467029.625,4035.188
4,662,0,3,4230,4230,0,9471321.500,9472800.688,1479.188
4,663,0,4,4232,4232,0,9475487.500,9477028.125,1540.625
4,664,0,5,4234,4235,1,9479653.500,9482335.500,2682.000
4,665,3,0,4260,4260,0,9533811.500,9535504.500,1693.000
4,666,3,1,4262,4263,1,9537977.500,9541107.062,3129.562
4,667,3,2,4264,4265,1,9542143.500,9545964.375,3820.875
4,669,3,4,4268,4268,0,9550475.500,9552117.062,1641.562
4,670,3,5,4270,4271,1,9554643.500,9557228.000,2584.500
4,671,4,0,4272,4273,1,9558807.500,9561816.562,3009.062
4,672,4,1,4274,4275,1,9562973.500,9566462.688,3489.188
4,674,4,3,4278,4278,0,9571305.562,9572655.250,1349.688
4,675,4,4,4280,4281,1,9575471.562,9578275.562,2804.000
4,676,4,5,4282,4283,1,9579637.500,9582790.562,3153.062
4,677,9,0,4332,4332,0,9683787.500,9685455.250,1667.750
4,678,9,1,4334,4334,0,9687953.500,9689508.500,1555.000
4,679,9,2,4336,4337,1,9692122.438,9694888.375,2765.938
4,680,9,3,4338,4339,1,9696285.625,9699529.375,3243.750
4,681,9,4,4340,4341,1,9700458.688,9704572.375,4113.688
4,682,9,5,4342,4344,2,9704621.062,9709675.312,5054.250
4,683,15,0,4404,4404,0,9833763.500,9835455.688,1692.188
4,684,15,1,4406,4407,1,9837929.562,9841076.500,3146.938
4,685,15,2,4408,4409,1,9842095.500,9845927.562,3832.062
4,687,15,4,4412,4412,0,9850427.562,9851928.062,1500.500
4,688,15,5,4414,4415,1,9854603.562,9857258.500,2654.938
4,689,0,0,4416,4417,1,9858759.500,9862441.062,3681.562
4,691,0,2,4420,4420,0,9867091.500,9868608.125,1516.625
4,692,0,3,4422,4423,1,9871258.188,9874224.188,2966.000
4,693,0,4,4424,4425,1,9875423.562,9878584.750,3161.188
4,694,0,5,4426,4428,2,9879592.062,9884589.438,4997.375
4,695,3,0,4452,4452,0,9933747.562,9935338.188,1590.625
4,696,3,1,4454,4455,1,9937913.500,9940753.812,2840.312
4,697,3,2,4456,4457,1,9942079.500,9944265.875,2186.375
4,698,3,3,4458,4459,1,9946245.500,9949445.812,3200.312
4,699,3,4,4460,4461,1,9950411.562,9954479.562,4068.000
4,701,4,0,4464,4464,0,9958743.875,9960690.562,1946.688
4,702,4,1,4466,4467,1,9962909.750,9965906.750,2997.000
4,703,4,2,4468,4469,1,9967075.500,9970942.000,3866.500
4,705,4,4,4472,4472,0,9975407.562,9976921.250,1513.688
4,706,4,5,4474,4475,1,9979573.500,9982234.625,2661.125
4,707,9,0,4524,4524,0,10083723.500,10085437.375,1713.875
4,708,9,1,4526,4527,1,10087890.562,10091036.938,3146.375
4,709,9,2,4528,4529,1,10092055.500,10095866.750,3811.250
4,711,9,4,4532,4532,0,10100387.562,10102025.688,1638.125
4,712,9,5,4534,4535,1,10104564.375,10107158.125,2593.750
4,713,15,0,4596,4596,0,10233702.688,10235290.812,1588.125
4,714,15,1,4598,4599,1,10237865.500,10240700.188,2834.688
4,715,15,2,4600,4601,1,10242031.500,10244955.125,2923.625
4,716,15,3,4602,4603,1,10246197.625,10249380.438,3182.812
4,717,15,4,4604,4605,1,10250363.625,10254407.938,4044.312
4,719,0,0,4608,4608,0,10258695.500,10260647.312,1951.812
4,720,0,1,4610,4611,1,10262864.188,10265857.500,2993.312
4,721,0,2,4612,4613,1,10267027.500,10270886.750,3859.250
4,723,0,4,4616,4616,0,10275359.562,10276841.750,1482.188
4,724,0,5,4618,4619,1,10279525.875,10282136.875,2611.000
4,725,3,0,4644,4644,0,10333683.562,10335322.250,1638.688
4,726,3,1,4646,4647,1,10337851.250,10340924.812,3073.562
4,727,3,2,4648,4649,1,10342015.500,10345757.625,3742.125
4,729,3,4,4652,4652,0,10350347.562,10351934.812,1587.250
4,730,3,5,4654,4655,1,10354518.875,10357045.750,2526.875
4,731,4,0,4656,4657,1,10358679.500,10362041.750,3362.250
4,733,4,2,4660,4660,0,10367011.500,10368411.250,1399.750
4,734,4,3,4662,4662,0,10371177.562,10372659.938,1482.375
4,735,4,4,4664,4665,1,10375343.562,10377532.875,2189.312
4,736,4,5,4666,4667,1,10379521.812,10382620.562,3098.750
4,737,9,0,4716,4716,0,10483659.500,10485246.875,1587.375
4,738,9,1,4718,4719,1,10487825.562,10490647.250,2821.688
4,739,9,2,4720,4721,1,10491991.500,10495307.500,3316.000
4,740,9,3,4722,4723,1,10496157.500,10499345.500,3188.000
4,741,9,4,4724,4725,1,10500328.188,10504388.500,4060.312
4,742,9,5,4726,4728,2,10504491.438,10509692.375,5200.938
4,743,15,0,4788,4788,0,10633635.562,10635273.250,1637.688
4,744,15,1,4790,4791,1,10637802.125,10640894.062,3091.938
4,745,15,2,4792,4793,1,10641967.500,10645745.125,3777.625
4,747,15,4,4796,4796,0,10650299.562,10651934.312,1634.750
4,748,15,5,4798,4799,1,10654466.188,10657051.250,2585.062
4,749,0,0,4800,4801,1,10658631.500,10662045.125,3413.625
4,751,0,2,4804,4804,0,10666963.500,10668390.688,1427.188
4,752,0,3,4806,4807,1,10671129.500,10673992.750,2863.250
4,753,0,4,4808,4809,1,10675295.562,10678423.812,3128.250
4,754,0,5,4810,4811,1,10679461.625,10683525.125,4063.500
4,755,3,0,4836,4836,0,10733619.500,10735203.188,1583.688
4,756,3,1,4838,4838,0,10737785.562,10739806.562,2021.000
4,757,3,2,4840,4841,1,10741951.562,10745023.500,3071.938
4,758,3,3,4842,4843,1,10746129.688,10750071.125,3941.438
4,759,3,4,4844,4845,1,10750283.500,10754307.812,4024.312
4,761,4,0,4848,4848,0,10758615.500,10760567.812,1952.312
4,762,4,1,4850,4851,1,10762791.438,10765808.500,3017.062
4,763,4,2,4852,4853,1,10766947.562,10770655.062,3707.500
4,765,4,4,4856,4856,0,10775279.500,10776835.250,1555.750
4,766,4,5,4858,4859,1,10779445.500,10781873.062,2427.562
4,767,9,0,4908,4908,0,10883595.500,10885313.000,1717.500
4,768,9,1,4910,4911,1,10887764.250,10890912.562,3148.312
4,769,9,2,4912,4913,1,10891927.500,10895553.688,3626.188
4,771,9,4,4916,4916,0,10900259.812,10901922.188,1662.375
4,772,9,5,4918,4919,1,10904425.938,10907009.250,2583.312
4,773,15,0,4980,4980,0,11033571.688,11035270.250,1698.562
4,774,15,1,4982,4983,1,11037737.500,11040503.188,2765.688
4,775,15,2,4984,4985,1,11041903.500,11045163.812,3260.312
4,776,15,3,4986,4987,1,11046069.500,11050205.188,4135.688
4,777,15,4,4988,4989,1,11050235.500,11054271.438,4035.938
4,779,0,0,4992,4992,0,11058567.562,11060486.312,1918.750
4,780,0,1,4994,4995,1,11062739.188,11065885.188,3146.000
4,781,0,2,4996,4997,1,11066899.562,11070713.500,3813.938
4,783,0,4,5000,5000,0,11075231.500,11076869.438,1637.938
4,784,0,5,5002,5003,1,11079397.562,11081975.875,2578.312
4,785,3,0,5028,5028,0,11133555.500,11135216.062,1660.562
4,786,3,1,5030,5030,0,11137721.500,11139260.062,1538.562
4,787,3,2,5032,5033,1,11141887.688,11145102.688,3215.000
4,789,3,4,5036,5036,0,11150219.938,11151669.500,1449.562
4,790,3,5,5038,5039,1,11154387.000,11156782.188,2395.188
4,791,4,0,5040,5041,1,11158551.500,11161764.188,3212.688
4,792,4,1,5042,5043,1,11162717.500,11166799.938,4082.438
4,794,4,3,5046,5046,0,11171049.500,11172583.000,1533.500
4,795,4,4,5048,5048,0,11175215.625,11177001.938,1786.312
4,796,4,5,5050,5050,0,11179384.375,11181226.750,1842.375
4,797,9,0,5100,5100,0,11283531.500,11285223.375,1691.875
4,798,9,1,5102,5103,1,11287699.562,11290435.062,2735.500
4,799,9,2,5104,5105,1,11291863.562,11294867.625,3004.062
4,800,9,3,5106,5107,1,11296030.062,11300088.688,4058.625
4,802,9,5,5110,5110,0,11304364.312,11305407.875,1043.562
4,803,15,0,5172,5172,0,11433507.500,11435222.625,1715.125
4,804,15,1,5174,5174,0,11437674.062,11439284.875,1610.812
4,805,15,2,5176,5177,1,11441839.562,11444897.438,3057.875
4,806,15,3,5178,5179,1,11446015.562,11449549.188,3533.625
4,808,15,5,5182,5182,0,11454348.875,11455524.312,1175.438
4,809,0,0,5184,5185,1,11458503.500,11461429.375,2925.875
4,810,0,1,5186,5187,1,11462670.375,11465830.062,3159.688
4,812,0,3,5190,5190,0,11471001.750,11472223.812,1222.062
4,813,0,4,5192,5192,0,11475167.688,11477240.688,2073.000
4,814,0,5,5194,5194,0,11479340.062,11481218.938,1878.875
4,815,3,0,5220,5220,0,11533491.500,11535107.625,1616.125
4,816,3,1,5222,5223,1,11537657.500,11539775.250,2117.750
4,817,3,2,5224,5225,1,11541823.562,11544976.938,3153.375
4,818,3,3,5226,5227,1,11545989.625,11550000.062,4010.438
4,820,3,5,5230,5230,0,11554323.562,11555526.188,1202.625
4,821,4,0,5232,5232,0,11558487.500,11560459.688,1972.188
4,822,4,1,5234,5234,0,11562658.812,11564318.250,1659.438
4,823,4,2,5236,5237,1,11566819.500,11569926.312,3106.812
4,824,4,3,5238,5239,1,11570985.562,11574573.562,3588.000
4,826,4,5,5242,5242,0,11579318.750,11580311.250,992.500
4,827,9,0,5292,5292,0,11683467.500,11685154.938,1687.438
4,828,9,1,5294,5295,1,11687638.750,11690754.500,3115.750
4,829,9,2,5296,5297,1,11691799.500,11694801.250,3001.750
4,830,9,3,5298,5299,1,11695965.562,11699430.000,3464.438
4,832,9,5,5302,5302,0,11704297.562,11705128.312,830.750
4,833,15,0,5364,5364,0,11833443.500,11835026.062,1582.562
4,834,15,1,5366,5366,0,11837609.500,11839684.438,2074.938
4,835,15,2,5368,5369,1,11841775.562,11844907.375,3131.812
4,836,15,3,5370,5371,1,11845942.125,11849936.500,3994.375
4,838,15,5,5374,5374,0,11854273.500,11855310.438,1036.938
4,839,0,0,5376,5376,0,11858439.812,11860418.250,1978.438
4,840,0,1,5378,5378,0,11862616.188,11864283.062,1666.875
4,841,0,2,5380,5381,1,11866771.562,11869885.125,3113.562
4,842,0,3,5382,5383,1,11870937.812,11874526.375,3588.562
4,844,0,5,5386,5386,0,11879275.312,11880157.562,882.250
4,845,3,0,5412,5412,0,11933427.562,11935087.500,1659.938
4,846,3,1,5414,5415,1,11937603.562,11940702.312,3098.750
4,847,3,2,5416,5417,1,11941760.688,11945134.000,3373.312
4,848,3,3,5418,5419,1,11945925.812,11949183.625,3257.812
4,850,3,5,5422,5422,0,11954257.625,11955119.250,861.625
4,851,4,0,5424,5424,0,11958423.562,11960391.625,1968.062
4,852,4,1,5426,5427,1,11962589.500,11965595.562,3006.062
4,853,4,2,5428,5429,1,11966755.562,11970643.062,3887.500
4,855,4,4,5432,5432,0,11975087.625,11976622.312,1534.688
4,856,4,5,5434,5435,1,11979253.500,11981972.438,2718.938
4,857,9,0,5484,5484,0,12083403.625,12085065.875,1662.250
4,858,9,1,5486,5486,0,12087570.188,12089490.562,1920.375
4,859,9,2,5488,5489,1,12091735.500,12094893.188,3157.688
4,860,9,3,5490,5491,1,12095901.625,12099724.625,3823.000
4,862,9,5,5494,5494,0,12104233.500,12105244.750,1011.250
4,863,15,0,5556,5556,0,12233379.500,12235095.375,1715.875
4,864,15,1,5558,5559,1,12237545.562,12240703.938,3158.375
4,865,15,2,5560,5561,1,12241711.500,12245147.250,3435.750
4,866,15,3,5562,5563,1,12245887.125,12249166.125,3279.000
4,868,15,5,5566,5566,0,12254209.750,12255175.000,965.250
4,869,0,0,5568,5568,0,12258375.562,12260457.500,2081.938
4,870,0,1,5570,5571,1,12262544.438,12265667.688,3123.250
4,871,0,2,5572,5573,1,12266707.500,12270709.188,4001.688
4,873,0,4,5576,5576,0,12275039.500,12276469.625,1430.125
4,874,0,5,5578,5578,0,12279205.750,12281056.250,1850.500
4,875,3,0,5604,5604,0,12333363.500,12335035.250,1671.750
4,876,3,1,5606,5607,1,12337531.312,12340637.812,3106.500
4,877,3,2,5608,5609,1,12341695.688,12345458.375,3762.688
4,879,3,4,5612,5612,0,12350027.500,12351660.062,1632.562
4,880,3,5,5614,5615,1,12354198.312,12356771.000,2572.688
4,881,4,0,5616,5617,1,12358359.562,12361943.438,3583.875
4,883,4,2,5620,5620,0,12366695.312,12368047.875,1352.562
4,884,4,3,5622,5623,1,12370857.500,12373744.562,2887.062
4,885,4,4,5624,5625,1,12375023.500,12378009.500,2986.000
4,886,4,5,5626,5628,2,12379189.500,12384140.375,4950.875
4,887,9,0,5676,5676,0,12483339.500,12484929.562,1590.062
4,888,9,1,5678,5679,1,12487510.750,12490529.125,3018.375
4,889,9,2,5680,5681,1,12491671.500,12495199.500,3528.000
4,891,9,4,5684,5684,0,12500003.562,12501330.938,1327.375
4,892,9,5,5686,5686,0,12504181.375,12505333.438,1152.062
4,893,15,0,5748,5748,0,12633315.688,12634932.000,1616.312
4,894,15,1,5750,5750,0,12637482.188,12639383.562,1901.375
4,895,15,2,5752,5753,1,12641647.562,12644807.438,3159.875
4,896,15,3,5754,5755,1,12645814.375,12649660.125,3845.750
4,898,15,5,5758,5758,0,12654145.562,12655210.500,1064.938
4,899,0,0,5760,5760,0,12658311.500,12660129.625,1818.125
4,900,0,1,5762,5763,1,12662477.562,12665528.500,3050.938
4,901,0,2,5764,5765,1,12666643.500,12670168.125,3524.625
4,902,0,3,5766,5767,1,12670809.625,12674201.000,3391.375
4,904,0,5,5770,5770,0,12679143.062,12680115.375,972.312
4,905,3,0,5796,5796,0,12733299.500,12734913.188,1613.688
4,906,3,1,5798,5799,1,12737465.500,12740328.812,2863.312
4,907,3,2,5800,5801,1,12741631.500,12744971.188,3339.688
4,909,3,4,5804,5804,0,12749963.500,12750021.812,58.312
4,910,3,5,5806,5806,0,12754129.500,12755331.750,1202.250
4,911,4,0,5808,5808,0,12758295.562,12760265.562,1970.000
4,912,4,1,5810,5811,1,12762461.750,12765469.500,3007.750
4,913,4,2,5812,5813,1,12766627.500,12770517.000,3889.500
4,915,4,4,5816,5816,0,12774959.500,12776496.250,1536.750
4,916,4,5,5818,5819,1,12779125.500,12781809.625,2684.125
4,917,9,0,5868,5868,0,12883275.562,12884960.938,1685.375
4,918,9,1,5870,5870,0,12887445.062,12889391.562,1946.500
4,919,9,2,5872,5873,1,12891607.562,12894794.188,3186.625
4,920,9,3,5874,5875,1,12895775.188,12899625.625,3850.438
4,922,9,5,5878,5878,0,12904107.875,12905145.750,1037.875
4,923,15,0,5940,5940,0,13033251.562,13034860.500,1608.938
4,924,15,1,5942,5943,1,13037421.938,13040469.062,3047.125
4,925,15,2,5944,5945,1,13041583.562,13044906.750,3323.188
4,927,15,4,5948,5948,0,13049915.500,13051298.625,1383.125
4,928,15,5,5950,5951,1,13054085.750,13056427.812,2342.062
4,929,0,0,5952,5952,0,13058247.500,13060241.500,1994.000
4,930,0,1,5954,5955,1,13062420.562,13065439.438,3018.875
4,931,0,2,5956,5957,1,13066579.562,13070468.688,3889.125
4,933,0,4,5960,5960,0,13074911.562,13076423.688,1512.125
4,934,0,5,5962,5963,1,13079077.500,13081706.562,2629.062
4,935,3,0,5988,5988,0,13133235.562,13134823.625,1588.062
4,936,3,1,5990,5991,1,13137404.812,13140426.188,3021.375
4,937,3,2,5992,5993,1,13141567.500,13144675.125,3107.625
4,938,3,3,5994,5995,1,13145735.625,13149244.500,3508.875
4,940,3,5,5998,5998,0,13154065.500,13155242.500,1177.000
4,941,4,0,6000,6001,1,13158231.625,13161342.500,3110.875
4,943,4,2,6004,6004,0,13166564.312,13167900.688,1336.375
4,944,4,3,6006,6007,1,13170729.500,13173521.000,2791.500
4,945,4,4,6008,6009,1,13174895.562,13177976.188,3080.625
4,946,4,5,6010,6011,1,13179062.562,13183095.750,4033.188
4,947,9,0,6060,6060,0,13283211.562,13284877.375,1665.812
4,948,9,1,6062,6063,1,13287386.750,13290302.250,2915.500
4,949,9,2,6064,6065,1,13291543.500,13294734.812,3191.312
4,951,9,4,6068,6068,0,13299875.500,13301096.438,1220.938
4,952,9,5,6070,6070,0,13304041.500,13306072.438,2030.938
4,953,15,0,6132,6132,0,13433187.500,13434895.312,1707.812
4,954,15,1,6134,6135,1,13437353.688,13440503.875,3150.188
4,955,15,2,6136,6137,1,13441519.500,13444557.875,3038.375
4,956,15,3,6138,6139,1,13445688.250,13449410.562,3722.312
4,958,15,5,6142,6142,0,13454017.625,13455161.875,1144.250
4,959,0,0,6144,6144,0,13458183.750,13460081.000,1897.250
4,960,0,1,6146,6147,1,13462349.500,13465268.438,2918.938
4,961,0,2,6148,6149,1,13466515.500,13469906.312,3390.812
4,963,0,4,6152,6152,0,13474847.500,13476039.500,1192.000
4,964,0,5,6154,6155,1,13479015.750,13481359.125,2343.375
4,965,3,0,6180,6180,0,13533171.688,13534807.125,1635.438
4,966,3,1,6182,6183,1,13537337.500,13540249.500,2912.000
4,968,3,3,6186,6186,0,13545670.062,13545698.625,28.562
4,969,3,4,6188,6188,0,13549835.562,13551440.562,1605.000
4,970,3,5,6190,6190,0,13554001.500,13555843.000,1841.500
4,971,4,0,6192,6193,1,13558167.500,13561157.875,2990.375
4,972,4,1,6194,6195,1,13562333.500,13566181.375,3847.875
4,973,4,2,6196,6197,1,13566499.500,13570230.875,3731.375
4,975,4,4,6200,6200,0,13574831.562,13576398.812,1567.250
4,976,4,5,6202,6203,1,13578997.562,13581523.500,2525.938
4,977,9,0,6252,6252,0,13683147.625,13684777.188,1629.562
4,978,9,1,6254,6255,1,13687313.500,13690364.500,3051.000
4,979,9,2,6256,6257,1,13691479.500,13695194.312,3714.812
4,980,9,3,6258,6259,1,13695650.562,13699240.938,3590.375
4,982,9,5,6262,6262,0,13703978.250,13705156.562,1178.312
4,983,15,0,6324,6324,0,13833123.562,13834781.250,1657.688
4,984,15,1,6326,6327,1,13837289.562,13840202.875,2913.312
4,985,15,2,6328,6329,1,13841455.562,13844644.438,3188.875
4,987,15,4,6332,6332,0,13849787.500,13851036.312,1248.812
4,988,15,5,6334,6334,0,13853954.875,13856033.562,2078.688
4,989,0,0,6336,6337,1,13858119.562,13861145.375,3025.812
4,990,0,1,6338,6339,1,13862285.500,13866175.125,3889.625
4,991,0,2,6340,6341,1,13866454.688,13870230.875,3776.188
4,993,0,4,6344,6344,0,13874784.125,13876374.562,1590.438
4,994,0,5,6346,6347,1,13878949.625,13881456.500,2506.875
4,995,3,0,6372,6372,0,13933107.500,13934745.062,1637.562
4,996,3,1,6374,6375,1,13937275.688,13940347.625,3071.938
4,997,3,2,6376,6377,1,13941439.500,13944991.750,3552.250
4,999,3,4,6380,6380,0,13949772.125,13951357.625,1585.500
4,1000,3,5,6382,6382,0,13953937.500,13955364.875,1427.375
4,1001,4,0,6384,6385,1,13958103.688,13961089.250,2985.562
4,1003,4,2,6388,6388,0,13966435.500,13967657.938,1222.438
4,1004,4,3,6390,6391,1,13970602.062,13972718.938,2116.875
4,1005,4,4,6392,6393,1,13974767.500,13977733.438,2965.938
4,1006,4,5,6394,6395,1,13978933.625,13982840.750,3907.125
4,1007,9,0,6444,6444,0,14083083.500,14084622.375,1538.875
4,1008,9,1,6446,6447,1,14087250.062,14090035.000,2784.938
4,1009,9,2,6448,6449,1,14091415.500,14094424.438,3008.938
4,1010,9,3,6450,6451,1,14095581.500,14099694.500,4113.000
4,1012,9,5,6454,6454,0,14103916.438,14105013.688,1097.250
4,1013,15,0,6516,6516,0,14233059.938,14234754.562,1694.625
4,1014,15,1,6518,6519,1,14237226.125,14240375.375,3149.250
4,1015,15,2,6520,6521,1,14241391.500,14245025.500,3634.000
4,1017,15,4,6524,6524,0,14249723.562,14251214.688,1491.125
4,1018,15,5,6526,6526,0,14253889.500,14255163.812,1274.312
4,1019,0,0,6528,6529,1,14258055.500,14260867.938,2812.438
4,1020,0,1,6530,6531,1,14262221.625,14265481.812,3260.188
4,1021,0,2,6532,6533,1,14266387.562,14270523.312,4135.750
4,1023,0,4,6536,6536,0,14274719.500,14276259.250,1539.750
4,1024,0,5,6538,6538,0,14278885.500,14280845.875,1960.375
4,1025,3,0,6564,6564,0,14333043.562,14334603.375,1559.812
4,1026,3,1,6566,6566,0,14337221.062,14338860.562,1639.500
4,1027,3,2,6568,6568,0,14341375.500,14343293.125,1917.625
4,1028,3,3,6570,6571,1,14345541.500,14348510.062,2968.562
4,1029,3,4,6572,6573,1,14349707.500,14353543.812,3836.312
4,1031,4,0,6576,6576,0,14358039.562,14359980.250,1940.688
4,1032,4,1,6578,6579,1,14362205.562,14365385.125,3179.562
4,1033,4,2,6580,6581,1,14366371.625,14370030.750,3659.125
4,1035,4,4,6584,6584,0,14374703.500,14376210.938,1507.438
4,1036,4,5,6586,6586,0,14378880.062,14380207.438,1327.375
4,1037,9,0,6636,6636,0,14483019.500,14484688.688,1669.188
4,1038,9,1,6638,6639,1,14487191.625,14490288.250,3096.625
4,1039,9,2,6640,6641,1,14491351.500,14494929.375,3577.875
4,1041,9,4,6644,6644,0,14499686.562,14501297.875,1611.312
4,1042,9,5,6646,6647,1,14503849.500,14506384.938,2535.438
4,1043,15,0,6708,6708,0,14632995.625,14634678.562,1682.938
4,1044,15,1,6710,6710,0,14637161.562,14638740.812,1579.250
4,1045,15,2,6712,6712,0,14641327.938,14643380.312,2052.375
4,1046,15,3,6714,6715,1,14645496.500,14648615.500,3119.000
4,1047,15,4,6716,6717,1,14649659.500,14653655.250,3995.750
4,1049,0,0,6720,6720,0,14657991.500,14659870.125,1878.625
4,1050,0,1,6722,6723,1,14662167.000,14665281.250,3114.250
4,1051,0,2,6724,6725,1,14666324.188,14670109.562,3785.375
4,1053,0,4,6728,6728,0,14674655.500,14676265.500,1610.000
4,1054,0,5,6730,6730,0,14678823.812,14680256.000,1432.188
4,1055,3,0,6756,6756,0,14732979.562,14734612.438,1632.875
4,1056,3,1,6758,6759,1,14737145.562,14740215.000,3069.438
4,1057,3,2,6760,6761,1,14741311.500,14744859.125,3547.625
4,1059,3,4,6764,6764,0,14749643.500,14751025.812,1382.312
4,1060,3,5,6766,6767,1,14753810.250,14756136.750,2326.500
4,1061,4,0,6768,6769,1,14757975.500,14761143.250,3167.750
4,1062,4,1,6770,6771,1,14762153.500,14765144.250,2990.750
4,1063,4,2,6772,6773,1,14766307.562,14770429.438,4121.875
4,1065,4,4,6776,6776,0,14774639.562,14776220.000,1580.438
4,1066,4,5,6778,6779,1,14778809.875,14781722.062,2912.188
4,1067,9,0,6828,6828,0,14882955.562,14884511.625,1556.062
4,1068,9,1,6830,6830,0,14887132.812,14889161.000,2028.188
4,1069,9,2,6832,6832,0,14891287.500,14893207.625,1920.125
4,1070,9,3,6834,6835,1,14895454.875,14898610.250,3155.375
4,1071,9,4,6836,6837,1,14899619.500,14903452.312,3832.812
4,1072,9,5,6838,6840,2,14903787.812,14908944.875,5157.062
4,1073,15,0,6900,6900,0,15032931.500,15034524.125,1592.625
4,1074,15,1,6902,6903,1,15037097.688,15040144.938,3047.250
4,1075,15,2,6904,6905,1,15041263.500,15044807.312,3543.812
4,1077,15,4,6908,6908,0,15049595.500,15051206.062,1610.562
4,1078,15,5,6910,6911,1,15053761.625,15056323.000,2561.375
4,1079,0,0,6912,6913,1,15057927.500,15061296.000,3368.500
4,1080,0,1,6914,6915,1,15062096.125,15065327.750,3231.625
4,1081,0,2,6916,6917,1,15066259.562,15070332.500,4072.938
4,1083,0,4,6920,6920,0,15074591.500,15076092.938,1501.438
4,1084,0,5,6922,6922,0,15078757.562,15080679.562,1922.000
4,1085,3,0,6948,6948,0,15132915.562,15134527.875,1612.312
4,1086,3,1,6950,6950,0,15137093.625,15138973.438,1879.812
4,1087,3,2,6952,6953,1,15141247.562,15144415.812,3168.250
4,1088,3,3,6954,6955,1,15145423.812,15148465.438,3041.625
4,1089,3,4,6956,6957,1,15149579.500,15153310.500,3731.000
4,1091,4,0,6960,6960,0,15157911.500,15159917.000,2005.500
4,1092,4,1,6962,6963,1,15162077.562,15165145.438,3067.875
4,1093,4,2,6964,6965,1,15166243.562,15169791.062,3547.500
4,1095,4,4,6968,6968,0,15174575.562,15175960.750,1385.188
4,1096,4,5,6970,6971,1,15178741.500,15181085.438,2343.938
4,1097,9,0,7020,7020,0,15282891.500,15284553.500,1662.000
4,1098,9,1,7022,7023,1,15287057.562,15290153.062,3095.500
4,1099,9,2,7024,7025,1,15291223.500,15294516.875,3293.375
4,1101,9,4,7028,7028,0,15299555.500,15300942.625,1387.125
4,1102,9,5,7030,7031,1,15303721.625,15306050.562,2328.938
4,1103,15,0,7092,7092,0,15432867.500,15434499.188,1631.688
4,1104,15,1,7094,7095,1,15437033.938,15439172.812,2138.875
4,1105,15,2,7096,7097,1,15441199.562,15444380.500,3180.938
4,1106,15,3,7098,7099,1,15445369.312,15448436.125,3066.812
4,1107,15,4,7100,7101,1,15449531.500,15453475.875,3944.375
4,1109,0,0,7104,7104,0,15457863.500,15459690.750,1827.250
4,1110,0,1,7106,7107,1,15462029.500,15465101.875,3072.375
4,1111,0,2,7108,7109,1,15466195.500,15469741.500,3546.000
4,1113,0,4,7112,7112,0,15474527.562,15476073.875,1546.312
4,1114,0,5,7114,7115,1,15478694.688,15481194.312,2499.625
4,1115,3,0,7140,7140,0,15532851.500,15534571.812,1720.312
4,1116,3,1,7142,7143,1,15537023.875,15539987.438,2963.562
4,1117,3,2,7144,7145,1,15541183.500,15544650.688,3467.188
4,1119,3,4,7148,7148,0,15549515.562,15550796.500,1280.938
4,1120,3,5,7150,7151,1,15553682.438,15555803.000,2120.562
4,1121,4,0,7152,7153,1,15557847.500,15560913.938,3066.438
4,1122,4,1,7154,7155,1,15562013.688,15566126.125,4112.438
4,1124,4,3,7158,7158,0,15570348.625,15571915.062,1566.438
4,1125,4,4,7160,7160,0,15574511.500,15576355.812,1844.312
4,1126,4,5,7162,7163,1,15578679.500,15581468.250,2788.750
4,1127,9,0,7212,7212,0,15682827.562,15684431.938,1604.375
4,1128,9,1,7214,7214,0,15686993.500,15688862.250,1868.750
4,1129,9,2,7216,7217,1,15691159.500,15694264.875,3105.375
4,1130,9,3,7218,7219,1,15695329.625,15699096.312,3766.688
4,1131,9,4,7220,7221,1,15699491.688,15703330.000,3838.312
4,1132,9,5,7222,7224,2,15703661.250,15708834.812,5173.562
4,1133,15,0,7284,7284,0,15832803.500,15834440.750,1637.250
4,1134,15,1,7286,7287,1,15836969.750,15840049.312,3079.562
4,1135,15,2,7288,7289,1,15841135.500,15844523.000,3387.500
4,1137,15,4,7292,7292,0,15849467.562,15850902.625,1435.062
4,1138,15,5,7294,7295,1,15853634.125,15856031.812,2397.688
4,1139,0,0,7296,7297,1,15857799.500,15861011.688,3212.188
4,1140,0,1,7298,7299,1,15861968.625,15866029.188,4060.562
4,1142,0,3,7302,7302,0,15870297.562,15871800.250,1502.688
4,1143,0,4,7304,7304,0,15874463.500,15876027.688,1564.188
4,1144,0,5,7306,7307,1,15878629.812,15881523.750,2893.938
4,1145,3,0,7332,7332,0,15932787.562,15934368.500,1580.938
4,1146,3,1,7334,7335,1,15936953.500,15939971.062,3017.562
4,1147,3,2,7336,7337,1,15941119.625,15945034.062,3914.438
4,1149,3,4,7340,7340,0,15949451.500,15950981.062,1529.562
4,1150,3,5,7342,7343,1,15953623.875,15956280.688,2656.812
4,1151,4,0,7344,7345,1,15957783.500,15960869.250,3085.750
4,1152,4,1,7346,7347,1,15961949.562,15965314.438,3364.875
4,1154,4,3,7350,7350,0,15970281.562,15971707.938,1426.375
4,1155,4,4,7352,7353,1,15974447.500,15977303.750,2856.250
4,1156,4,5,7354,7356,2,15978613.500,15983434.875,4821.375
4,1157,9,0,7404,7404,0,16082763.500,16084356.250,1592.750
4,1158,9,1,7406,7406,0,16086930.125,16088409.500,1479.375
4,1159,9,2,7408,7409,1,16091095.500,16094002.562,2907.062
4,1160,9,3,7410,7411,1,16095261.500,16098418.125,3156.625
4,1162,9,5,7414,7414,0,16103593.562,16104372.250,778.688
4,1163,15,0,7476,7476,0,16232739.500,16234320.312,1580.812
4,1164,15,1,7478,7478,0,16236907.375,16238754.000,1846.625
4,1165,15,2,7480,7481,1,16241071.500,16244177.875,3106.375
4,1166,15,3,7482,7483,1,16245237.500,16249018.312,3780.812
4,1168,15,5,7486,7486,0,16253577.562,16254593.188,1015.625
4,1169,0,0,7488,7488,0,16257735.500,16259713.562,1978.062
4,1170,0,1,7490,7491,1,16261904.875,16264923.750,3018.875
4,1171,0,2,7492,7493,1,16266068.000,16269563.375,3495.375
4,1173,0,4,7496,7496,0,16274399.562,16275721.062,1321.500
4,1174,0,5,7498,7498,0,16278568.688,16280606.938,2038.250
4,1175,3,0,7524,7524,0,16332723.500,16334409.000,1685.500
4,1176,3,1,7526,7527,1,16336889.562,16339830.500,2940.938
4,1177,3,2,7528,7529,1,16341055.500,16344266.375,3210.875
4,1178,3,3,7530,7531,1,16345221.500,16349289.500,4068.000
4,1180,3,5,7534,7534,0,16353554.938,16354626.938,1072.000
4,1181,4,0,7536,7536,0,16357719.562,16359560.438,1840.875
4,1182,4,1,7538,7539,1,16361885.500,16364965.312,3079.812
4,1183,4,2,7540,7541,1,16366051.625,16369787.375,3735.750
4,1185,4,4,7544,7544,0,16374383.688,16375992.062,1608.375
4,1186,4,5,7546,7547,1,16378550.375,16381104.500,2554.125
4,1187,9,0,7596,7596,0,16482699.500,16484307.250,1607.750
4,1188,9,1,7598,7599,1,16486868.562,16489906.812,3038.250
4,1189,9,2,7600,7601,1,16491031.562,16494687.625,3656.062
4,1191,9,4,7604,7604,0,16499363.500,16500895.562,1532.062
4,1192,9,5,7606,7607,1,16503532.438,16506192.188,2659.750
4,1193,15,0,7668,7668,0,16632678.562,16634312.625,1634.062
4,1194,15,1,7670,7671,1,16636842.062,16639734.250,2892.188
4,1195,15,2,7672,7673,1,16641007.500,16643751.500,2744.000
4,1196,15,3,7674,7675,1,16645173.688,16648401.500,3227.812
4,1197,15,4,7676,7677,1,16649339.562,16653441.250,4101.688
4,1199,0,0,7680,7680,0,16657671.562,16659467.438,1795.875
4,1200,0,1,7682,7683,1,16661840.812,16664866.312,3025.500
4,1201,0,2,7684,7685,1,16666003.625,16669895.562,3891.938
4,1203,0,4,7688,7688,0,16674335.500,16675850.562,1515.062
4,1204,0,5,7690,7691,1,16678501.688,16681157.938,2656.250
4,1205,3,0,7716,7716,0,16732659.500,16734320.250,1660.750
4,1206,3,1,7718,7719,1,16736825.625,16739922.812,3097.188
4,1207,3,2,7720,7721,1,16740991.562,16744502.812,3511.250
4,1209,3,4,7724,7724,0,16749323.562,16750932.812,1609.250
4,1210,3,5,7726,7727,1,16753492.188,16756043.750,2551.562
4,1211,4,0,7728,7729,1,16757655.500,16761027.500,3372.000
4,1213,4,2,7732,7732,0,16765987.500,16767397.000,1409.500
4,1214,4,3,7734,7734,0,16770153.500,16771657.938,1504.438
4,1215,4,4,7736,7737,1,16774319.500,16777072.688,2753.188
4,1216,4,5,7738,7739,1,16778487.375,16782391.438,3904.062
4,1217,9,0,7788,7788,0,16882635.625,16884304.062,1668.438
4,1218,9,1,7790,7791,1,16886801.500,16889743.438,2941.938
4,1220,9,3,7794,7794,0,16895133.500,16895189.562,56.062
4,1221,9,4,7796,7795,-1,16899299.500,16899196.438,-103.062
4,1222,9,5,7798,7798,0,16903467.312,16904515.625,1048.312
4,1223,15,0,7860,7860,0,17032611.562,17034195.625,1584.062
4,1224,15,1,7862,7863,1,17036782.625,17039804.188,3021.562
4,1225,15,2,7864,7865,1,17040943.500,17044655.250,3711.750
4,1227,15,4,7868,7868,0,17049275.500,17050856.688,1581.188
4,1228,15,5,7870,7871,1,17053441.500,17056203.812,2762.312
4,1229,0,0,7872,7873,1,17057607.562,17061168.438,3560.875
4,1231,0,2,7876,7876,0,17065940.062,17067312.750,1372.688
4,1232,0,3,7878,7878,0,17070108.438,17071744.125,1635.688
4,1233,0,4,7880,7880,0,17074271.500,17076348.625,2077.125
4,1234,0,5,7882,7883,1,17078441.062,17081673.000,3231.938
4,1235,3,0,7908,7908,0,17132595.500,17134181.312,1585.812
4,1236,3,1,7910,7910,0,17136761.500,17138784.688,2023.188
4,1237,3,2,7912,7913,1,17140927.500,17143989.375,3061.875
4,1238,3,3,7914,7915,1,17145093.750,17149024.750,3931.000
4,1239,3,4,7916,7917,1,17149259.500,17153273.688,4014.188
4,1241,4,0,7920,7920,0,17157591.562,17159509.188,1917.625
4,1242,4,1,7922,7923,1,17161759.062,17164725.375,2966.312
4,1243,4,2,7924,7925,1,17165923.625,17169571.938,3648.312
4,1245,4,4,7928,7928,0,17174259.312,17175764.375,1505.062
4,1246,4,5,7930,7931,1,17178424.750,17181065.500,2640.750
4,1247,9,0,7980,7980,0,17282571.500,17284227.750,1656.250
4,1248,9,1,7982,7983,1,17286737.500,17289815.062,3077.562
4,1249,9,2,7984,7985,1,17290903.500,17294665.750,3762.250
4,1251,9,4,7988,7988,0,17299235.562,17300816.062,1580.500
4,1252,9,5,7990,7991,1,17303406.062,17305913.500,2507.438
4,1253,15,0,8052,8052,0,17432547.500,17434187.312,1639.812
4,1254,15,1,8054,8055,1,17436713.500,17439656.312,2942.812
4,1256,15,3,8058,8058,0,17445045.875,17445111.438,65.562
4,1257,15,4,8060,8060,0,17449211.500,17450688.938,1477.438
4,1258,15,5,8062,8062,0,17453377.500,17454501.250,1123.750
4,1259,0,0,8064,8064,0,17457543.500,17459391.125,1847.625
4,1260,0,1,8066,8067,1,17461713.688,17464802.250,3088.562
4,1261,0,2,8068,8069,1,17465875.562,17469630.562,3755.000
4,1263,0,4,8072,8072,0,17474207.500,17475774.250,1566.750
4,1264,0,5,8074,8075,1,17478373.500,17481081.625,2708.125
4,1265,3,0,8100,8100,0,17532531.688,17534120.875,1589.188
4,1266,3,1,8102,8102,0,17536702.062,17538365.812,1663.750
4,1267,3,2,8104,8105,1,17540863.562,17543972.375,3108.812
4,1268,3,3,8106,8107,1,17545038.750,17548340.812,3302.062
4,1270,3,5,8110,8110,0,17553361.812,17554352.812,991.000
4,1271,4,0,8112,8113,1,17557527.500,17560461.438,2933.938
4,1273,4,2,8116,8116,0,17565859.500,17565900.312,40.812
4,1274,4,3,8118,8118,0,17570026.125,17571479.438,1453.312
4,1275,4,4,8120,8120,0,17574191.500,17576114.438,1922.938
4,1276,4,5,8122,8122,0,17578360.938,17580291.000,1930.062
4,1277,9,0,8172,8172,0,17682507.562,17684065.500,1557.938
4,1278,9,1,8174,8175,1,17686673.500,17689513.250,2839.750
4,1279,9,2,8176,8177,1,17690839.500,17694931.875,4092.375
4,1281,9,4,8180,8180,0,17699171.500,17700683.062,1511.562
4,1282,9,5,8182,8182,0,17703341.375,17705033.500,1692.125
4,1283,15,0,8244,8244,0,17832483.562,17834140.812,1657.250
4,1284,15,1,8246,8246,0,17836649.500,17838400.375,1750.875
4,1285,15,2,8248,8249,1,17840815.750,17844004.312,3188.562
4,1286,15,3,8250,8251,1,17844981.562,17848442.875,3461.312
4,1288,15,5,8254,8254,0,17853316.438,17854413.250,1096.812
4,1289,0,0,8256,8257,1,17857479.500,17860293.812,2814.312
4,1290,0,1,8258,8259,1,17861645.500,17864907.688,3262.188
4,1291,0,2,8260,8261,1,17865811.500,17869885.062,4073.562
4,1293,0,4,8264,8264,0,17874143.500,17875645.500,1502.000
4,1294,0,5,8266,8266,0,17878313.938,17879435.062,1121.125
4,1295,3,0,8292,8292,0,17932467.500,17934075.750,1608.250
4,1296,3,1,8294,8294,0,17936633.500,17938715.875,2082.375
4,1297,3,2,8296,8297,1,17940799.500,17943932.812,3133.312
4,1298,3,3,8298,8299,1,17944965.500,17948968.188,4002.688
4,1300,3,5,8302,8302,0,17953299.438,17954494.312,1194.875
4,1301,4,0,8304,8304,0,17957463.500,17959415.562,1952.062
4,1302,4,1,8306,8307,1,17961639.188,17964656.562,3017.375
4,1303,4,2,8308,8309,1,17965795.500,17969314.438,3518.938
4,1305,4,4,8312,8312,0,17974127.562,17975683.312,1555.750
4,1306,4,5,8314,8315,1,17978293.562,17980797.500,2503.938
4,1307,9,0,8364,8364,0,18082443.625,18084102.688,1659.062
4,1308,9,1,8366,8367,1,18086612.188,18089702.250,3090.062
4,1309,9,2,8368,8369,1,18090775.562,18093700.000,2924.438
4,1310,9,3,8370,8371,1,18094941.500,18098328.750,3387.250
4,1312,9,5,8374,8374,0,18103275.250,18104244.375,969.125
4,1313,15,0,8436,8436,0,18232419.500,18234128.250,1708.750
4,1314,15,1,8438,8438,0,18236597.625,18238521.562,1923.938
4,1315,15,2,8440,8441,1,18240751.500,18243756.750,3005.250
4,1316,15,3,8442,8443,1,18244918.688,18248798.125,3879.438
4,1318,15,5,8446,8446,0,18253249.500,18254348.500,1099.000
4,1319,0,0,8448,8448,0,18257415.500,18259279.875,1864.375
4,1320,0,1,8450,8450,0,18261590.250,18263132.438,1542.188
4,1321,0,2,8452,8453,1,18265747.500,18268734.500,2987.000
4,1322,0,3,8454,8455,1,18269913.562,18273375.750,3462.188
4,1324,0,5,8458,8458,0,18278250.875,18279288.375,1037.500
4,1325,3,0,8484,8484,0,18332403.562,18334040.500,1636.938
4,1326,3,1,8486,8487,1,18336570.062,18339630.812,3060.750
4,1327,3,2,8488,8489,1,18340735.500,18344098.500,3363.000
4,1328,3,3,8490,8491,1,18344901.500,18348336.812,3435.312
4,1330,3,5,8494,8494,0,18353233.500,18354071.500,838.000
4,1331,4,0,8496,8497,1,18357400.062,18360183.750,2783.688
4,1332,4,1,8498,8499,1,18361565.562,18365582.875,4017.312
4,1334,4,3,8502,8502,0,18369900.438,18371378.188,1477.750
4,1335,4,4,8504,8504,0,18374063.562,18375812.250,1748.688
4,1336,4,5,8506,8507,1,18378229.500,18381154.875,2925.375
4,1337,9,0,8556,8556,0,18482379.500,18483939.312,1559.812
4,1338,9,1,8558,8558,0,18486556.688,18488588.688,2032.000
4,1339,9,2,8560,8561,1,18490711.500,18493802.625,3091.125
4,1340,9,3,8562,8563,1,18494881.250,18498835.000,3953.750
4,1342,9,5,8566,8566,0,18503209.500,18504355.125,1145.625
4,1343,15,0,8628,8628,0,18632355.500,18634069.875,1714.375
4,1344,15,1,8630,8631,1,18636521.500,18639678.438,3156.938
4,1345,15,2,8632,8633,1,18640687.562,18644121.750,3434.188
4,1346,15,3,8634,8635,1,18644863.312,18648140.625,3277.312
4,1348,15,5,8638,8638,0,18653186.250,18654149.500,963.250
4,1349,0,0,8640,8640,0,18657351.562,18659407.500,2055.938
4,1350,0,1,8642,8643,1,18661517.562,18664617.688,3100.125
4,1351,0,2,8644,8645,1,18665683.500,18669607.312,3923.812
4,1353,0,4,8648,8648,0,18674015.500,18675601.938,1586.438
4,1354,0,5,8650,8651,1,18678181.500,18681134.750,2953.250
4,1355,3,0,8676,8676,0,18732339.500,18734053.688,1714.188
4,1356,3,1,8678,8679,1,18736505.688,18739656.250,3150.562
4,1357,3,2,8680,8681,1,18740671.500,18744489.062,3817.562
4,1359,3,4,8684,8684,0,18749003.500,18750666.250,1662.750
4,1360,3,5,8686,8687,1,18753169.562,18755777.188,2607.625
4,1361,4,0,8688,8689,1,18757335.500,18760974.125,3638.625
4,1363,4,2,8692,8692,0,18765670.625,18767130.438,1459.812
4,1364,4,3,8694,8695,1,18769834.750,18772750.750,2916.000
4,1365,4,4,8696,8697,1,18773999.500,18776800.250,2800.750
4,1366,4,5,8698,8699,1,18778165.562,18781339.750,3174.188
4,1367,9,0,8748,8748,0,18882315.500,18883979.938,1664.438
4,1368,9,1,8750,8751,1,18886489.750,18889639.125,3149.375
4,1370,9,3,8754,8754,0,18894813.500,18896212.312,1398.812
4,1371,9,4,8756,8757,1,18898979.500,18901803.625,2824.125
4,1372,9,5,8758,8758,0,18903145.562,18905222.688,2077.125
4,1373,15,0,8820,8820,0,19032291.562,19033881.312,1589.750
4,1374,15,1,8822,8822,0,19036457.500,19038262.375,1804.875
4,1375,15,2,8824,8825,1,19040623.500,19043762.625,3139.125
4,1376,15,3,8826,8827,1,19044795.250,19048615.312,3820.062
4,1378,15,5,8830,8830,0,19053121.562,19054165.688,1044.125
4,1379,0,0,8832,8832,0,19057287.500,19059285.750,1998.250
4,1380,0,1,8834,8835,1,19061453.562,19064495.938,3042.375
4,1381,0,2,8836,8837,1,19065619.562,19069123.312,3503.750
4,1382,0,3,8838,8839,1,19069786.688,19073119.438,3332.750
4,1384,0,5,8842,8842,0,19078117.562,19079082.812,965.250
4,1385,3,0,8868,8868,0,19132275.500,19133963.562,1688.062
4,1386,3,1,8870,8871,1,19136441.500,19139366.938,2925.438
4,1387,3,2,8872,8873,1,19140607.500,19143771.625,3164.125
4,1389,3,4,8876,8876,0,19148939.688,19150188.250,1248.562
4,1390,3,5,8878,8878,0,19153106.625,19155167.250,2060.625
4,1391,4,0,8880,8880,0,19157272.188,19159315.938,2043.750
4,1392,4,1,8882,8883,1,19161439.375,19164519.875,3080.500
4,1393,4,2,8884,8885,1,19165603.500,19169567.375,3963.875
4,1395,4,4,8888,8888,0,19173935.688,19175546.625,1610.938
4,1396,4,5,8890,8891,1,19178101.562,19180860.000,2758.438
4,1397,9,0,8940,8940,0,19282251.625,19283829.562,1577.938
4,1398,9,1,8942,8942,0,19286417.625,19288247.938,1830.312
4,1399,9,2,8944,8945,1,19290583.500,19293650.562,3067.062
4,1400,9,3,8946,8947,1,19294750.312,19298494.250,3743.938
4,1402,9,5,8950,8950,0,19303081.562,19304203.062,1121.500
4,1403,15,0,9012,9012,0,19432227.500,19433913.188,1685.688
4,1404,15,1,9014,9015,1,19436396.250,19439334.812,2938.562
4,1405,15,2,9016,9017,1,19440559.500,19443983.188,3423.688
4,1407,15,4,9020,9020,0,19448891.500,19450186.375,1294.875
4,1408,15,5,9022,9023,1,19453057.562,19455198.875,2141.312
4,1409,0,0,9024,9024,0,19457223.500,19459305.688,2082.188
4,1410,0,1,9026,9027,1,19461394.875,19464515.875,3121.000
4,1411,0,2,9028,9029,1,19465555.500,19469545.125,3989.625
4,1413,0,4,9032,9032,0,19473887.938,19475500.125,1612.188
4,1414,0,5,9034,9035,1,19478053.562,19480795.250,2741.688
4,1415,3,0,9060,9060,0,19532211.562,19533840.938,1629.375
4,1416,3,1,9062,9063,1,19536388.562,19539455.750,3067.188
4,1417,3,2,9064,9065,1,19540543.500,19543704.688,3161.188
4,1418,3,3,9066,9067,1,19544711.625,19548350.438,3638.812
4,1420,3,5,9070,9070,0,19553042.500,19554065.250,1022.750
4,1421,4,0,9072,9072,0,19557207.500,19559187.438,1979.938
4,1422,4,1,9074,9075,1,19561373.500,19564140.312,2766.812
4,1423,4,2,9076,9077,1,19565539.500,19568784.188,3244.688
4,1424,4,3,9078,9079,1,19569705.562,19573821.062,4115.500
4,1426,4,5,9082,9082,0,19578038.375,19579161.500,1123.125
4,1427,9,0,9132,9132,0,19682187.500,19683855.875,1668.375
4,1428,9,1,9134,9135,1,19686353.688,19689268.500,2914.812
4,1429,9,2,9136,9137,1,19690520.125,19693657.938,3137.812
4,1431,9,4,9140,9140,0,19698851.500,19700068.562,1217.062
4,1432,9,5,9142,9142,0,19703020.625,19705044.562,2023.938
4,1433,15,0,9204,9204,0,19832163.562,19833825.500,1661.938
4,1434,15,1,9206,9207,1,19836331.750,19839434.062,3102.312
4,1435,15,2,9208,9209,1,19840495.562,19843512.562,3017.000
4,1436,15,3,9210,9211,1,19844661.500,19848353.000,3691.500
4,1438,15,5,9214,9214,0,19852993.562,19854092.062,1098.500
4,1439,0,0,9216,9216,0,19857159.500,19859011.188,1851.688
4,1440,0,1,9218,9219,1,19861327.188,19864428.188,3101.000
4,1442,0,3,9222,9222,0,19869659.188,19870986.125,1326.938
4,1443,0,4,9224,9225,1,19873823.562,19876575.938,2752.375
4,1444,0,5,9226,9227,1,19877990.500,19881097.188,3106.688
4,1445,3,0,9252,9252,0,19932147.688,19933760.438,1612.750
4,1446,3,1,9254,9255,1,19936313.938,19939181.938,2868.000
4,1447,3,2,9256,9257,1,19940479.688,19944603.562,4123.875
4,1449,3,4,9260,9260,0,19948811.500,19950373.000,1561.500
4,1450,3,5,9262,9262,0,19952977.500,19954775.438,1797.938
4,1451,4,0,9264,9265,1,19957143.500,19960090.312,2946.812
4,1452,4,1,9266,9267,1,19961309.500,19965113.812,3804.312
4,1453,4,2,9268,9269,1,19965475.625,19969138.812,3663.188
4,1455,4,4,9272,9272,0,19973807.562,19975343.500,1535.938
4,1456,4,5,9274,9275,1,19977973.500,19980656.875,2683.375
5,3,0,4,8,8,0,676906.125,678150.000,1243.875
5,4,0,5,10,13,3,681061.500,689392.812,8331.312
5,5,3,0,36,37,1,735229.625,738748.938,3519.312
5,10,3,5,46,46,0,756049.500,756342.500,293.000
5,12,4,1,50,50,0,764381.500,765712.812,1331.312
5,13,4,2,52,52,0,768547.500,770131.812,1584.312
5,14,4,3,54,55,1,772719.875,775791.250,3071.375
5,15,4,4,56,57,1,776879.500,780474.875,3595.375
5,16,4,5,58,60,2,781045.500,786234.375,5188.875
5,17,9,0,108,108,0,885195.562,886803.438,1607.875
5,18,9,1,110,111,1,889372.688,892441.000,3068.312
5,19,9,2,112,113,1,893527.500,897310.250,3782.750
5,21,9,4,116,116,0,901871.188,903508.312,1637.125
5,22,9,5,118,119,1,906025.562,908657.625,2632.062
5,23,15,0,180,180,0,1035171.500,1036889.688,1718.188
5,24,15,1,182,183,1,1039348.062,1042159.500,2811.438
5,25,15,2,184,185,1,1043503.500,1046857.000,3353.500
5,27,15,4,188,188,0,1051835.562,1053088.188,1252.625
5,28,15,5,190,191,1,1056002.688,1058142.062,2139.375
5,29,0,0,192,193,1,1060167.562,1063251.000,3083.438
5,30,0,1,194,195,1,1064333.750,1068309.062,3975.312
5,32,0,3,198,198,0,1072672.500,1074312.688,1640.188
5,33,0,4,200,201,1,1076843.125,1079966.125,3123.000
5,34,0,5,202,203,1,1080998.312,1084721.438,3723.125
5,35,3,0,228,228,0,1135155.562,1136892.750,1737.188
5,36,3,1,230,231,1,1139323.188,1142508.812,3185.625
5,37,3,2,232,233,1,1143487.562,1147203.188,3715.625
5,39,3,4,236,236,0,1151831.125,1153419.812,1588.688
5,40,3,5,238,239,1,1155991.125,1158572.125,2581.000
5,41,4,0,240,241,1,1160151.500,1163301.312,3149.812
5,43,4,2,244,244,0,1168483.562,1169814.938,1331.375
5,44,4,3,246,246,0,1172650.125,1174673.250,2023.125
5,45,4,4,248,249,1,1176815.562,1179916.312,3100.750
5,46,4,5,250,251,1,1180981.500,1185069.500,4088.000
5,47,9,0,300,300,0,1285131.562,1286792.875,1661.312
5,48,9,1,302,303,1,1289297.500,1291469.875,2172.375
5,49,9,2,304,305,1,1293464.312,1296680.938,3216.625
5,50,9,3,306,307,1,1297629.625,1301741.312,4111.688
5,52,9,5,310,310,0,1305961.500,1307085.125,1123.625
5,53,15,0,372,372,0,1435107.500,1436765.875,1658.375
5,54,15,1,374,375,1,1439273.500,1442400.188,3126.688
5,55,15,2,376,377,1,1443439.500,1447051.562,3612.062
5,57,15,4,380,380,0,1451782.812,1453316.938,1534.125
5,58,15,5,382,383,1,1455937.562,1458490.375,2552.812
5,59,0,0,384,385,1,1460103.500,1463507.125,3403.625
5,61,0,2,388,388,0,1468435.625,1469869.250,1433.625
5,62,0,3,390,391,1,1472603.312,1474749.062,2145.750
5,63,0,4,392,393,1,1476767.500,1479958.625,3191.125
5,64,0,5,394,396,2,1480935.688,1485133.312,4197.625
5,65,3,0,420,420,0,1535091.500,1536754.062,1662.562
5,66,3,1,422,422,0,1539266.812,1540831.562,1564.750
5,67,3,2,424,424,0,1543423.500,1545503.062,2079.562
5,68,3,3,426,427,1,1547589.500,1550744.625,3155.125
5,69,3,4,428,429,1,1551755.500,1555592.062,3836.562
5,71,4,0,432,432,0,1560088.000,1562059.875,1971.875
5,72,4,1,434,435,1,1564256.250,1567300.688,3044.438
5,73,4,2,436,437,1,1568431.625,1571947.562,3515.938
5,75,4,4,440,440,0,1576751.562,1578393.438,1641.875
5,76,4,5,442,442,0,1580927.062,1582435.438,1508.375
5,77,9,0,492,492,0,1685067.500,1686705.625,1638.125
5,78,9,1,494,495,1,1689234.062,1692330.938,3096.875
5,79,9,2,496,497,1,1693399.562,1697010.062,3610.500
5,81,9,4,500,500,0,1701734.562,1703211.000,1476.438
5,82,9,5,502,503,1,1705897.500,1708348.375,2450.875
5,83,15,0,564,564,0,1835043.500,1836730.625,1687.125
5,84,15,1,566,567,1,1839209.500,1841975.938,2766.438
5,85,15,2,568,569,1,1843375.562,1846459.125,3083.562
5,86,15,3,570,571,1,1847542.938,1851438.000,3895.062
5,88,15,5,574,574,0,1855881.000,1856927.062,1046.062
5,89,0,0,576,576,0,1860039.500,1861886.438,1846.938
5,90,0,1,578,579,1,1864205.562,1867335.562,3130.000
5,91,0,2,580,581,1,1868372.188,1872203.000,3830.812
5,93,0,4,584,584,0,1876703.500,1878385.812,1682.312
5,94,0,5,586,586,0,1880880.062,1882413.188,1533.125
5,95,3,0,612,612,0,1935027.500,1936611.625,1584.125
5,96,3,1,614,615,1,1939193.562,1942239.938,3046.375
5,97,3,2,616,617,1,1943359.500,1946909.812,3550.312
5,99,3,4,620,620,0,1951691.562,1953104.500,1412.938
5,100,3,5,622,623,1,1955857.500,1958256.812,2399.312
5,101,4,0,624,625,1,1960023.688,1963275.688,3252.000
5,102,4,1,626,627,1,1964201.625,1967348.062,3146.438
5,103,4,2,628,629,1,1968355.500,1972435.812,4080.312
5,105,4,4,632,632,0,1976687.500,1978251.000,1563.500
5,106,4,5,634,635,1,1980864.875,1983619.125,2754.250
5,107,9,0,684,684,0,2085003.500,2086721.375,1717.875
5,108,9,1,686,686,0,2089169.500,2091193.312,2023.812
5,109,9,2,688,688,0,2093335.562,2095147.312,1811.750
5,110,9,3,690,691,1,2097502.812,2100678.438,3175.625
5,111,9,4,692,693,1,2101667.562,2105559.625,3892.062
5,112,9,5,694,696,2,2105842.562,2111095.812,5253.250
5,113,15,0,756,756,0,2234979.562,2236588.562,1609.000
5,114,15,1,758,759,1,2239145.562,2242222.875,3077.312
5,115,15,2,760,761,1,2243311.625,2246923.250,3611.625
5,117,15,4,764,764,0,2251643.500,2253151.562,1508.062
5,118,15,5,766,767,1,2255809.500,2258312.750,2503.250
5,119,0,0,768,769,1,2259975.500,2263317.562,3342.062
5,121,0,2,772,772,0,2268307.500,2268390.562,83.062
5,122,0,3,774,774,0,2272477.062,2273956.688,1479.625
5,123,0,4,776,776,0,2276639.500,2278611.438,1971.938
5,124,0,5,778,779,1,2280805.500,2283747.000,2941.500
5,125,3,0,804,804,0,2334963.562,2336573.062,1609.500
5,126,3,1,806,806,0,2339129.500,2341048.000,1918.500
5,127,3,2,808,809,1,2343295.500,2346479.375,3183.875
5,128,3,3,810,811,1,2347461.500,2350539.125,3077.625
5,129,3,4,812,813,1,2351627.500,2355423.312,3795.812
5,131,4,0,816,816,0,2359959.500,2361878.875,1919.375
5,132,4,1,818,819,1,2364125.562,2367339.875,3214.312
5,134,4,3,822,822,0,2372461.875,2373949.438,1487.562
5,135,4,4,824,825,1,2376623.562,2379397.438,2773.875
5,136,4,5,826,827,1,2380789.562,2383966.062,3176.500
5,137,9,0,876,876,0,2484939.500,2486596.750,1657.250
5,138,9,1,878,879,1,2489105.625,2492209.812,3104.188
5,139,9,2,880,881,1,2493271.562,2496686.875,3415.312
5,141,9,4,884,884,0,2501603.500,2503065.375,1461.875
5,142,9,5,886,887,1,2505769.500,2508202.438,2432.938
5,143,15,0,948,948,0,2634915.500,2636570.812,1655.312
5,144,15,1,950,950,0,2639081.625,2641002.750,1921.125
5,145,15,2,952,953,1,2643247.625,2646250.312,3002.688
5,146,15,3,954,955,1,2647413.500,2650530.375,3116.875
5,147,15,4,956,957,1,2651579.562,2655420.562,3841.000
5,149,0,0,960,960,0,2659911.500,2661867.750,1956.250
5,150,0,1,962,963,1,2664077.500,2667102.562,3025.062
5,151,0,2,964,965,1,2668243.500,2671767.938,3524.438
5,153,0,4,968,968,0,2676578.438,2677938.500,1360.062
5,154,0,5,970,971,1,2680742.688,2683086.312,2343.625
5,155,3,0,996,996,0,2734899.500,2736640.562,1741.062
5,156,3,1,998,999,1,2739071.062,2742066.812,2995.750
5,157,3,2,1000,1001,1,2743231.562,2746559.125,3327.562
5,158,3,3,1002,1003,1,2747406.562,2751532.000,4125.438
5,160,3,5,1006,1006,0,2755729.500,2756692.000,962.500
5,161,4,0,1008,1008,0,2759895.562,2761843.312,1947.750
5,162,4,1,1010,1011,1,2764061.500,2767084.125,3022.625
5,163,4,2,1012,1013,1,2768227.562,2772159.625,3932.062
5,164,4,3,1014,1015,1,2772393.500,2776233.125,3839.625
5,166,4,5,1018,1018,0,2780726.625,2781800.250,1073.625
5,167,9,0,1068,1068,0,2884875.688,2886538.625,1662.938
5,168,9,1,1070,1071,1,2889041.562,2892163.938,3122.375
5,169,9,2,1072,1073,1,2893207.812,2897020.625,3812.812
5,171,9,4,1076,1076,0,2901539.500,2903016.938,1477.438
5,172,9,5,1078,1079,1,2905716.250,2908368.312,2652.062
5,173,15,0,1140,1140,0,3034851.562,3036595.062,1743.500
5,174,15,1,1142,1143,1,3039017.500,3042039.562,3022.062
5,175,15,2,1144,1145,1,3043183.562,3046727.688,3544.125
5,177,15,4,1148,1148,0,3051515.562,3052946.625,1431.062
5,178,15,5,1150,1151,1,3055691.875,3058117.188,2425.312
5,179,0,0,1152,1153,1,3059847.500,3062919.625,3072.125
5,181,0,2,1156,1156,0,3068190.875,3068231.438,40.562
5,182,0,3,1158,1158,0,3072345.562,3073822.375,1476.812
5,183,0,4,1160,1160,0,3076511.562,3078464.875,1953.312
5,184,0,5,1162,1163,1,3080677.812,3083307.875,2630.062
5,185,3,0,1188,1188,0,3134835.750,3136420.812,1585.062
5,186,3,1,1190,1191,1,3139001.500,3142061.375,3059.875
5,187,3,2,1192,1193,1,3143171.125,3146933.312,3762.188
5,189,3,4,1196,1196,0,3151499.500,3153137.375,1637.875
5,190,3,5,1198,1199,1,3155666.188,3158277.438,2611.250
5,191,4,0,1200,1201,1,3159843.188,3162914.000,3070.812
5,192,4,1,1202,1203,1,3163997.625,3167383.812,3386.188
5,194,4,3,1206,1206,0,3172329.500,3173791.312,1461.812
5,195,4,4,1208,1209,1,3176507.750,3179251.562,2743.812
5,196,4,5,1210,1211,1,3180661.812,3183820.188,3158.375
5,197,9,0,1260,1260,0,3284811.562,3286450.562,1639.000
5,198,9,1,1262,1262,0,3288977.500,3290512.812,1535.312
5,199,9,2,1264,1265,1,3293143.500,3296164.250,3020.750
5,201,9,4,1268,1268,0,3301475.562,3302754.188,1278.625
5,202,9,5,1270,1271,1,3305641.500,3307786.812,2145.312
5,203,15,0,1332,1332,0,3434787.500,3436422.938,1635.438
5,204,15,1,1334,1335,1,3438953.500,3442057.250,3103.750
5,205,15,2,1336,1337,1,3443119.688,3446935.188,3815.500
5,207,15,4,1340,1340,0,3451452.250,3452985.938,1533.688
5,208,15,5,1342,1342,0,3455617.500,3457225.875,1608.375
5,209,0,0,1344,1345,1,3459783.500,3462741.938,2958.438
5,210,0,1,1346,1347,1,3463949.938,3467395.562,3445.625
5,212,0,3,1350,1350,0,3472281.562,3473604.125,1322.562
5,213,0,4,1352,1353,1,3476448.000,3479220.812,2772.812
5,214,0,5,1354,1355,1,3480615.812,3483771.188,3155.375
5,215,3,0,1380,1380,0,3534771.500,3536381.312,1609.812
5,216,3,1,1382,1383,1,3538937.562,3541810.438,2872.875
5,217,3,2,1384,1385,1,3543103.500,3545893.062,2789.562
5,218,3,3,1386,1387,1,3547279.938,3550371.875,3091.938
5,220,3,5,1390,1390,0,3555603.250,3555663.188,59.938
5,221,4,0,1392,1392,0,3559767.500,3561687.125,1919.625
5,222,4,1,1394,1395,1,3563935.188,3567130.000,3194.812
5,223,4,2,1396,1397,1,3568111.688,3572015.688,3904.000
5,225,4,4,1400,1400,0,3576431.562,3578020.688,1589.125
5,226,4,5,1402,1403,1,3580606.188,3583186.750,2580.562
5,227,9,0,1452,1452,0,3684747.562,3686409.188,1661.625
5,228,9,1,1454,1455,1,3688913.500,3692008.750,3095.250
5,229,9,2,1456,1457,1,3693079.500,3696838.562,3759.062
5,231,9,4,1460,1460,0,3701411.688,3702997.500,1585.812
5,232,9,5,1462,1463,1,3705580.062,3708294.125,2714.062
5,233,15,0,1524,1524,0,3834726.625,3836394.875,1668.250
5,234,15,1,1526,1527,1,3838889.875,3841829.062,2939.188
5,235,15,2,1528,1529,1,3843055.562,3846498.312,3442.750
5,237,15,4,1532,1532,0,3851387.562,3852668.375,1280.812
5,238,15,5,1534,1535,1,3855554.875,3857693.125,2138.250
5,239,0,0,1536,1537,1,3859719.500,3862789.688,3070.188
5,240,0,1,1538,1539,1,3863885.562,3867730.812,3845.250
5,242,0,3,1542,1542,0,3872217.500,3873772.812,1555.312
5,243,0,4,1544,1545,1,3876383.562,3879563.562,3180.000
5,244,0,5,1546,1547,1,3880549.562,3884275.562,3726.000
5,245,3,0,1572,1572,0,3934707.500,3936291.000,1583.500
5,246,3,1,1574,1575,1,3938876.375,3941893.562,3017.188
5,247,3,2,1576,1577,1,3943039.562,3946726.375,3686.812
5,249,3,4,1580,1580,0,3951371.500,3952903.562,1532.062
5,250,3,5,1582,1583,1,3955543.750,3958203.188,2659.438
5,251,4,0,1584,1585,1,3959703.562,3963199.188,3495.625
5,253,4,2,1588,1588,0,3968035.500,3969368.062,1332.562
5,254,4,3,1590,1591,1,3972201.562,3974988.375,2786.812
5,255,4,4,1592,1593,1,3976367.500,3979425.438,3057.938
5,256,4,5,1594,1595,1,3980534.562,3984545.000,4010.438
5,257,9,0,1644,1644,0,4084683.500,4086347.875,1664.375
5,258,9,1,1646,1647,1,4088849.688,4091766.375,2916.688
5,260,9,3,1650,1650,0,4097181.500,4097212.812,31.312
5,261,9,4,1652,1652,0,4101348.250,4102747.812,1399.562
5,262,9,5,1654,1654,0,4105516.438,4107335.938,1819.500
5,263,15,0,1716,1716,0,4234659.500,4236270.188,1610.688
5,264,15,1,1718,1719,1,4238835.938,4241903.250,3067.312
5,265,15,2,1720,1721,1,4242991.562,4246754.312,3762.750
5,267,15,4,1724,1724,0,4251323.562,4252955.750,1632.188
5,268,15,5,1726,1727,1,4255492.375,4258072.688,2580.312
5,269,0,0,1728,1729,1,4259655.688,4262951.562,3295.875
5,271,0,2,1732,1732,0,4267987.562,4269412.125,1424.562
5,272,0,3,1734,1735,1,4272153.812,4275014.188,2860.375
5,273,0,4,1736,1737,1,4276319.500,4279402.125,3082.625
5,274,0,5,1738,1739,1,4280489.938,4284449.688,3959.750
5,275,3,0,1764,1764,0,4334643.500,4336303.000,1659.500
5,276,3,1,1766,1767,1,4338809.562,4340958.375,2148.812
5,277,3,2,1768,1769,1,4342975.562,4346160.062,3184.500
5,278,3,3,1770,1771,1,4347141.500,4351195.438,4053.938
5,279,3,4,1772,1773,1,4351312.125,4355267.938,3955.812
5,281,4,0,1776,1776,0,4359639.500,4361478.938,1839.438
5,282,4,1,1778,1779,1,4363805.688,4366883.812,3078.125
5,283,4,2,1780,1781,1,4367971.500,4371730.375,3758.875
5,285,4,4,1784,1784,0,4376303.500,4377910.562,1607.062
5,286,4,5,1786,1787,1,4380469.500,4383012.500,2543.000
5,287,9,0,1836,1836,0,4484619.500,4486225.750,1606.250
5,288,9,1,1838,1839,1,4488786.438,4491813.062,3026.625
5,289,9,2,1840,1841,1,4492951.625,4496655.125,3703.500
5,291,9,4,1844,1844,0,4501283.562,4502814.062,1530.500
5,292,9,5,1846,1847,1,4505454.188,4508131.562,2677.375
5,293,15,0,1908,1908,0,4634595.562,4636185.312,1589.750
5,294,15,1,1910,1911,1,4638762.938,4641606.938,2844.000
5,295,15,2,1912,1913,1,4642927.562,4646066.625,3139.062
5,297,15,4,1916,1916,0,4651259.500,4651324.188,64.688
5,298,15,5,1918,1917,-1,4655429.938,4655362.938,-67.000
5,299,0,0,1920,1920,0,4659591.562,4661590.062,1998.500
5,300,0,1,1922,1923,1,4663761.688,4666800.250,3038.562
5,301,0,2,1924,1925,1,4667923.500,4671838.125,3914.625
5,303,0,4,1928,1928,0,4676255.500,4677772.250,1516.750
5,304,0,5,1930,1931,1,4680421.500,4683079.625,2658.125
5,305,3,0,1956,1956,0,4734579.500,4736319.812,1740.312
5,306,3,1,1958,1958,0,4738749.688,4740363.812,1614.125
5,307,3,2,1960,1961,1,4742911.500,4745970.375,3058.875
5,308,3,3,1962,1963,1,4747085.938,4750616.125,3530.188
5,310,3,5,1966,1966,0,4755409.938,4756350.812,940.875
5,311,4,0,1968,1968,0,4759575.500,4761633.562,2058.062
5,312,4,1,1970,1971,1,4763741.625,4766876.125,3134.500
5,313,4,2,1972,1973,1,4767907.500,4771923.625,4016.125
5,315,4,4,1976,1976,0,4776239.562,4777696.062,1456.500
5,316,4,5,1978,1978,0,4780409.500,4781503.875,1094.375
5,317,9,0,2028,2028,0,4884555.500,4886218.000,1662.500
5,318,9,1,2030,2031,1,4888721.625,4890870.375,2148.750
5,319,9,2,2032,2033,1,4892887.562,4896081.312,3193.750
5,320,9,3,2034,2035,1,4897053.562,4901089.188,4035.625
5,322,9,5,2038,2038,0,4905388.000,4906609.312,1221.312
5,323,15,0,2100,2100,0,5034531.500,5036193.750,1662.250
5,324,15,1,2102,2103,1,5038707.875,5041826.812,3118.938
5,325,15,2,2104,2105,1,5042863.938,5046489.188,3625.250
5,327,15,4,2108,2108,0,5051195.500,5052631.125,1435.625
5,328,15,5,2110,2111,1,5055365.312,5058017.125,2651.812
5,329,0,0,2112,2113,1,5059527.500,5062998.750,3471.250
5,331,0,2,2116,2116,0,5067859.500,5069134.438,1274.938
5,332,0,3,2118,2119,1,5072031.125,5074189.438,2158.312
5,333,0,4,2120,2121,1,5076191.562,5079374.688,3183.125
5,334,0,5,2122,2123,1,5080362.875,5084488.250,4125.375
5,335,3,0,2148,2148,0,5134515.562,5136105.188,1589.625
5,336,3,1,2150,2150,0,5138682.812,5140757.562,2074.750
5,337,3,2,2152,2153,1,5142847.500,5145962.250,3114.750
5,338,3,3,2154,2155,1,5147013.500,5150997.625,3984.125
5,340,3,5,2158,2158,0,5155350.062,5156523.750,1173.688
5,341,4,0,2160,2160,0,5159511.500,5161457.250,1945.750
5,342,4,1,2162,2162,0,5163687.062,5165328.062,1641.000
5,343,4,2,2164,2165,1,5167843.500,5170948.375,3104.875
5,344,4,3,2166,2167,1,5172012.250,5175595.625,3583.375
5,346,4,5,2170,2170,0,5180341.500,5181333.312,991.812
5,347,9,0,2220,2220,0,5284491.500,5286131.000,1639.500
5,348,9,1,2222,2223,1,5288669.188,5291755.062,3085.875
5,349,9,2,2224,2225,1,5292823.500,5295725.438,2901.938
5,350,9,3,2226,2227,1,5296989.562,5300354.188,3364.625
5,352,9,5,2230,2230,0,5305321.562,5306282.062,960.500
5,353,15,0,2292,2292,0,5434467.562,5436054.562,1587.000
5,354,15,1,2294,2295,1,5438645.625,5440752.688,2107.062
5,355,15,2,2296,2297,1,5442799.500,5445960.375,3160.875
5,356,15,3,2298,2299,1,5446965.500,5451001.750,4036.250
5,358,15,5,2302,2302,0,5455297.500,5456363.438,1065.938
5,359,0,0,2304,2304,0,5459463.500,5461483.500,2020.000
5,360,0,1,2306,2306,0,5463629.688,5465323.812,1694.125
5,361,0,2,2308,2309,1,5467795.562,5470925.875,3130.312
5,362,0,3,2310,2311,1,5471963.062,5475554.875,3591.812
5,364,0,5,2314,2314,0,5480298.438,5481476.125,1177.688
5,365,3,0,2340,2340,0,5534451.500,5536188.125,1736.625
5,366,3,1,2342,2343,1,5538617.562,5541567.000,2949.438
5,367,3,2,2344,2345,1,5542783.625,5546209.375,3425.750
5,368,3,3,2346,2347,1,5546949.500,5550259.000,3309.500
5,370,3,5,2350,2350,0,5555281.500,5556194.625,913.125
5,371,4,0,2352,2352,0,5559447.688,5561503.750,2056.062
5,372,4,1,2354,2355,1,5563613.500,5566719.938,3106.438
5,373,4,2,2356,2357,1,5567780.188,5571767.438,3987.250
5,375,4,4,2360,2360,0,5576111.812,5577746.688,1634.875
5,376,4,5,2362,2363,1,5580277.625,5583047.812,2770.188
5,377,9,0,2412,2412,0,5684427.500,5686124.062,1696.562
5,378,9,1,2414,2415,1,5688593.625,5691522.688,2929.062
5,379,9,2,2416,2417,1,5692759.500,5696565.688,3806.188
5,381,9,4,2420,2420,0,5701091.812,5702523.688,1431.875
5,382,9,5,2422,2423,1,5705257.500,5707820.312,2562.812
5,383,15,0,2484,2484,0,5834403.500,5836147.688,1744.188
5,384,15,1,2486,2487,1,5838570.000,5841774.375,3204.375
5,386,15,3,2490,2490,0,5846912.438,5848364.125,1451.688
5,387,15,4,2492,2493,1,5851067.500,5853976.688,2909.188
5,388,15,5,2494,2495,1,5855234.062,5858543.312,3309.250
5,389,0,0,2496,2497,1,5859399.562,5863516.312,4116.750
5,391,0,2,2500,2500,0,5867732.812,5869287.875,1555.062
5,392,0,3,2502,2502,0,5871901.250,5873726.562,1825.312
5,393,0,4,2504,2505,1,5876063.750,5879127.688,3063.938
5,394,0,5,2506,2507,1,5880229.625,5884052.562,3822.938
5,395,3,0,2532,2532,0,5934387.500,5935956.125,1568.625
5,396,3,1,2534,2534,0,5938553.938,5940401.688,1847.750
5,397,3,2,2536,2537,1,5942719.500,5945807.312,3087.812
5,398,3,3,2538,2539,1,5946885.688,5950654.000,3768.312
5,400,3,5,2542,2542,0,5955222.125,5956368.812,1146.688
5,401,4,0,2544,2544,0,5959383.500,5961302.312,1918.812
5,402,4,1,2546,2547,1,5963558.562,5966544.750,2986.188
5,403,4,2,2548,2549,1,5967718.562,5971188.625,3470.062
5,404,4,3,2550,2551,1,5971881.500,5975239.750,3358.250
5,406,4,5,2554,2554,0,5980216.000,5981178.375,962.375
5,407,9,0,2604,2604,0,6084363.500,6086074.875,1711.375
5,408,9,1,2606,2607,1,6088529.688,6091372.500,2842.812
5,409,9,2,2608,2609,1,6092695.562,6096011.875,3316.312
5,411,9,4,2612,2612,0,6101027.500,6101059.500,32.000
5,412,9,5,2614,2614,0,6105193.562,6105975.875,782.312
5,413,15,0,2676,2676,0,6234340.125,6236048.250,1708.125
5,414,15,1,2678,2679,1,6238506.438,6241455.875,2949.438
5,415,15,2,2680,2681,1,6242671.562,6246507.875,3836.312
5,417,15,4,2684,2684,0,6251003.688,6252508.375,1504.688
5,418,15,5,2686,2687,1,6255169.500,6257826.250,2656.750
5,419,0,0,2688,2689,1,6259335.500,6263021.062,3685.562
5,421,0,2,2692,2692,0,6267667.562,6269175.875,1508.312
5,422,0,3,2694,2694,0,6271844.938,6273432.562,1587.625
5,423,0,4,2696,2697,1,6275999.562,6278859.938,2860.375
5,424,0,5,2698,2699,1,6280165.500,6283368.938,3203.438
5,425,3,0,2724,2724,0,6334323.500,6336041.125,1717.625
5,426,3,1,2726,2727,1,6338489.625,6341456.750,2967.125
5,427,3,2,2728,2729,1,6342655.500,6345892.312,3236.812
5,429,3,4,2732,2732,0,6350987.500,6352259.938,1272.438
5,430,3,5,2734,2735,1,6355164.562,6357278.688,2114.125
5,431,4,0,2736,2736,0,6359319.562,6361399.875,2080.312
5,432,4,1,2738,2739,1,6363497.750,6366640.562,3142.812
5,433,4,2,2740,2741,1,6367651.500,6371462.625,3811.125
5,435,4,4,2744,2744,0,6375983.562,6377466.375,1482.812
5,436,4,5,2746,2747,1,6380149.562,6382779.750,2630.188
5,437,9,0,2796,2796,0,6484299.625,6485967.688,1668.062
5,438,9,1,2798,2798,0,6488465.500,6490398.312,1932.812
5,439,9,2,2800,2801,1,6492631.562,6495825.438,3193.875
5,440,9,3,2802,2803,1,6496797.688,6500644.625,3846.938
5,442,9,5,2806,2806,0,6505130.938,6506359.312,1228.375
5,443,15,0,2868,2868,0,6634276.312,6635914.875,1638.562
5,444,15,1,2870,2871,1,6638446.750,6641541.562,3094.812
5,446,15,3,2874,2874,0,6646773.625,6648145.000,1371.375
5,447,15,4,2876,2877,1,6650939.500,6653757.562,2818.062
5,448,15,5,2878,2878,0,6655105.875,6657161.125,2055.250
5,449,0,0,2880,2881,1,6659271.500,6662221.062,2949.562
5,450,0,1,2882,2883,1,6663437.688,6667515.875,4078.188
5,452,0,3,2886,2886,0,6671774.000,6673280.562,1506.562
5,453,0,4,2888,2889,1,6675935.500,6678870.375,2934.875
5,454,0,5,2890,2891,1,6680102.312,6683795.250,3692.938
5,455,3,0,2916,2916,0,6734259.500,6735926.312,1666.812
5,456,3,1,2918,2919,1,6738425.500,6741528.875,3103.375
5,457,3,2,2920,2921,1,6742591.688,6745777.812,3186.125
5,458,3,3,2922,2923,1,6746757.562,6750423.562,3666.000
5,460,3,5,2926,2926,0,6755089.500,6756162.875,1073.375
5,461,4,0,2928,2928,0,6759255.500,6761084.125,1828.625
5,462,4,1,2930,2931,1,6763423.188,6766314.312,2891.125
5,463,4,2,2932,2933,1,6767587.500,6770958.188,3370.688
5,465,4,4,2936,2936,0,6775919.500,6776010.312,90.812
5,466,4,5,2938,2938,0,6780088.625,6781134.562,1045.938
5,467,9,0,2988,2988,0,6884235.562,6885820.562,1585.000
5,468,9,1,2990,2991,1,6888401.500,6891196.438,2794.938
5,469,9,2,2992,2993,1,6892567.500,6895835.812,3268.312
5,470,9,3,2994,2995,1,6896733.500,6900816.312,4082.812
5,472,9,5,2998,2998,0,6905065.500,6906135.500,1070.000
5,473,15,0,3060,3060,0,7034212.062,7035950.438,1738.375
5,474,15,1,3062,3063,1,7038380.812,7041559.312,3178.500
5,475,15,2,3064,3065,1,7042543.500,7046410.375,3866.875
5,477,15,4,3068,3068,0,7050875.562,7052410.875,1535.312
5,478,15,5,3070,3071,1,7055044.250,7057728.750,2684.500
5,479,0,0,3072,3073,1,7059207.500,7062710.375,3502.875
5,481,0,2,3076,3076,0,7067539.500,7069066.125,1526.625
5,482,0,3,3078,3079,1,7071706.250,7074675.812,2969.562
5,484,0,5,3082,3082,0,7080046.688,7080783.500,736.812
5,485,3,0,3108,3108,0,7134195.500,7135905.188,1709.688
5,486,3,1,3110,3111,1,7138361.500,7141119.875,2758.375
5,487,3,2,3112,3113,1,7142527.562,7145762.250,3234.688
5,488,3,3,3114,3115,1,7146695.688,7150785.375,4089.688
5,490,3,5,3118,3118,0,7155025.562,7156122.812,1097.250
5,491,4,0,3120,3120,0,7159192.125,7161056.312,1864.188
5,492,4,1,3122,3123,1,7163359.812,7166461.188,3101.375
5,493,4,2,3124,3125,1,7167523.500,7170711.625,3188.125
5,494,4,3,3126,3127,1,7171696.875,7175358.875,3662.000
5,496,4,5,3130,3130,0,7180021.500,7181088.938,1067.438
5,497,9,0,3180,3180,0,7284171.562,7285835.062,1663.500
5,498,9,1,3182,3183,1,7288342.375,7291434.625,3092.250
5,499,9,2,3184,3185,1,7292503.625,7296264.438,3760.812
5,500,9,3,3186,3187,1,7296673.125,7300311.062,3637.938
5,502,9,5,3190,3190,0,7305001.500,7305972.625,971.125
5,503,15,0,3252,3252,0,7434147.562,7435787.562,1640.000
5,504,15,1,3254,3255,1,7438313.500,7441221.438,2907.938
5,505,15,2,3256,3257,1,7442483.438,7445693.375,3209.938
5,507,15,4,3260,3260,0,7450811.500,7452085.250,1273.750
5,508,15,5,3262,3263,1,7454981.938,7457097.750,2115.812
5,509,0,0,3264,3265,1,7459143.562,7462194.312,3050.750
5,510,0,1,3266,3267,1,7463316.438,7467211.812,3895.375
5,511,0,2,3268,3269,1,7467475.500,7471178.938,3703.438
5,513,0,4,3272,3272,0,7475807.625,7477399.000,1591.375
5,514,0,5,3274,3275,1,7479973.625,7482706.375,2732.750
5,515,3,0,3300,3300,0,7534131.562,7535713.688,1582.125
5,516,3,1,3302,3303,1,7538297.938,7541304.000,3006.062
5,517,3,2,3304,3305,1,7542463.562,7546149.062,3685.500
5,519,3,4,3308,3308,0,7550795.500,7552326.250,1530.750
5,520,3,5,3310,3310,0,7554962.188,7556321.250,1359.062
5,521,4,0,3312,3313,1,7559127.562,7562039.750,2912.188
5,522,4,1,3314,3315,1,7563304.188,7566446.438,3142.250
5,524,4,3,3318,3318,0,7571627.000,7572876.688,1249.688
5,525,4,4,3320,3321,1,7575791.562,7577924.312,2132.750
5,526,4,5,3322,3323,1,7579961.438,7583012.000,3050.562
5,527,9,0,3372,3372,0,7684107.500,7685670.562,1563.062
5,528,9,1,3374,3375,1,7688273.500,7691083.188,2809.688
5,529,9,2,3376,3377,1,7692439.500,7695497.125,3057.625
5,530,9,3,3378,3379,1,7696605.938,7700742.688,4136.750
5,532,9,5,3382,3382,0,7704937.500,7706061.875,1124.375
5,533,15,0,3444,3444,0,7834083.500,7835827.250,1743.750
5,534,15,1,3446,3447,1,7838256.812,7841448.062,3191.250
5,535,15,2,3448,3449,1,7842415.562,7846110.438,3694.875
5,537,15,4,3452,3452,0,7850747.500,7852312.188,1564.688
5,538,15,5,3454,3455,1,7854913.562,7857418.625,2505.062
5,539,0,0,3456,3457,1,7859079.500,7862346.625,3267.125
5,541,0,2,3460,3460,0,7867411.500,7868768.250,1356.750
5,542,0,3,3462,3463,1,7871577.500,7874370.312,2792.812
5,543,0,4,3464,3465,1,7875743.562,7878730.875,2987.312
5,544,0,5,3466,3468,2,7879915.938,7884157.875,4241.938
5,545,3,0,3492,3492,0,7934067.562,7935649.438,1581.875
5,546,3,1,3494,3494,0,7938245.438,7939906.625,1661.188
5,547,3,2,3496,3496,0,7942399.500,7944326.938,1927.438
5,548,3,3,3498,3499,1,7946565.500,7949543.875,2978.375
5,549,3,4,3500,3501,1,7950731.562,7954589.875,3858.312
5,551,4,0,3504,3504,0,7959063.500,7961014.062,1950.562
5,552,4,1,3506,3507,1,7963232.688,7966230.250,2997.562
5,553,4,2,3508,3509,1,7967395.500,7971076.812,3681.312
5,555,4,4,3512,3512,0,7975727.562,7977244.750,1517.188
5,556,4,5,3514,3514,0,7979904.750,7981253.500,1348.750
5,557,9,0,3564,3564,0,8084043.500,8085734.750,1691.250
5,558,9,1,3566,3567,1,8088209.500,8091334.312,3124.812
5,559,9,2,3568,3569,1,8092375.500,8095963.188,3587.688
5,561,9,4,3572,3572,0,8100710.562,8102343.938,1633.375
5,562,9,5,3574,3575,1,8104873.500,8107431.000,2557.500
5,563,15,0,3636,3636,0,8234019.500,8235712.375,1692.875
5,564,15,1,3638,3638,0,8238185.625,8239774.625,1589.000
5,565,15,2,3640,3640,0,8242352.312,8244426.375,2074.062
5,566,15,3,3642,3643,1,8246520.875,8249649.312,3128.438
5,567,15,4,3644,3645,1,8250683.500,8254701.312,4017.812
5,569,0,0,3648,3648,0,8259015.500,8260916.188,1900.688
5,570,0,1,3650,3651,1,8263181.500,8266339.562,3158.062
5,571,0,2,3652,3653,1,8267350.500,8271201.000,3850.500
5,573,0,4,3656,3656,0,8275679.500,8277336.062,1656.562
5,574,0,5,3658,3658,0,8279846.562,8281326.562,1480.000
5,575,3,0,3684,3684,0,8334003.500,8335670.750,1667.250
5,576,3,1,3686,3687,1,8338172.625,8341273.312,3100.688
5,577,3,2,3688,3689,1,8342335.500,8345917.438,3581.938
5,579,3,4,3692,3692,0,8350667.500,8352096.375,1428.875
5,580,3,5,3694,3695,1,8354833.500,8357207.312,2373.812
5,581,4,0,3696,3697,1,8358999.500,8362189.312,3189.812
5,582,4,1,3698,3699,1,8363165.625,8366214.812,3049.188
5,583,4,2,3700,3701,1,8367331.625,8371475.500,4143.875
5,585,4,4,3704,3704,0,8375663.500,8377253.812,1590.312
5,586,4,5,3706,3707,1,8379834.250,8382755.875,2921.625
5,587,9,0,3756,3756,0,8483979.500,8485695.750,1716.250
5,588,9,1,3758,3758,0,8488145.500,8490119.688,1974.188
5,589,9,2,3760,3760,0,8492311.500,8494342.750,2031.250
5,590,9,3,3762,3763,1,8496480.562,8499556.688,3076.125
5,591,9,4,3764,3765,1,8500643.500,8504599.688,3956.188
5,592,9,5,3766,3768,2,8504819.688,8509915.812,5096.125
5,593,15,0,3828,3828,0,8633955.500,8635702.938,1747.438
5,594,15,1,3830,3831,1,8638121.625,8641122.812,3001.188
5,595,15,2,3832,3833,1,8642287.500,8645736.188,3448.688
5,597,15,4,3836,3836,0,8650619.500,8652175.312,1555.812
5,598,15,5,3838,3839,1,8654785.500,8657294.000,2508.500
5,599,0,0,3840,3841,1,8658951.500,8662298.375,3346.875
5,600,0,1,3842,3843,1,8663117.562,8666317.875,3200.312
5,602,0,3,3846,3846,0,8671452.938,8672674.875,1221.938
5,603,0,4,3848,3848,0,8675615.562,8677691.750,2076.188
5,604,0,5,3850,3851,1,8679781.750,8682798.188,3016.438
5,605,3,0,3876,3876,0,8733939.562,8735630.688,1691.125
5,606,3,1,3878,3879,1,8738117.312,8741257.750,3140.438
5,607,3,2,3880,3881,1,8742271.500,8746090.562,3819.062
5,608,3,3,3882,3883,1,8746439.812,8750341.125,3901.312
5,610,3,5,3886,3886,0,8754769.938,8755867.250,1097.312
5,611,4,0,3888,3888,0,8758936.688,8760800.750,1864.062
5,612,4,1,3890,3891,1,8763101.625,8766205.625,3104.000
5,613,4,2,3892,3893,1,8767267.500,8770863.500,3596.000
5,615,4,4,3896,3896,0,8775599.500,8777033.188,1433.688
5,616,4,5,3898,3899,1,8779765.500,8782145.625,2380.125
5,617,9,0,3948,3948,0,8883915.500,8885533.688,1618.188
5,618,9,1,3950,3951,1,8888081.562,8891133.250,3051.688
5,619,9,2,3952,3953,1,8892247.500,8895774.375,3526.875
5,621,9,4,3956,3956,0,8900579.500,8901935.062,1355.562
5,622,9,5,3958,3959,1,8904745.500,8906914.062,2168.562
5,623,15,0,4020,4020,0,9033891.500,9035528.375,1636.875
5,624,15,1,4022,4023,1,9038057.562,9040202.000,2144.438
5,625,15,2,4024,4025,1,9042223.500,9045409.688,3186.188
5,626,15,3,4026,4027,1,9046391.562,9049465.312,3073.750
5,627,15,4,4028,4029,1,9050555.625,9054505.062,3949.438
5,629,0,0,4032,4032,0,9058887.625,9060732.188,1844.562
5,630,0,1,4034,4035,1,9063053.562,9066131.062,3077.500
5,631,0,2,4036,4037,1,9067219.500,9070770.688,3551.188
5,633,0,4,4040,4040,0,9075551.750,9077115.312,1563.562
5,634,0,5,4042,4043,1,9079718.688,9082223.500,2504.812
5,635,3,0,4068,4068,0,9133875.500,9135465.250,1589.750
5,636,3,1,4070,4071,1,9138050.812,9141067.812,3017.000
5,637,3,2,4072,4073,1,9142207.500,9145505.125,3297.625
5,639,3,4,4076,4076,0,9150545.250,9151897.250,1352.000
5,640,3,5,4078,4079,1,9154705.500,9157008.188,2302.688
5,641,4,0,4080,4081,1,9158871.562,9162014.688,3143.125
5,642,4,1,4082,4083,1,9163038.188,9167038.188,4000.000
5,644,4,3,4086,4086,0,9171369.500,9173028.062,1658.562
5,645,4,4,4088,4088,0,9175535.562,9177273.750,1738.188
5,646,4,5,4090,4091,1,9179706.188,9182386.188,2680.000
5,647,9,0,4140,4140,0,9283851.562,9285544.438,1692.875
5,648,9,1,4142,4143,1,9288017.500,9291144.000,3126.500
5,649,9,2,4144,4145,1,9292183.500,9296174.750,3991.250
5,651,9,4,4148,4148,0,9300515.500,9302132.750,1617.250
5,652,9,5,4150,4150,0,9304686.375,9306325.688,1639.312
5,653,15,0,4212,4212,0,9433827.500,9435539.250,1711.750
5,654,15,1,4214,4215,1,9437994.625,9440884.500,2889.875
5,655,15,2,4216,4217,1,9442159.500,9445532.875,3373.375
5,657,15,4,4220,4220,0,9450491.562,9451736.062,1244.500
5,658,15,5,4222,4222,0,9454657.688,9456733.312,2075.625
5,659,0,0,4224,4225,1,9458823.812,9461806.500,2982.688
5,660,0,1,4226,4227,1,9462994.438,9467051.312,4056.875
5,662,0,3,4230,4230,0,9471321.500,9472810.125,1488.625
5,663,0,4,4232,4232,0,9475487.500,9477049.812,1562.312
5,664,0,5,4234,4235,1,9479653.500,9482344.938,2691.438
5,665,3,0,4260,4260,0,9533811.500,9535526.188,1714.688
5,666,3,1,4262,4263,1,9537977.500,9541128.750,3151.250
5,667,3,2,4264,4265,1,9542143.500,9545973.812,3830.312
5,669,3,4,4268,4268,0,9550475.500,9552138.750,1663.250
5,670,3,5,4270,4271,1,9554643.500,9557249.688,2606.188
5,671,4,0,4272,4273,1,9558807.500,9561838.250,3030.750
5,672,4,1,4274,4275,1,9562973.500,9566484.375,3510.875
5,674,4,3,4278,4278,0,9571305.562,9572664.688,1359.125
5,675,4,4,4280,4281,1,9575471.562,9578285.000,2813.438
5,676,4,5,4282,4283,1,9579637.500,9582800.000,3162.500
5,677,9,0,4332,4332,0,9683787.500,9685476.938,1689.438
5,678,9,1,4334,4334,0,9687953.500,9689517.938,1564.438
5,679,9,2,4336,4337,1,9692122.438,9694897.812,2775.375
5,680,9,3,4338,4339,1,9696285.625,9699538.812,3253.188
5,681,9,4,4340,4341,1,9700458.688,9704581.812,4123.125
5,682,9,5,4342,4344,2,9704621.062,9709697.000,5075.938
5,683,15,0,4404,4404,0,9833763.500,9835477.375,1713.875
5,684,15,1,4406,4407,1,9837929.562,9841085.938,3156.375
5,685,15,2,4408,4409,1,9842095.500,9845949.250,3853.750
5,687,15,4,4412,4412,0,9850427.562,9851937.500,1509.938
5,688,15,5,4414,4415,1,9854603.562,9857280.188,2676.625
5,689,0,0,4416,4417,1,9858759.500,9862462.750,3703.250
5,691,0,2,4420,4420,0,9867091.500,9868629.812,1538.312
5,692,0,3,4422,4423,1,9871258.188,9874233.625,2975.438
5,693,0,4,4424,4425,1,9875423.562,9878606.438,3182.875
5,694,0,5,4426,4427,1,9879592.062,9883681.375,4089.312
5,695,3,0,4452,4452,0,9933747.562,9935359.875,1612.312
5,696,3,1,4454,4455,1,9937913.500,9940775.500,2862.000
5,697,3,2,4456,4457,1,9942079.500,9944275.312,2195.812
5,698,3,3,4458,4459,1,9946245.500,9949455.250,3209.750
5,699,3,4,4460,4461,1,9950411.562,9954501.250,4089.688
5,701,4,0,4464,4464,0,9958743.875,9960712.250,1968.375
5,702,4,1,4466,4467,1,9962909.750,9965928.438,3018.688
5,703,4,2,4468,4469,1,9967075.500,9970963.688,3888.188
5,705,4,4,4472,4472,0,9975407.562,9976942.938,1535.375
5,706,4,5,4474,4475,1,9979573.500,9982256.312,2682.812
5,707,9,0,4524,4524,0,10083723.500,10085459.062,1735.562
5,708,9,1,4526,4527,1,10087890.562,10091046.375,3155.812
5,709,9,2,4528,4529,1,10092055.500,10095888.438,3832.938
5,711,9,4,4532,4532,0,10100387.562,10102047.375,1659.812
5,712,9,5,4534,4535,1,10104564.375,10107167.562,2603.188
5,713,15,0,4596,4596,0,10233702.688,10235312.500,1609.812
5,714,15,1,4598,4599,1,10237865.500,10240709.625,2844.125
5,715,15,2,4600,4601,1,10242031.500,10244982.688,2951.188
5,717,15,4,4604,4604,0,10250363.625,10251561.500,1197.875
5,718,15,5,4606,4606,0,10254531.000,10256583.250,2052.250
5,719,0,0,4608,4609,1,10258695.500,10261682.812,2987.312
5,720,0,1,4610,4611,1,10262864.188,10266688.062,3823.875
5,722,0,3,4614,4614,0,10271193.500,10272678.188,1484.688
5,723,0,4,4616,4617,1,10275359.562,10278468.938,3109.375
5,724,0,5,4618,4619,1,10279525.875,10283192.875,3667.000
5,725,3,0,4644,4644,0,10333683.562,10335343.938,1660.375
5,726,3,1,4646,4647,1,10337851.250,10340946.500,3095.250
5,727,3,2,4648,4649,1,10342015.500,10345779.312,3763.812
5,729,3,4,4652,4652,0,10350347.562,10351956.500,1608.938
5,730,3,5,4654,4655,1,10354518.875,10357067.438,2548.562
5,731,4,0,4656,4657,1,10358679.500,10362051.188,3371.688
5,733,4,2,4660,4660,0,10367011.500,10368420.688,1409.188
5,734,4,3,4662,4662,0,10371177.562,10372681.625,1504.062
5,735,4,4,4664,4665,1,10375343.562,10377554.562,2211.000
5,736,4,5,4666,4667,1,10379521.812,10382642.250,3120.438
5,737,9,0,4716,4716,0,10483659.500,10485268.562,1609.062
5,738,9,1,4718,4719,1,10487825.562,10490668.938,2843.375
5,739,9,2,4720,4721,1,10491991.500,10495329.188,3337.688
5,740,9,3,4722,4723,1,10496157.500,10499354.938,3197.438
5,741,9,4,4724,4725,1,10500328.188,10504397.938,4069.750
5,742,9,5,4726,4728,2,10504491.438,10509701.812,5210.375
5,743,15,0,4788,4788,0,10633635.562,10635294.938,1659.375
5,744,15,1,4790,4791,1,10637802.125,10640903.500,3101.375
5,745,15,2,4792,4793,1,10641967.500,10645754.562,3787.062
5,747,15,4,4796,4796,0,10650299.562,10651956.000,1656.438
5,748,15,5,4798,4799,1,10654466.188,10657072.938,2606.750
5,749,0,0,4800,4801,1,10658631.500,10662054.562,3423.062
5,751,0,2,4804,4804,0,10666963.500,10668400.125,1436.625
5,752,0,3,4806,4807,1,10671129.500,10674002.188,2872.688
5,753,0,4,4808,4809,1,10675295.562,10678433.250,3137.688
5,754,0,5,4810,4811,1,10679461.625,10683546.812,4085.188
5,755,3,0,4836,4836,0,10733619.500,10735212.625,1593.125
5,756,3,1,4838,4838,0,10737785.562,10739816.000,2030.438
5,757,3,2,4840,4841,1,10741951.562,10745045.188,3093.625
5,758,3,3,4842,4843,1,10746129.688,10750080.562,3950.875
5,759,3,4,4844,4845,1,10750283.500,10754329.500,4046.000
5,761,4,0,4848,4848,0,10758615.500,10760589.500,1974.000
5,762,4,1,4850,4851,1,10762791.438,10765830.188,3038.750
5,763,4,2,4852,4853,1,10766947.562,10770676.750,3729.188
5,765,4,4,4856,4856,0,10775279.500,10776844.688,1565.188
5,766,4,5,4858,4859,1,10779445.500,10781882.500,2437.000
5,767,9,0,4908,4908,0,10883595.500,10885334.688,1739.188
5,768,9,1,4910,4911,1,10887764.250,10890934.250,3170.000
5,769,9,2,4912,4913,1,10891927.500,10895575.375,3647.875
5,771,9,4,4916,4916,0,10900259.812,10901943.875,1684.062
5,772,9,5,4918,4919,1,10904425.938,10907030.938,2605.000
5,773,15,0,4980,4980,0,11033571.688,11035291.938,1720.250
5,774,15,1,4982,4983,1,11037737.500,11040524.875,2787.375
5,775,15,2,4984,4985,1,11041903.500,11045173.250,3269.750
5,776,15,3,4986,4987,1,11046069.500,11050214.625,4145.125
5,777,15,4,4988,4989,1,11050235.500,11054293.125,4057.625
5,779,0,0,4992,4992,0,11058567.562,11060508.000,1940.438
5,780,0,1,4994,4995,1,11062739.188,11065906.875,3167.688
5,781,0,2,4996,4997,1,11066899.562,11070735.188,3835.625
5,783,0,4,5000,5000,0,11075231.500,11076891.125,1659.625
5,784,0,5,5002,5003,1,11079397.562,11081985.312,2587.750
5,785,3,0,5028,5028,0,11133555.500,11135237.750,1682.250
5,786,3,1,5030,5030,0,11137721.500,11139281.750,1560.250
5,787,3,2,5032,5033,1,11141887.688,11144787.312,2899.625
5,788,3,3,5034,5035,1,11146056.375,11149468.062,3411.688
5,790,3,5,5038,5038,0,11154387.000,11155401.938,1014.938
5,791,4,0,5040,5041,1,11158551.500,11161296.875,2745.375
5,792,4,1,5042,5043,1,11162717.500,11165929.000,3211.500
5,793,4,2,5044,5045,1,11166883.500,11170976.500,4093.000
5,795,4,4,5048,5048,0,11175215.625,11176748.938,1533.312
5,796,4,5,5050,5050,0,11179384.375,11180556.750,1172.375
5,797,9,0,5100,5100,0,11283531.500,11285245.062,1713.562
5,798,9,1,5102,5103,1,11287699.562,11290456.750,2757.188
5,799,9,2,5104,5105,1,11291863.562,11294877.062,3013.500
5,800,9,3,5106,5107,1,11296030.062,11300098.125,4068.062
5,802,9,5,5110,5110,0,11304364.312,11305429.562,1065.250
5,803,15,0,5172,5172,0,11433507.500,11435244.312,1736.812
5,804,15,1,5174,5174,0,11437674.062,11439294.312,1620.250
5,805,15,2,5176,5177,1,11441839.562,11444919.125,3079.562
5,806,15,3,5178,5179,1,11446015.562,11449570.875,3555.312
5,808,15,5,5182,5182,0,11454348.875,11455208.938,860.062
5,809,0,0,5184,5184,0,11458503.500,11460327.250,1823.750
5,810,0,1,5186,5187,1,11462670.375,11464791.188,2120.812
5,811,0,2,5188,5189,1,11466835.562,11469976.125,3140.562
5,812,0,3,5190,5191,1,11471001.750,11475007.000,4005.250
5,813,0,4,5192,5193,1,11475167.688,11479239.188,4071.500
5,814,0,5,5194,5196,2,11479340.062,11484339.125,4999.062
5,815,3,0,5220,5220,0,11533491.500,11535129.312,1637.812
5,816,3,1,5222,5223,1,11537657.500,11539796.938,2139.438
5,817,3,2,5224,5225,1,11541823.562,11544998.625,3175.062
5,818,3,3,5226,5227,1,11545989.625,11550021.750,4032.125
5,820,3,5,5230,5230,0,11554323.562,11555547.875,1224.312
5,821,4,0,5232,5232,0,11558487.500,11560481.375,1993.875
5,822,4,1,5234,5234,0,11562658.812,11564327.688,1668.875
5,823,4,2,5236,5237,1,11566819.500,11569948.000,3128.500
5,824,4,3,5238,5239,1,11570985.562,11574583.000,3597.438
5,826,4,5,5242,5242,0,11579318.750,11580332.938,1014.188
5,827,9,0,5292,5292,0,11683467.500,11685176.625,1709.125
5,828,9,1,5294,5295,1,11687638.750,11690763.938,3125.188
5,829,9,2,5296,5297,1,11691799.500,11694810.688,3011.188
5,830,9,3,5298,5299,1,11695965.562,11699451.688,3486.125
5,832,9,5,5302,5302,0,11704297.562,11705137.750,840.188
5,833,15,0,5364,5364,0,11833443.500,11835047.750,1604.250
5,834,15,1,5366,5367,1,11837609.500,11839721.375,2111.875
5,835,15,2,5368,5369,1,11841775.562,11844916.812,3141.250
5,836,15,3,5370,5371,1,11845942.125,11849958.188,4016.062
5,838,15,5,5374,5374,0,11854273.500,11855319.875,1046.375
5,839,0,0,5376,5376,0,11858439.812,11860439.938,2000.125
5,840,0,1,5378,5378,0,11862616.188,11864304.750,1688.562
5,841,0,2,5380,5381,1,11866771.562,11869906.812,3135.250
5,842,0,3,5382,5383,1,11870937.812,11874535.812,3598.000
5,844,0,5,5386,5386,0,11879275.312,11880167.000,891.688
5,845,3,0,5412,5412,0,11933427.562,11935109.188,1681.625
5,846,3,1,5414,5415,1,11937603.562,11940729.875,3126.312
5,848,3,3,5418,5418,0,11945925.812,11947307.312,1381.500
5,849,3,4,5420,5420,0,11950091.562,11951545.625,1454.062
5,850,3,5,5422,5422,0,11954257.625,11956337.688,2080.062
5,851,4,0,5424,5425,1,11958423.562,11961463.875,3040.312
5,852,4,1,5426,5427,1,11962589.500,11966676.062,4086.562
5,854,4,3,5430,5430,0,11970922.312,11972477.250,1554.938
5,855,4,4,5432,5433,1,11975087.625,11978073.062,2985.438
5,856,4,5,5434,5435,1,11979253.500,11983003.938,3750.438
5,857,9,0,5484,5484,0,12083403.625,12085087.562,1683.938
5,858,9,1,5486,5487,1,12087570.188,12090492.062,2921.875
5,859,9,2,5488,5489,1,12091735.500,12095522.812,3787.312
5,861,9,4,5492,5492,0,12100067.500,12101493.062,1425.562
5,862,9,5,5494,5495,1,12104233.500,12106801.938,2568.438
5,863,15,0,5556,5556,0,12233379.500,12235117.062,1737.562
5,864,15,1,5558,5559,1,12237545.562,12240725.625,3180.062
5,865,15,2,5560,5561,1,12241711.500,12245168.938,3457.438
5,866,15,3,5562,5563,1,12245887.125,12249187.812,3300.688
5,868,15,5,5566,5566,0,12254209.750,12255196.688,986.938
5,869,0,0,5568,5569,1,12258375.562,12260503.938,2128.375
5,870,0,1,5570,5571,1,12262544.438,12265689.375,3144.938
5,871,0,2,5572,5573,1,12266707.500,12270730.875,4023.375
5,873,0,4,5576,5576,0,12275039.500,12276491.312,1451.812
5,874,0,5,5578,5578,0,12279205.750,12281077.938,1872.188
5,875,3,0,5604,5604,0,12333363.500,12335056.938,1693.438
5,876,3,1,5606,5607,1,12337531.312,12340659.500,3128.188
5,877,3,2,5608,5609,1,12341695.688,12345480.062,3784.375
5,879,3,4,5612,5612,0,12350027.500,12351669.500,1642.000
5,880,3,5,5614,5615,1,12354198.312,12356780.438,2582.125
5,881,4,0,5616,5617,1,12358359.562,12361965.125,3605.562
5,883,4,2,5620,5620,0,12366695.312,12368069.562,1374.250
5,884,4,3,5622,5623,1,12370857.500,12373754.000,2896.500
5,885,4,4,5624,5625,1,12375023.500,12378031.188,3007.688
5,886,4,5,5626,5627,1,12379189.500,12383259.438,4069.938
5,887,9,0,5676,5676,0,12483339.500,12484951.250,1611.750
5,888,9,1,5678,5679,1,12487510.750,12490550.812,3040.062
5,889,9,2,5680,5681,1,12491671.500,12494888.250,3216.750
5,891,9,4,5684,5684,0,12500003.562,12501352.625,1349.062
5,892,9,5,5686,5686,0,12504181.375,12505355.125,1173.750
5,893,15,0,5748,5748,0,12633315.688,12634953.688,1638.000
5,894,15,1,5750,5750,0,12637482.188,12639405.250,1923.062
5,895,15,2,5752,5753,1,12641647.562,12644816.875,3169.312
5,896,15,3,5754,5755,1,12645814.375,12649669.562,3855.188
5,898,15,5,5758,5758,0,12654145.562,12655219.938,1074.375
5,899,0,0,5760,5760,0,12658311.500,12660151.312,1839.812
5,900,0,1,5762,5763,1,12662477.562,12665550.188,3072.625
5,901,0,2,5764,5765,1,12666643.500,12670189.812,3546.312
5,902,0,3,5766,5767,1,12670809.625,12674222.688,3413.062
5,904,0,5,5770,5770,0,12679143.062,12680137.062,994.000
5,905,3,0,5796,5796,0,12733299.500,12734934.875,1635.375
5,906,3,1,5798,5799,1,12737465.500,12740338.250,2872.750
5,907,3,2,5800,5801,1,12741631.500,12744992.875,3361.375
5,909,3,4,5804,5804,0,12749963.500,12750043.500,80.000
5,910,3,5,5806,5806,0,12754129.500,12755353.438,1223.938
5,911,4,0,5808,5808,0,12758295.562,12760287.250,1991.688
5,912,4,1,5810,5811,1,12762461.750,12765491.188,3029.438
5,913,4,2,5812,5813,1,12766627.500,12770538.688,3911.188
5,915,4,4,5816,5816,0,12774959.500,12776517.938,1558.438
5,916,4,5,5818,5819,1,12779125.500,12781831.312,2705.812
5,917,9,0,5868,5868,0,12883275.562,12884970.375,1694.812
5,918,9,1,5870,5870,0,12887445.062,12889413.250,1968.188
5,919,9,2,5872,5873,1,12891607.562,12894803.625,3196.062
5,920,9,3,5874,5875,1,12895775.188,12899647.312,3872.125
5,922,9,5,5878,5878,0,12904107.875,12905155.188,1047.312
5,923,15,0,5940,5940,0,13033251.562,13034882.188,1630.625
5,924,15,1,5942,5943,1,13037421.938,13040496.625,3074.688
5,926,15,3,5946,5946,0,13045749.500,13047100.062,1350.562
5,927,15,4,5948,5949,1,13049915.500,13052712.625,2797.125
5,928,15,5,5950,5951,1,13054085.750,13057265.562,3179.812
5,929,0,0,5952,5953,1,13058247.500,13062238.562,3991.062
5,931,0,2,5956,5956,0,13066579.562,13067985.625,1406.062
5,932,0,3,5958,5958,0,13070746.688,13072436.562,1689.875
5,933,0,4,5960,5961,1,13074911.562,13077837.688,2926.125
5,934,0,5,5962,5963,1,13079077.500,13082750.312,3672.812
5,935,3,0,5988,5988,0,13133235.562,13134845.312,1609.750
5,936,3,1,5990,5991,1,13137404.812,13140447.875,3043.062
5,937,3,2,5992,5993,1,13141567.500,13144684.562,3117.062
5,938,3,3,5994,5995,1,13145735.625,13149253.938,3518.312
5,940,3,5,5998,5998,0,13154065.500,13155264.188,1198.688
5,941,4,0,6000,6001,1,13158231.625,13161364.188,3132.562
5,943,4,2,6004,6004,0,13166564.312,13167922.375,1358.062
5,944,4,3,6006,6007,1,13170729.500,13173542.688,2813.188
5,945,4,4,6008,6009,1,13174895.562,13177985.625,3090.062
5,946,4,5,6010,6011,1,13179062.562,13183117.438,4054.875
5,947,9,0,6060,6060,0,13283211.562,13284899.062,1687.500
5,948,9,1,6062,6063,1,13287386.750,13290323.938,2937.188
5,949,9,2,6064,6065,1,13291543.500,13294756.500,3213.000
5,951,9,4,6068,6068,0,13299875.500,13301118.125,1242.625
5,952,9,5,6070,6070,0,13304041.500,13306094.125,2052.625
5,953,15,0,6132,6132,0,13433187.500,13434904.750,1717.250
5,954,15,1,6134,6135,1,13437353.688,13440525.562,3171.875
5,955,15,2,6136,6137,1,13441519.500,13444579.562,3060.062
5,956,15,3,6138,6139,1,13445688.250,13449432.250,3744.000
5,958,15,5,6142,6142,0,13454017.625,13455183.562,1165.938
5,959,0,0,6144,6144,0,13458183.750,13460102.688,1918.938
5,960,0,1,6146,6147,1,13462349.500,13465290.125,2940.625
5,961,0,2,6148,6149,1,13466515.500,13469915.750,3400.250
5,963,0,4,6152,6152,0,13474847.500,13476048.938,1201.438
5,964,0,5,6154,6155,1,13479015.750,13481368.562,2352.812
5,965,3,0,6180,6180,0,13533171.688,13534828.812,1657.125
5,966,3,1,6182,6183,1,13537337.500,13540258.938,2921.438
5,968,3,3,6186,6186,0,13545670.062,13545708.062,38.000
5,969,3,4,6188,6188,0,13549835.562,13551450.000,1614.438
5,970,3,5,6190,6190,0,13554001.500,13555852.438,1850.938
5,971,4,0,6192,6193,1,13558167.500,13561167.312,2999.812
5,972,4,1,6194,6195,1,13562333.500,13566190.812,3857.312
5,973,4,2,6196,6197,1,13566499.500,13570240.312,3740.812
5,975,4,4,6200,6200,0,13574831.562,13576420.500,1588.938
5,976,4,5,6202,6203,1,13578997.562,13581532.938,2535.375
5,977,9,0,6252,6252,0,13683147.625,13684786.625,1639.000
5,978,9,1,6254,6255,1,13687313.500,13690386.188,3072.688
5,979,9,2,6256,6257,1,13691479.500,13695216.000,3736.500
5,980,9,3,6258,6259,1,13695650.562,13699262.625,3612.062
5,982,9,5,6262,6262,0,13703978.250,13705178.250,1200.000
5,983,15,0,6324,6324,0,13833123.562,13834790.688,1667.125
5,984,15,1,6326,6327,1,13837289.562,13840212.312,2922.750
5,985,15,2,6328,6329,1,13841455.562,13844666.125,3210.562
5,987,15,4,6332,6332,0,13849787.500,13851058.000,1270.500
5,988,15,5,6334,6335,1,13853954.875,13856070.500,2115.625
5,989,0,0,6336,6337,1,13858119.562,13861154.812,3035.250
5,990,0,1,6338,6339,1,13862285.500,13866196.812,3911.312
5,991,0,2,6340,6341,1,13866454.688,13870240.312,3785.625
5,993,0,4,6344,6344,0,13874784.125,13876396.250,1612.125
5,994,0,5,6346,6347,1,13878949.625,13881478.188,2528.562
5,995,3,0,6372,6372,0,13933107.500,13934766.750,1659.250
5,996,3,1,6374,6375,1,13937275.688,13940357.062,3081.375
5,997,3,2,6376,6377,1,13941439.500,13945013.438,3573.938
5,999,3,4,6380,6380,0,13949772.125,13951379.312,1607.188
5,1000,3,5,6382,6382,0,13953937.500,13955374.312,1436.812
5,1001,4,0,6384,6385,1,13958103.688,13961098.688,2995.000
5,1003,4,2,6388,6388,0,13966435.500,13967679.625,1244.125
5,1004,4,3,6390,6391,1,13970602.062,13972740.625,2138.562
5,1005,4,4,6392,6393,1,13974767.500,13977755.125,2987.625
5,1006,4,5,6394,6395,1,13978933.625,13982862.438,3928.812
5,1007,9,0,6444,6444,0,14083083.500,14084644.062,1560.562
5,1008,9,1,6446,6447,1,14087250.062,14090044.438,2794.375
5,1009,9,2,6448,6449,1,14091415.500,14094446.125,3030.625
5,1010,9,3,6450,6451,1,14095581.500,14099716.188,4134.688
5,1012,9,5,6454,6454,0,14103916.438,14105035.375,1118.938
5,1013,15,0,6516,6516,0,14233059.938,14234776.250,1716.312
5,1014,15,1,6518,6519,1,14237226.125,14240397.062,3170.938
5,1015,15,2,6520,6521,1,14241391.500,14245047.188,3655.688
5,1017,15,4,6524,6524,0,14249723.562,14251236.375,1512.812
5,1018,15,5,6526,6526,0,14253889.500,14255185.500,1296.000
5,1019,0,0,6528,6529,1,14258055.500,14260889.625,2834.125
5,1020,0,1,6530,6531,1,14262221.625,14265503.500,3281.875
5,1021,0,2,6532,6533,1,14266387.562,14270545.000,4157.438
5,1023,0,4,6536,6536,0,14274719.500,14276280.938,1561.438
5,1024,0,5,6538,6538,0,14278885.500,14280867.562,1982.062
5,1025,3,0,6564,6564,0,14333043.562,14334625.062,1581.500
5,1026,3,1,6566,6566,0,14337221.062,14338882.250,1661.188
5,1027,3,2,6568,6568,0,14341375.500,14343302.562,1927.062
5,1028,3,3,6570,6571,1,14345541.500,14348519.500,2978.000
5,1029,3,4,6572,6573,1,14349707.500,14353565.500,3858.000
5,1031,4,0,6576,6576,0,14358039.562,14359989.688,1950.125
5,1032,4,1,6578,6579,1,14362205.562,14365406.812,3201.250
5,1033,4,2,6580,6581,1,14366371.625,14370052.438,3680.812
5,1035,4,4,6584,6584,0,14374703.500,14376220.375,1516.875
5,1036,4,5,6586,6586,0,14378880.062,14380229.125,1349.062
5,1037,9,0,6636,6636,0,14483019.500,14484710.375,1690.875
5,1038,9,1,6638,6639,1,14487191.625,14490309.938,3118.312
5,1039,9,2,6640,6641,1,14491351.500,14494938.812,3587.312
5,1041,9,4,6644,6644,0,14499686.562,14501319.562,1633.000
5,1042,9,5,6646,6647,1,14503849.500,14506406.625,2557.125
5,1043,15,0,6708,6708,0,14632995.625,14634688.000,1692.375
5,1044,15,1,6710,6710,0,14637161.562,14638750.250,1588.688
5,1045,15,2,6712,6712,0,14641327.938,14643402.000,2074.062
5,1046,15,3,6714,6715,1,14645496.500,14648624.938,3128.438
5,1047,15,4,6716,6717,1,14649659.500,14653676.938,4017.438
5,1049,0,0,6720,6720,0,14657991.500,14659891.812,1900.312
5,1050,0,1,6722,6723,1,14662167.000,14665302.938,3135.938
5,1051,0,2,6724,6725,1,14666324.188,14670131.250,3807.062
5,1053,0,4,6728,6728,0,14674655.500,14676287.188,1631.688
5,1054,0,5,6730,6730,0,14678823.812,14680277.688,1453.875
5,1055,3,0,6756,6756,0,14732979.562,14734621.875,1642.312
5,1056,3,1,6758,6759,1,14737145.562,14740224.438,3078.875
5,1057,3,2,6760,6761,1,14741311.500,14744868.562,3557.062
5,1059,3,4,6764,6764,0,14749643.500,14751047.500,1404.000
5,1060,3,5,6766,6767,1,14753810.250,14756158.438,2348.188
5,1061,4,0,6768,6769,1,14757975.500,14761152.688,3177.188
5,1062,4,1,6770,6771,1,14762153.500,14765165.938,3012.438
5,1063,4,2,6772,6773,1,14766307.562,14770451.125,4143.562
5,1065,4,4,6776,6776,0,14774639.562,14776229.438,1589.875
5,1066,4,5,6778,6779,1,14778809.875,14781731.500,2921.625
5,1067,9,0,6828,6828,0,14882955.562,14884533.312,1577.750
5,1068,9,1,6830,6830,0,14887132.812,14889182.688,2049.875
5,1069,9,2,6832,6832,0,14891287.500,14893229.312,1941.812
5,1070,9,3,6834,6835,1,14895454.875,14898631.938,3177.062
5,1071,9,4,6836,6837,1,14899619.500,14903461.750,3842.250
5,1072,9,5,6838,6840,2,14903787.812,14908966.562,5178.750
5,1073,15,0,6900,6900,0,15032931.500,15034545.812,1614.312
5,1074,15,1,6902,6903,1,15037097.688,15040166.625,3068.938
5,1075,15,2,6904,6905,1,15041263.500,15044816.750,3553.250
5,1077,15,4,6908,6908,0,15049595.500,15051227.750,1632.250
5,1078,15,5,6910,6911,1,15053761.625,15056344.688,2583.062
5,1079,0,0,6912,6913,1,15057927.500,15061317.688,3390.188
5,1080,0,1,6914,6915,1,15062096.125,15065349.438,3253.312
5,1081,0,2,6916,6917,1,15066259.562,15070354.188,4094.625
5,1083,0,4,6920,6920,0,15074591.500,15076102.375,1510.875
5,1084,0,5,6922,6922,0,15078757.562,15080701.250,1943.688
5,1085,3,0,6948,6948,0,15132915.562,15134549.562,1634.000
5,1086,3,1,6950,6950,0,15137093.625,15138995.125,1901.500
5,1087,3,2,6952,6953,1,15141247.562,15144425.250,3177.688
5,1088,3,3,6954,6955,1,15145423.812,15148487.125,3063.312
5,1089,3,4,6956,6957,1,15149579.500,15153319.938,3740.438
5,1091,4,0,6960,6960,0,15157911.500,15159938.688,2027.188
5,1092,4,1,6962,6963,1,15162077.562,15165154.875,3077.312
5,1093,4,2,6964,6965,1,15166243.562,15169812.750,3569.188
5,1095,4,4,6968,6968,0,15174575.562,15175982.438,1406.875
5,1096,4,5,6970,6971,1,15178741.500,15181094.875,2353.375
5,1097,9,0,7020,7020,0,15282891.500,15284575.188,1683.688
5,1098,9,1,7022,7023,1,15287057.562,15290162.500,3104.938
5,1099,9,2,7024,7025,1,15291223.500,15294538.562,3315.062
5,1101,9,4,7028,7028,0,15299555.500,15300964.312,1408.812
5,1102,9,5,7030,7031,1,15303721.625,15306072.250,2350.625
5,1103,15,0,7092,7092,0,15432867.500,15434508.625,1641.125
5,1104,15,1,7094,7095,1,15437033.938,15439182.250,2148.312
5,1105,15,2,7096,7097,1,15441199.562,15444389.938,3190.375
5,1106,15,3,7098,7099,1,15445369.312,15448445.562,3076.250
5,1107,15,4,7100,7101,1,15449531.500,15453497.562,3966.062
5,1109,0,0,7104,7104,0,15457863.500,15459712.438,1848.938
5,1110,0,1,7106,7107,1,15462029.500,15465123.562,3094.062
5,1111,0,2,7108,7109,1,15466195.500,15469750.938,3555.438
5,1113,0,4,7112,7112,0,15474527.562,15476095.562,1568.000
5,1114,0,5,7114,7115,1,15478694.688,15481203.750,2509.062
5,1115,3,0,7140,7140,0,15532851.500,15534593.500,1742.000
5,1116,3,1,7142,7143,1,15537023.875,15540009.125,2985.250
5,1117,3,2,7144,7145,1,15541183.500,15544660.125,3476.625
5,1119,3,4,7148,7148,0,15549515.562,15550818.188,1302.625
5,1120,3,5,7150,7151,1,15553682.438,15555824.688,2142.250
5,1121,4,0,7152,7153,1,15557847.500,15560935.625,3088.125
5,1122,4,1,7154,7155,1,15562013.688,15566147.812,4134.125
5,1124,4,3,7158,7158,0,15570348.625,15571936.750,1588.125
5,1125,4,4,7160,7160,0,15574511.500,15576377.500,1866.000
5,1126,4,5,7162,7163,1,15578679.500,15581489.938,2810.438
5,1127,9,0,7212,7212,0,15682827.562,15684441.375,1613.812
5,1128,9,1,7214,7214,0,15686993.500,15688871.688,1878.188
5,1129,9,2,7216,7217,1,15691159.500,15694274.312,3114.812
5,1130,9,3,7218,7219,1,15695329.625,15699105.750,3776.125
5,1131,9,4,7220,7221,1,15699491.688,15703351.688,3860.000
5,1132,9,5,7222,7224,2,15703661.250,15708844.250,5183.000
5,1133,15,0,7284,7284,0,15832803.500,15834462.438,1658.938
5,1134,15,1,7286,7287,1,15836969.750,15840071.000,3101.250
5,1135,15,2,7288,7289,1,15841135.500,15844532.438,3396.938
5,1137,15,4,7292,7292,0,15849467.562,15850924.312,1456.750
5,1138,15,5,7294,7295,1,15853634.125,15856041.250,2407.125
5,1139,0,0,7296,7297,1,15857799.500,15861021.125,3221.625
5,1140,0,1,7298,7299,1,15861968.625,15866050.875,4082.250
5,1142,0,3,7302,7302,0,15870297.562,15871809.688,1512.125
5,1143,0,4,7304,7304,0,15874463.500,15876049.375,1585.875
5,1144,0,5,7306,7307,1,15878629.812,15881545.438,2915.625
5,1145,3,0,7332,7332,0,15932787.562,15934377.938,1590.375
5,1146,3,1,7334,7335,1,15936953.500,15939980.500,3027.000
5,1147,3,2,7336,7337,1,15941119.625,15944747.312,3627.688
5,1149,3,4,7340,7340,0,15949451.500,15950990.500,1539.000
5,1150,3,5,7342,7343,1,15953623.875,15956302.375,2678.500
5,1151,4,0,7344,7345,1,15957783.500,15960890.938,3107.438
5,1152,4,1,7346,7347,1,15961949.562,15965336.125,3386.562
5,1154,4,3,7350,7350,0,15970281.562,15971717.375,1435.812
5,1155,4,4,7352,7353,1,15974447.500,15977343.562,2896.062
5,1156,4,5,7354,7356,2,15978613.500,15983456.562,4843.062
5,1157,9,0,7404,7404,0,16082763.500,16084377.938,1614.438
5,1158,9,1,7406,7406,0,16086930.125,16088431.188,1501.062
5,1159,9,2,7408,7409,1,16091095.500,16094024.250,2928.750
5,1160,9,3,7410,7411,1,16095261.500,16098439.812,3178.312
5,1162,9,5,7414,7414,0,16103593.562,16104381.688,788.125
5,1163,15,0,7476,7476,0,16232739.500,16234329.750,1590.250
5,1164,15,1,7478,7479,1,16236907.375,16239956.438,3049.062
5,1165,15,2,7480,7481,1,16241071.500,16244807.500,3736.000
5,1167,15,4,7484,7484,0,16249403.562,16250808.000,1404.438
5,1168,15,5,7486,7487,1,16253577.562,16256150.375,2572.812
5,1169,0,0,7488,7489,1,16257735.500,16260736.812,3001.312
5,1170,0,1,7490,7491,1,16261904.875,16265364.688,3459.812
5,1172,0,3,7494,7494,0,16270233.500,16271533.000,1299.500
5,1173,0,4,7496,7497,1,16274399.562,16277122.812,2723.250
5,1174,0,5,7498,7499,1,16278568.688,16281644.062,3075.375
5,1175,3,0,7524,7524,0,16332723.500,16334418.438,1694.938
5,1176,3,1,7526,7527,1,16336889.562,16339839.938,2950.375
5,1177,3,2,7528,7529,1,16341055.500,16344275.812,3220.312
5,1178,3,3,7530,7531,1,16345221.500,16349311.188,4089.688
5,1180,3,5,7534,7534,0,16353554.938,16354648.625,1093.688
5,1181,4,0,7536,7536,0,16357719.562,16359582.125,1862.562
5,1182,4,1,7538,7539,1,16361885.500,16364987.000,3101.500
5,1183,4,2,7540,7541,1,16366051.625,16369809.062,3757.438
5,1185,4,4,7544,7544,0,16374383.688,16376013.750,1630.062
5,1186,4,5,7546,7547,1,16378550.375,16381126.188,2575.812
5,1187,9,0,7596,7596,0,16482699.500,16484316.688,1617.188
5,1188,9,1,7598,7599,1,16486868.562,16489916.250,3047.688
5,1189,9,2,7600,7601,1,16491031.562,16494709.312,3677.750
5,1191,9,4,7604,7604,0,16499363.500,16500917.250,1553.750
5,1192,9,5,7606,7607,1,16503532.438,16506213.875,2681.438
5,1193,15,0,7668,7668,0,16632678.562,16634322.062,1643.500
5,1194,15,1,7670,7671,1,16636842.062,16639755.938,2913.875
5,1195,15,2,7672,7673,1,16641007.500,16643760.938,2753.438
5,1196,15,3,7674,7675,1,16645173.688,16648410.938,3237.250
5,1197,15,4,7676,7677,1,16649339.562,16653462.938,4123.375
5,1199,0,0,7680,7680,0,16657671.562,16659489.125,1817.562
5,1200,0,1,7682,7683,1,16661840.812,16664888.000,3047.188
5,1201,0,2,7684,7685,1,16666003.625,16669917.250,3913.625
5,1203,0,4,7688,7688,0,16674335.500,16675872.250,1536.750
5,1204,0,5,7690,7691,1,16678501.688,16681167.375,2665.688
5,1205,3,0,7716,7716,0,16732659.500,16734341.938,1682.438
5,1206,3,1,7718,7719,1,16736825.625,16739944.500,3118.875
5,1207,3,2,7720,7721,1,16740991.562,16744512.250,3520.688
5,1209,3,4,7724,7724,0,16749323.562,16750954.500,1630.938
5,1210,3,5,7726,7727,1,16753492.188,16756053.188,2561.000
5,1211,4,0,7728,7729,1,16757655.500,16761049.188,3393.688
5,1213,4,2,7732,7732,0,16765987.500,16767418.688,1431.188
5,1214,4,3,7734,7734,0,16770153.500,16771667.375,1513.875
5,1215,4,4,7736,7737,1,16774319.500,16777094.375,2774.875
5,1216,4,5,7738,7739,1,16778487.375,16782413.125,3925.750
5,1217,9,0,7788,7788,0,16882635.625,16884325.750,1690.125
5,1218,9,1,7790,7791,1,16886801.500,16889752.875,2951.375
5,1220,9,3,7794,7794,0,16895133.500,16895199.000,65.500
5,1221,9,4,7796,7795,-1,16899299.500,16899218.125,-81.375
5,1222,9,5,7798,7798,0,16903467.312,16904537.312,1070.000
5,1223,15,0,7860,7860,0,17032611.562,17034217.312,1605.750
5,1224,15,1,7862,7863,1,17036782.625,17039825.875,3043.250
5,1225,15,2,7864,7865,1,17040943.500,17044676.938,3733.438
5,1227,15,4,7868,7868,0,17049275.500,17050866.125,1590.625
5,1228,15,5,7870,7871,1,17053441.500,17055894.312,2452.812
5,1229,0,0,7872,7873,1,17057607.562,17061190.125,3582.562
5,1231,0,2,7876,7876,0,17065940.062,17067322.188,1382.125
5,1232,0,3,7878,7878,0,17070108.438,17071765.812,1657.375
5,1233,0,4,7880,7881,1,17074271.500,17076395.062,2123.562
5,1234,0,5,7882,7883,1,17078441.062,17081386.250,2945.188
5,1235,3,0,7908,7908,0,17132595.500,17134203.000,1607.500
5,1236,3,1,7910,7910,0,17136761.500,17138794.125,2032.625
5,1237,3,2,7912,7913,1,17140927.500,17144011.062,3083.562
5,1238,3,3,7914,7915,1,17145093.750,17149034.188,3940.438
5,1239,3,4,7916,7917,1,17149259.500,17153283.125,4023.625
5,1241,4,0,7920,7920,0,17157591.562,17159518.625,1927.062
5,1242,4,1,7922,7923,1,17161759.062,17164734.812,2975.750
5,1243,4,2,7924,7925,1,17165923.625,17169581.375,3657.750
5,1245,4,4,7928,7928,0,17174259.312,17175773.812,1514.500
5,1246,4,5,7930,7931,1,17178424.750,17181087.188,2662.438
5,1247,9,0,7980,7980,0,17282571.500,17284237.188,1665.688
5,1248,9,1,7982,7983,1,17286737.500,17289836.750,3099.250
5,1249,9,2,7984,7985,1,17290903.500,17294687.438,3783.938
5,1251,9,4,7988,7988,0,17299235.562,17300825.500,1589.938
5,1252,9,5,7990,7991,1,17303406.062,17305935.188,2529.125
5,1253,15,0,8052,8052,0,17432547.500,17434209.000,1661.500
5,1254,15,1,8054,8054,0,17436713.500,17438764.625,2051.125
5,1255,15,2,8056,8057,1,17440880.062,17443987.562,3107.500
5,1256,15,3,8058,8059,1,17445045.875,17449028.938,3983.062
5,1257,15,4,8060,8061,1,17449211.500,17453095.188,3883.688
5,1259,0,0,8064,8064,0,17457543.500,17459412.812,1869.312
5,1260,0,1,8066,8067,1,17461713.688,17464811.688,3098.000
5,1261,0,2,8068,8069,1,17465875.562,17469652.250,3776.688
5,1263,0,4,8072,8072,0,17474207.500,17475795.938,1588.438
5,1264,0,5,8074,8075,1,17478373.500,17481091.062,2717.562
5,1265,3,0,8100,8100,0,17532531.688,17534142.562,1610.875
5,1266,3,1,8102,8102,0,17536702.062,17538387.500,1685.438
5,1267,3,2,8104,8105,1,17540863.562,17543994.062,3130.500
5,1268,3,3,8106,8107,1,17545038.750,17548362.500,3323.750
5,1270,3,5,8110,8110,0,17553361.812,17554374.500,1012.688
5,1271,4,0,8112,8113,1,17557527.500,17560483.125,2955.625
5,1273,4,2,8116,8116,0,17565859.500,17565922.000,62.500
5,1274,4,3,8118,8118,0,17570026.125,17571488.875,1462.750
5,1275,4,4,8120,8120,0,17574191.500,17576136.125,1944.625
5,1276,4,5,8122,8122,0,17578360.938,17580312.688,1951.750
5,1277,9,0,8172,8172,0,17682507.562,17684074.938,1567.375
5,1278,9,1,8174,8174,0,17686673.500,17688621.562,1948.062
5,1279,9,2,8176,8177,1,17690839.500,17693823.250,2983.750
5,1280,9,3,8178,8179,1,17695005.562,17699065.188,4059.625
5,1282,9,5,8182,8182,0,17703341.375,17704363.500,1022.125
5,1283,15,0,8244,8244,0,17832483.562,17834150.250,1666.688
5,1284,15,1,8246,8246,0,17836649.500,17838422.062,1772.562
5,1285,15,2,8248,8249,1,17840815.750,17844026.000,3210.250
5,1286,15,3,8250,8251,1,17844981.562,17848452.312,3470.750
5,1288,15,5,8254,8254,0,17853316.438,17854434.938,1118.500
5,1289,0,0,8256,8257,1,17857479.500,17860315.500,2836.000
5,1290,0,1,8258,8259,1,17861645.500,17864929.375,3283.875
5,1291,0,2,8260,8261,1,17865811.500,17869906.750,4095.250
5,1293,0,4,8264,8264,0,17874143.500,17875654.938,1511.438
5,1294,0,5,8266,8266,0,17878313.938,17879456.750,1142.812
5,1295,3,0,8292,8292,0,17932467.500,17934085.188,1617.688
5,1296,3,1,8294,8295,1,17936633.500,17938752.812,2119.312
5,1297,3,2,8296,8297,1,17940799.500,17943954.500,3155.000
5,1298,3,3,8298,8299,1,17944965.500,17948977.625,4012.125
5,1300,3,5,8302,8302,0,17953299.438,17954503.750,1204.312
5,1301,4,0,8304,8304,0,17957463.500,17959437.250,1973.750
5,1302,4,1,8306,8307,1,17961639.188,17964678.250,3039.062
5,1303,4,2,8308,8309,1,17965795.500,17969323.875,3528.375
5,1305,4,4,8312,8312,0,17974127.562,17975692.750,1565.188
5,1306,4,5,8314,8315,1,17978293.562,17980819.188,2525.625
5,1307,9,0,8364,8364,0,18082443.625,18084112.125,1668.500
5,1308,9,1,8366,8367,1,18086612.188,18089711.688,3099.500
5,1309,9,2,8368,8369,1,18090775.562,18093709.438,2933.875
5,1310,9,3,8370,8371,1,18094941.500,18098350.438,3408.938
5,1312,9,5,8374,8374,0,18103275.250,18104266.062,990.812
5,1313,15,0,8436,8436,0,18232419.500,18234137.688,1718.188
5,1314,15,1,8438,8438,0,18236597.625,18238543.250,1945.625
5,1315,15,2,8440,8441,1,18240751.500,18243766.188,3014.688
5,1316,15,3,8442,8443,1,18244918.688,18248819.812,3901.125
5,1318,15,5,8446,8446,0,18253249.500,18254370.188,1120.688
5,1319,0,0,8448,8448,0,18257415.500,18259289.312,1873.812
5,1320,0,1,8450,8450,0,18261590.250,18263154.125,1563.875
5,1321,0,2,8452,8453,1,18265747.500,18268756.188,3008.688
5,1322,0,3,8454,8455,1,18269913.562,18273385.188,3471.625
5,1324,0,5,8458,8458,0,18278250.875,18279297.812,1046.938
5,1325,3,0,8484,8484,0,18332403.562,18334062.188,1658.625
5,1326,3,1,8486,8487,1,18336570.062,18339652.500,3082.438
5,1327,3,2,8488,8489,1,18340735.500,18344107.938,3372.438
5,1328,3,3,8490,8491,1,18344901.500,18348358.500,3457.000
5,1330,3,5,8494,8494,0,18353233.500,18354093.188,859.688
5,1331,4,0,8496,8497,1,18357400.062,18360205.438,2805.375
5,1332,4,1,8498,8499,1,18361565.562,18365604.562,4039.000
5,1334,4,3,8502,8502,0,18369900.438,18371387.625,1487.188
5,1335,4,4,8504,8504,0,18374063.562,18375833.938,1770.375
5,1336,4,5,8506,8507,1,18378229.500,18380843.625,2614.125
5,1337,9,0,8556,8556,0,18482379.500,18483961.000,1581.500
5,1338,9,1,8558,8558,0,18486556.688,18488610.375,2053.688
5,1339,9,2,8560,8561,1,18490711.500,18493824.312,3112.812
5,1340,9,3,8562,8563,1,18494881.250,18498856.688,3975.438
5,1342,9,5,8566,8566,0,18503209.500,18504376.812,1167.312
5,1343,15,0,8628,8628,0,18632355.500,18634091.562,1736.062
5,1344,15,1,8630,8631,1,18636521.500,18639700.125,3178.625
5,1345,15,2,8632,8633,1,18640687.562,18644143.438,3455.875
5,1346,15,3,8634,8635,1,18644863.312,18648162.312,3299.000
5,1348,15,5,8638,8638,0,18653186.250,18654171.188,984.938
5,1349,0,0,8640,8640,0,18657351.562,18659429.188,2077.625
5,1350,0,1,8642,8643,1,18661517.562,18664639.375,3121.812
5,1351,0,2,8644,8645,1,18665683.500,18669629.000,3945.500
5,1353,0,4,8648,8648,0,18674015.500,18675623.625,1608.125
5,1354,0,5,8650,8651,1,18678181.500,18681156.438,2974.938
5,1355,3,0,8676,8676,0,18732339.500,18734063.125,1723.625
5,1356,3,1,8678,8679,1,18736505.688,18739665.688,3160.000
5,1357,3,2,8680,8681,1,18740671.500,18744510.750,3839.250
5,1359,3,4,8684,8684,0,18749003.500,18750687.938,1684.438
5,1360,3,5,8686,8687,1,18753169.562,18755798.875,2629.312
5,1361,4,0,8688,8689,1,18757335.500,18760995.812,3660.312
5,1363,4,2,8692,8692,0,18765670.625,18767152.125,1481.500
5,1364,4,3,8694,8695,1,18769834.750,18772772.438,2937.688
5,1365,4,4,8696,8697,1,18773999.500,18776821.938,2822.438
5,1366,4,5,8698,8699,1,18778165.562,18781349.188,3183.625
5,1367,9,0,8748,8748,0,18882315.500,18884001.625,1686.125
5,1368,9,1,8750,8751,1,18886489.750,18889323.750,2834.000
5,1369,9,2,8752,8753,1,18890647.500,18893963.125,3315.625
5,1371,9,4,8756,8756,0,18898979.500,18899010.750,31.250
5,1372,9,5,8758,8758,0,18903145.562,18903927.125,781.562
5,1373,15,0,8820,8820,0,19032291.562,19033903.000,1611.438
5,1374,15,1,8822,8822,0,19036457.500,19038284.062,1826.562
5,1375,15,2,8824,8825,1,19040623.500,19043784.312,3160.812
5,1376,15,3,8826,8827,1,19044795.250,19048637.000,3841.750
5,1378,15,5,8830,8830,0,19053121.562,19054187.375,1065.812
5,1379,0,0,8832,8832,0,19057287.500,19059307.438,2019.938
5,1380,0,1,8834,8835,1,19061453.562,19064505.375,3051.812
5,1381,0,2,8836,8837,1,19065619.562,19069145.000,3525.438
5,1382,0,3,8838,8839,1,19069786.688,19073128.875,3342.188
5,1384,0,5,8842,8842,0,19078117.562,19079092.250,974.688
5,1385,3,0,8868,8868,0,19132275.500,19133985.250,1709.750
5,1386,3,1,8870,8871,1,19136441.500,19139388.625,2947.125
5,1387,3,2,8872,8873,1,19140607.500,19143793.312,3185.812
5,1389,3,4,8876,8876,0,19148939.688,19150209.938,1270.250
5,1390,3,5,8878,8878,0,19153106.625,19155188.938,2082.312
5,1391,4,0,8880,8880,0,19157272.188,19159325.375,2053.188
5,1392,4,1,8882,8883,1,19161439.375,19164541.562,3102.188
5,1393,4,2,8884,8885,1,19165603.500,19169576.812,3973.312
5,1395,4,4,8888,8888,0,19173935.688,19175568.312,1632.625
5,1396,4,5,8890,8891,1,19178101.562,19180869.438,2767.875
5,1397,9,0,8940,8940,0,19282251.625,19283839.000,1587.375
5,1398,9,1,8942,8942,0,19286417.625,19288269.625,1852.000
5,1399,9,2,8944,8945,1,19290583.500,19293672.250,3088.750
5,1400,9,3,8946,8947,1,19294750.312,19298515.938,3765.625
5,1402,9,5,8950,8950,0,19303081.562,19304224.750,1143.188
5,1403,15,0,9012,9012,0,19432227.500,19433934.875,1707.375
5,1404,15,1,9014,9015,1,19436396.250,19439344.250,2948.000
5,1405,15,2,9016,9017,1,19440559.500,19444004.875,3445.375
5,1407,15,4,9020,9020,0,19448891.500,19450195.812,1304.312
5,1408,15,5,9022,9023,1,19453057.562,19455220.562,2163.000
5,1409,0,0,9024,9025,1,19457223.500,19459352.125,2128.625
5,1410,0,1,9026,9027,1,19461394.875,19464537.562,3142.688
5,1411,0,2,9028,9029,1,19465555.500,19469566.812,4011.312
5,1413,0,4,9032,9032,0,19473887.938,19475509.562,1621.625
5,1414,0,5,9034,9035,1,19478053.562,19480816.938,2763.375
5,1415,3,0,9060,9060,0,19532211.562,19533850.375,1638.812
5,1416,3,1,9062,9063,1,19536388.562,19539477.438,3088.875
5,1417,3,2,9064,9065,1,19540543.500,19543726.375,3182.875
5,1418,3,3,9066,9067,1,19544711.625,19548359.875,3648.250
5,1420,3,5,9070,9070,0,19553042.500,19554086.938,1044.438
5,1421,4,0,9072,9072,0,19557207.500,19559209.125,2001.625
5,1422,4,1,9074,9075,1,19561373.500,19564162.000,2788.500
5,1423,4,2,9076,9077,1,19565539.500,19568805.875,3266.375
5,1424,4,3,9078,9079,1,19569705.562,19573842.750,4137.188
5,1426,4,5,9082,9082,0,19578038.375,19579183.188,1144.812
5,1427,9,0,9132,9132,0,19682187.500,19683877.562,1690.062
5,1428,9,1,9134,9135,1,19686353.688,19689277.938,2924.250
5,1429,9,2,9136,9137,1,19690520.125,19693679.625,3159.500
5,1431,9,4,9140,9140,0,19698851.500,19700078.000,1226.500
5,1432,9,5,9142,9142,0,19703020.625,19705054.000,2033.375
5,1433,15,0,9204,9204,0,19832163.562,19833847.188,1683.625
5,1434,15,1,9206,9207,1,19836331.750,19839455.750,3124.000
5,1435,15,2,9208,9209,1,19840495.562,19843534.250,3038.688
5,1436,15,3,9210,9211,1,19844661.500,19848362.438,3700.938
5,1438,15,5,9214,9214,0,19852993.562,19854113.750,1120.188
5,1439,0,0,9216,9216,0,19857159.500,19859032.875,1873.375
5,1440,0,1,9218,9219,1,19861327.188,19864449.875,3122.688
5,1442,0,3,9222,9222,0,19869659.188,19871007.812,1348.625
5,1443,0,4,9224,9225,1,19873823.562,19876597.625,2774.062
5,1444,0,5,9226,9227,1,19877990.500,19881118.875,3128.375
5,1445,3,0,9252,9252,0,19932147.688,19933782.125,1634.438
5,1446,3,1,9254,9255,1,19936313.938,19939203.625,2889.688
5,1447,3,2,9256,9257,1,19940479.688,19944625.250,4145.562
5,1449,3,4,9260,9260,0,19948811.500,19950394.688,1583.188
5,1450,3,5,9262,9262,0,19952977.500,19954797.125,1819.625
5,1451,4,0,9264,9265,1,19957143.500,19960112.000,2968.500
5,1452,4,1,9266,9267,1,19961309.500,19965135.500,3826.000
5,1453,4,2,9268,9269,1,19965475.625,19969160.500,3684.875
5,1455,4,4,9272,9272,0,19973807.562,19975365.188,1557.625
5,1456,4,5,9274,9275,1,19977973.500,19980666.312,2692.812
6,3,0,4,8,8,0,676906.125,678159.688,1253.562
6,4,0,5,10,14,4,681061.500,689430.000,8368.500
6,5,3,0,36,37,1,735229.625,738770.875,3541.250
6,10,3,5,46,46,0,756049.500,756364.438,314.938
6,12,4,1,50,50,0,764381.500,765734.750,1353.250
6,13,4,2,52,52,0,768547.500,770153.750,1606.250
6,14,4,3,54,55,1,772719.875,775813.188,3093.312
6,15,4,4,56,57,1,776879.500,780484.562,3605.062
6,16,4,5,58,60,2,781045.500,786256.312,5210.812
6,17,9,0,108,108,0,885195.562,886825.375,1629.812
6,18,9,1,110,111,1,889372.688,892462.938,3090.250
6,19,9,2,112,113,1,893527.500,897332.188,3804.688
6,21,9,4,116,116,0,901871.188,903530.250,1659.062
6,22,9,5,118,119,1,906025.562,908679.562,2654.000
6,23,15,0,180,180,0,1035171.500,1036911.625,1740.125
6,24,15,1,182,183,1,1039348.062,1042181.438,2833.375
6,25,15,2,184,185,1,1043503.500,1046878.938,3375.438
6,27,15,4,188,188,0,1051835.562,1053110.125,1274.562
6,28,15,5,190,191,1,1056002.688,1058151.750,2149.062
6,29,0,0,192,193,1,1060167.562,1063272.938,3105.375
6,30,0,1,194,195,1,1064333.750,1068331.000,3997.250
6,32,0,3,198,198,0,1072672.500,1074334.625,1662.125
6,33,0,4,200,201,1,1076843.125,1079975.812,3132.688
6,34,0,5,202,203,1,1080998.312,1084743.375,3745.062
6,35,3,0,228,228,0,1135155.562,1136902.438,1746.875
6,36,3,1,230,231,1,1139323.188,1142530.750,3207.562
6,37,3,2,232,233,1,1143487.562,1147225.125,3737.562
6,39,3,4,236,236,0,1151831.125,1153441.750,1610.625
6,40,3,5,238,239,1,1155991.125,1158594.062,2602.938
6,41,4,0,240,241,1,1160151.500,1163323.250,3171.750
6,43,4,2,244,244,0,1168483.562,1169836.875,1353.312
6,44,4,3,246,246,0,1172650.125,1174682.938,2032.812
6,45,4,4,248,249,1,1176815.562,1179938.250,3122.688
6,46,4,5,250,251,1,1180981.500,1185091.438,4109.938
6,47,9,0,300,300,0,1285131.562,1286814.812,1683.250
6,48,9,1,302,303,1,1289297.500,1291491.812,2194.312
6,49,9,2,304,305,1,1293464.312,1296702.875,3238.562
6,50,9,3,306,307,1,1297629.625,1301763.250,4133.625
6,52,9,5,310,310,0,1305961.500,1307107.062,1145.562
6,53,15,0,372,372,0,1435107.500,1436775.562,1668.062
6,54,15,1,374,375,1,1439273.500,1442422.125,3148.625
6,55,15,2,376,377,1,1443439.500,1447073.500,3634.000
6,57,15,4,380,380,0,1451782.812,1453338.875,1556.062
6,58,15,5,382,383,1,1455937.562,1458500.062,2562.500
6,59,0,0,384,385,1,1460103.500,1463529.062,3425.562
6,61,0,2,388,388,0,1468435.625,1469891.188,1455.562
6,62,0,3,390,391,1,1472603.312,1474771.000,2167.688
6,63,0,4,392,393,1,1476767.500,1479980.562,3213.062
6,64,0,5,394,396,2,1480935.688,1485155.250,4219.562
6,65,3,0,420,420,0,1535091.500,1536776.000,1684.500
6,66,3,1,422,422,0,1539266.812,1540853.500,1586.688
6,67,3,2,424,425,1,1543423.500,1545549.750,2126.250
6,68,3,3,426,427,1,1547589.500,1550766.562,3177.062
6,69,3,4,428,429,1,1551755.500,1555614.000,3858.500
6,71,4,0,432,432,0,1560088.000,1562081.812,1993.812
6,72,4,1,434,435,1,1564256.250,1567322.625,3066.375
6,73,4,2,436,437,1,1568431.625,1571969.500,3537.875
6,75,4,4,440,440,0,1576751.562,1578415.375,1663.812
6,76,4,5,442,442,0,1580927.062,1582105.438,1178.375
6,77,9,0,492,492,0,1685067.500,1686727.562,1660.062
6,78,9,1,494,495,1,1689234.062,1692352.875,3118.812
6,79,9,2,496,497,1,1693399.562,1697019.750,3620.188
6,81,9,4,500,500,0,1701734.562,1703220.688,1486.125
6,82,9,5,502,503,1,1705897.500,1708358.062,2460.562
6,83,15,0,564,564,0,1835043.500,1836752.562,1709.062
6,84,15,1,566,567,1,1839209.500,1841997.875,2788.375
6,85,15,2,568,569,1,1843375.562,1846481.062,3105.500
6,86,15,3,570,571,1,1847542.938,1851447.688,3904.750
6,88,15,5,574,574,0,1855881.000,1856949.000,1068.000
6,89,0,0,576,576,0,1860039.500,1861908.375,1868.875
6,90,0,1,578,579,1,1864205.562,1867345.250,3139.688
6,91,0,2,580,581,1,1868372.188,1872212.688,3840.500
6,93,0,4,584,584,0,1876703.500,1878395.500,1692.000
6,94,0,5,586,586,0,1880880.062,1882422.875,1542.812
6,95,3,0,612,612,0,1935027.500,1936633.562,1606.062
6,96,3,1,614,615,1,1939193.562,1942261.875,3068.312
6,97,3,2,616,617,1,1943359.500,1946919.500,3560.000
6,99,3,4,620,620,0,1951691.562,1953126.438,1434.875
6,100,3,5,622,623,1,1955857.500,1958278.750,2421.250
6,101,4,0,624,625,1,1960023.688,1963297.625,3273.938
6,102,4,1,626,627,1,1964201.625,1967370.000,3168.375
6,103,4,2,628,629,1,1968355.500,1972457.750,4102.250
6,105,4,4,632,632,0,1976687.500,1978272.938,1585.438
6,106,4,5,634,635,1,1980864.875,1983641.062,2776.188
6,107,9,0,684,684,0,2085003.500,2086743.312,1739.812
6,108,9,1,686,686,0,2089169.500,2091215.250,2045.750
6,109,9,2,688,688,0,2093335.562,2095157.000,1821.438
6,110,9,3,690,691,1,2097502.812,2100688.125,3185.312
6,111,9,4,692,693,1,2101667.562,2105569.312,3901.750
6,112,9,5,694,696,2,2105842.562,2111117.750,5275.188
6,113,15,0,756,756,0,2234979.562,2236598.250,1618.688
6,114,15,1,758,759,1,2239145.562,2242244.812,3099.250
6,115,15,2,760,761,1,2243311.625,2246945.188,3633.562
6,117,15,4,764,764,0,2251643.500,2253173.500,1530.000
6,118,15,5,766,767,1,2255809.500,2258322.438,2512.938
6,119,0,0,768,769,1,2259975.500,2263339.500,3364.000
6,121,0,2,772,772,0,2268307.500,2268400.250,92.750
6,122,0,3,774,774,0,2272477.062,2273978.625,1501.562
6,123,0,4,776,776,0,2276639.500,2278633.375,1993.875
6,124,0,5,778,779,1,2280805.500,2283756.688,2951.188
6,125,3,0,804,804,0,2334963.562,2336595.000,1631.438
6,126,3,1,806,806,0,2339129.500,2341057.688,1928.188
6,127,3,2,808,809,1,2343295.500,2346501.312,3205.812
6,128,3,3,810,811,1,2347461.500,2350561.062,3099.562
6,129,3,4,812,813,1,2351627.500,2355445.250,3817.750
6,131,4,0,816,816,0,2359959.500,2361900.812,1941.312
6,132,4,1,818,819,1,2364125.562,2367361.812,3236.250
6,134,4,3,822,822,0,2372461.875,2373971.375,1509.500
6,135,4,4,824,825,1,2376623.562,2379419.375,2795.812
6,136,4,5,826,827,1,2380789.562,2383975.750,3186.188
6,137,9,0,876,876,0,2484939.500,2486606.438,1666.938
6,138,9,1,878,879,1,2489105.625,2492231.750,3126.125
6,139,9,2,880,881,1,2493271.562,2496696.562,3425.000
6,141,9,4,884,884,0,2501603.500,2503087.312,1483.812
6,142,9,5,886,887,1,2505769.500,2508224.375,2454.875
6,143,15,0,948,948,0,2634915.500,2636580.500,1665.000
6,144,15,1,950,950,0,2639081.625,2641024.688,1943.062
6,145,15,2,952,953,1,2643247.625,2646272.250,3024.625
6,146,15,3,954,955,1,2647413.500,2650552.312,3138.812
6,147,15,4,956,957,1,2651579.562,2655442.500,3862.938
6,149,0,0,960,960,0,2659911.500,2661889.688,1978.188
6,150,0,1,962,963,1,2664077.500,2667124.500,3047.000
6,151,0,2,964,965,1,2668243.500,2671789.875,3546.375
6,153,0,4,968,968,0,2676578.438,2677960.438,1382.000
6,154,0,5,970,971,1,2680742.688,2683096.000,2353.312
6,155,3,0,996,996,0,2734899.500,2736662.500,1763.000
6,156,3,1,998,999,1,2739071.062,2742088.750,3017.688
6,157,3,2,1000,1001,1,2743231.562,2746581.062,3349.500
6,158,3,3,1002,1003,1,2747406.562,2751553.938,4147.375
6,160,3,5,1006,1006,0,2755729.500,2756713.938,984.438
6,161,4,0,1008,1008,0,2759895.562,2761865.250,1969.688
6,162,4,1,1010,1011,1,2764061.500,2767106.062,3044.562
6,163,4,2,1012,1013,1,2768227.562,2772181.562,3954.000
6,164,4,3,1014,1015,1,2772393.500,2776255.062,3861.562
6,166,4,5,1018,1018,0,2780726.625,2781822.188,1095.562
6,167,9,0,1068,1068,0,2884875.688,2886560.562,1684.875
6,168,9,1,1070,1071,1,2889041.562,2892173.625,3132.062
6,169,9,2,1072,1073,1,2893207.812,2897042.562,3834.750
6,171,9,4,1076,1076,0,2901539.500,2903026.625,1487.125
6,172,9,5,1078,1079,1,2905716.250,2908390.250,2674.000
6,173,15,0,1140,1140,0,3034851.562,3036617.000,1765.438
6,174,15,1,1142,1143,1,3039017.500,3042061.500,3044.000
6,175,15,2,1144,1145,1,3043183.562,3046737.375,3553.812
6,177,15,4,1148,1148,0,3051515.562,3052968.562,1453.000
6,178,15,5,1150,1151,1,3055691.875,3058139.125,2447.250
6,179,0,0,1152,1153,1,3059847.500,3062941.562,3094.062
6,181,0,2,1156,1156,0,3068190.875,3068253.375,62.500
6,182,0,3,1158,1158,0,3072345.562,3073832.062,1486.500
6,183,0,4,1160,1160,0,3076511.562,3078486.812,1975.250
6,184,0,5,1162,1163,1,3080677.812,3083317.562,2639.750
6,185,3,0,1188,1188,0,3134835.750,3136442.750,1607.000
6,186,3,1,1190,1191,1,3139001.500,3142071.062,3069.562
6,187,3,2,1192,1193,1,3143171.125,3146955.250,3784.125
6,189,3,4,1196,1196,0,3151499.500,3153159.312,1659.812
6,190,3,5,1198,1199,1,3155666.188,3158299.375,2633.188
6,191,4,0,1200,1201,1,3159843.188,3162935.938,3092.750
6,192,4,1,1202,1203,1,3163997.625,3167405.750,3408.125
6,194,4,3,1206,1206,0,3172329.500,3173813.250,1483.750
6,195,4,4,1208,1209,1,3176507.750,3179273.500,2765.750
6,196,4,5,1210,1211,1,3180661.812,3183842.125,3180.312
6,197,9,0,1260,1260,0,3284811.562,3286472.500,1660.938
6,198,9,1,1262,1262,0,3288977.500,3290534.750,1557.250
6,199,9,2,1264,1265,1,3293143.500,3296186.188,3042.688
6,201,9,4,1268,1268,0,3301475.562,3302776.125,1300.562
6,202,9,5,1270,1271,1,3305641.500,3307808.750,2167.250
6,203,15,0,1332,1332,0,3434787.500,3436444.875,1657.375
6,204,15,1,1334,1335,1,3438953.500,3442079.188,3125.688
6,205,15,2,1336,1337,1,3443119.688,3446957.125,3837.438
6,207,15,4,1340,1340,0,3451452.250,3453007.875,1555.625
6,208,15,5,1342,1342,0,3455617.500,3457235.562,1618.062
6,209,0,0,1344,1345,1,3459783.500,3462763.875,2980.375
6,210,0,1,1346,1347,1,3463949.938,3467417.500,3467.562
6,212,0,3,1350,1350,0,3472281.562,3473613.812,1332.250
6,213,0,4,1352,1353,1,3476448.000,3479242.750,2794.750
6,214,0,5,1354,1355,1,3480615.812,3483793.125,3177.312
6,215,3,0,1380,1380,0,3534771.500,3536403.250,1631.750
6,216,3,1,1382,1383,1,3538937.562,3541832.375,2894.812
6,217,3,2,1384,1385,1,3543103.500,3545915.000,2811.500
6,218,3,3,1386,1387,1,3547279.938,3550393.812,3113.875
6,220,3,5,1390,1390,0,3555603.250,3555685.125,81.875
6,221,4,0,1392,1392,0,3559767.500,3561709.062,1941.562
6,222,4,1,1394,1395,1,3563935.188,3567139.688,3204.500
6,223,4,2,1396,1397,1,3568111.688,3572037.625,3925.938
6,225,4,4,1400,1400,0,3576431.562,3578042.625,1611.062
6,226,4,5,1402,1403,1,3580606.188,3583208.688,2602.500
6,227,9,0,1452,1452,0,3684747.562,3686431.125,1683.562
6,228,9,1,1454,1455,1,3688913.500,3692018.438,3104.938
6,229,9,2,1456,1457,1,3693079.500,3696848.250,3768.750
6,231,9,4,1460,1460,0,3701411.688,3703019.438,1607.750
6,232,9,5,1462,1463,1,3705580.062,3708316.062,2736.000
6,233,15,0,1524,1524,0,3834726.625,3836416.812,1690.188
6,234,15,1,1526,1527,1,3838889.875,3841838.750,2948.875
6,235,15,2,1528,1529,1,3843055.562,3846169.438,3113.875
6,237,15,4,1532,1532,0,3851387.562,3852690.312,1302.750
6,238,15,5,1534,1535,1,3855554.875,3857702.812,2147.938
6,239,0,0,1536,1537,1,3859719.500,3862811.625,3092.125
6,240,0,1,1538,1539,1,3863885.562,3867740.500,3854.938
6,242,0,3,1542,1542,0,3872217.500,3873782.500,1565.000
6,243,0,4,1544,1545,1,3876383.562,3879573.250,3189.688
6,244,0,5,1546,1547,1,3880549.562,3884297.500,3747.938
6,245,3,0,1572,1572,0,3934707.500,3936312.938,1605.438
6,246,3,1,1574,1575,1,3938876.375,3941915.500,3039.125
6,247,3,2,1576,1577,1,3943039.562,3946748.312,3708.750
6,249,3,4,1580,1580,0,3951371.500,3952925.500,1554.000
6,250,3,5,1582,1583,1,3955543.750,3958225.125,2681.375
6,251,4,0,1584,1585,1,3959703.562,3963221.125,3517.562
6,253,4,2,1588,1588,0,3968035.500,3969390.000,1354.500
6,254,4,3,1590,1591,1,3972201.562,3975016.188,2814.625
6,255,4,4,1592,1593,1,3976367.500,3980439.312,4071.812
6,256,4,5,1594,1596,2,3980534.562,3985563.500,5028.938
6,257,9,0,1644,1644,0,4084683.500,4086369.812,1686.312
6,258,9,1,1646,1647,1,4088849.688,4091776.062,2926.375
6,260,9,3,1650,1650,0,4097181.500,4097222.500,41.000
6,261,9,4,1652,1652,0,4101348.250,4102757.500,1409.250
6,262,9,5,1654,1654,0,4105516.438,4107357.875,1841.438
6,263,15,0,1716,1716,0,4234659.500,4236292.125,1632.625
6,264,15,1,1718,1719,1,4238835.938,4241925.188,3089.250
6,265,15,2,1720,1721,1,4242991.562,4246776.250,3784.688
6,267,15,4,1724,1724,0,4251323.562,4252965.438,1641.875
6,268,15,5,1726,1727,1,4255492.375,4258094.625,2602.250
6,269,0,0,1728,1729,1,4259655.688,4262973.500,3317.812
6,271,0,2,1732,1732,0,4267987.562,4269421.812,1434.250
6,272,0,3,1734,1735,1,4272153.812,4275023.875,2870.062
6,273,0,4,1736,1737,1,4276319.500,4279424.062,3104.562
6,274,0,5,1738,1739,1,4280489.938,4284471.625,3981.688
6,275,3,0,1764,1764,0,4334643.500,4336312.688,1669.188
6,276,3,1,1766,1767,1,4338809.562,4340980.312,2170.750
6,277,3,2,1768,1769,1,4342975.562,4346182.000,3206.438
6,278,3,3,1770,1771,1,4347141.500,4351217.375,4075.875
6,279,3,4,1772,1773,1,4351312.125,4355277.625,3965.500
6,281,4,0,1776,1776,0,4359639.500,4361488.625,1849.125
6,282,4,1,1778,1779,1,4363805.688,4366905.750,3100.062
6,283,4,2,1780,1781,1,4367971.500,4371752.312,3780.812
6,285,4,4,1784,1784,0,4376303.500,4377920.250,1616.750
6,286,4,5,1786,1787,1,4380469.500,4383034.438,2564.938
6,287,9,0,1836,1836,0,4484619.500,4486235.438,1615.938
6,288,9,1,1838,1839,1,4488786.438,4491835.000,3048.562
6,289,9,2,1840,1841,1,4492951.625,4496677.062,3725.438
6,291,9,4,1844,1844,0,4501283.562,4502836.000,1552.438
6,292,9,5,1846,1847,1,4505454.188,4507804.438,2350.250
6,293,15,0,1908,1908,0,4634595.562,4636207.250,1611.688
6,294,15,1,1910,1911,1,4638762.938,4641628.875,2865.938
6,295,15,2,1912,1913,1,4642927.562,4646088.562,3161.000
6,297,15,4,1916,1916,0,4651259.500,4651346.125,86.625
6,298,15,5,1918,1917,-1,4655429.938,4655384.875,-45.062
6,299,0,0,1920,1920,0,4659591.562,4661612.000,2020.438
6,300,0,1,1922,1923,1,4663761.688,4666809.938,3048.250
6,301,0,2,1924,1925,1,4667923.500,4671521.500,3598.000
6,303,0,4,1928,1928,0,4676255.500,4677794.188,1538.688
6,304,0,5,1930,1931,1,4680421.500,4683089.312,2667.812
6,305,3,0,1956,1956,0,4734579.500,4736341.750,1762.250
6,306,3,1,1958,1958,0,4738749.688,4740385.750,1636.062
6,307,3,2,1960,1961,1,4742911.500,4745992.312,3080.812
6,308,3,3,1962,1963,1,4747085.938,4750638.062,3552.125
6,310,3,5,1966,1966,0,4755409.938,4756372.750,962.812
6,311,4,0,1968,1968,0,4759575.500,4761655.500,2080.000
6,312,4,1,1970,1971,1,4763741.625,4766898.062,3156.438
6,313,4,2,1972,1973,1,4767907.500,4771945.562,4038.062
6,315,4,4,1976,1976,0,4776239.562,4777718.000,1478.438
6,316,4,5,1978,1978,0,4780409.500,4781525.812,1116.312
6,317,9,0,2028,2028,0,4884555.500,4886227.688,1672.188
6,318,9,1,2030,2031,1,4888721.625,4890892.312,2170.688
6,319,9,2,2032,2033,1,4892887.562,4896091.000,3203.438
6,320,9,3,2034,2035,1,4897053.562,4901111.125,4057.562
6,322,9,5,2038,2038,0,4905388.000,4906631.250,1243.250
6,323,15,0,2100,2100,0,5034531.500,5036215.688,1684.188
6,324,15,1,2102,2103,1,5038707.875,5041848.750,3140.875
6,325,15,2,2104,2105,1,5042863.938,5046511.125,3647.188
6,327,15,4,2108,2108,0,5051195.500,5052653.062,1457.562
6,328,15,5,2110,2111,1,5055365.312,5057690.000,2324.688
6,329,0,0,2112,2113,1,5059527.500,5062682.125,3154.625
6,331,0,2,2116,2116,0,5067859.500,5069156.375,1296.875
6,332,0,3,2118,2119,1,5072031.125,5074199.125,2168.000
6,333,0,4,2120,2121,1,5076191.562,5079384.375,3192.812
6,334,0,5,2122,2123,1,5080362.875,5084497.938,4135.062
6,335,3,0,2148,2148,0,5134515.562,5136127.125,1611.562
6,336,3,1,2150,2151,1,5138682.812,5140794.750,2111.938
6,337,3,2,2152,2153,1,5142847.500,5145984.188,3136.688
6,338,3,3,2154,2155,1,5147013.500,5151019.562,4006.062
6,340,3,5,2158,2158,0,5155350.062,5156545.688,1195.625
6,341,4,0,2160,2160,0,5159511.500,5161479.188,1967.688
6,342,4,1,2162,2162,0,5163687.062,5165350.000,1662.938
6,343,4,2,2164,2165,1,5167843.500,5170958.062,3114.562
6,344,4,3,2166,2167,1,5172012.250,5175605.312,3593.062
6,346,4,5,2170,2170,0,5180341.500,5181355.250,1013.750
6,347,9,0,2220,2220,0,5284491.500,5286152.938,1661.438
6,348,9,1,2222,2223,1,5288669.188,5291777.000,3107.812
6,349,9,2,2224,2225,1,5292823.500,5295747.375,2923.875
6,350,9,3,2226,2227,1,5296989.562,5300376.125,3386.562
6,352,9,5,2230,2230,0,5305321.562,5306291.750,970.188
6,353,15,0,2292,2292,0,5434467.562,5436076.500,1608.938
6,354,15,1,2294,2295,1,5438645.625,5440774.625,2129.000
6,355,15,2,2296,2297,1,5442799.500,5445982.312,3182.812
6,356,15,3,2298,2299,1,5446965.500,5451011.438,4045.938
6,358,15,5,2302,2302,0,5455297.500,5456385.375,1087.875
6,359,0,0,2304,2304,0,5459463.500,5461493.188,2029.688
6,360,0,1,2306,2306,0,5463629.688,5465345.750,1716.062
6,361,0,2,2308,2309,1,5467795.562,5470935.562,3140.000
6,362,0,3,2310,2311,1,5471963.062,5475576.812,3613.750
6,364,0,5,2314,2314,0,5480298.438,5481155.375,856.938
6,365,3,0,2340,2340,0,5534451.500,5536197.812,1746.312
6,366,3,1,2342,2343,1,5538617.562,5541588.938,2971.375
6,367,3,2,2344,2345,1,5542783.625,5546231.312,3447.688
6,368,3,3,2346,2347,1,5546949.500,5550280.938,3331.438
6,370,3,5,2350,2350,0,5555281.500,5556216.562,935.062
6,371,4,0,2352,2352,0,5559447.688,5561525.688,2078.000
6,372,4,1,2354,2355,1,5563613.500,5566741.875,3128.375
6,373,4,2,2356,2357,1,5567780.188,5571777.125,3996.938
6,375,4,4,2360,2360,0,5576111.812,5577768.625,1656.812
6,376,4,5,2362,2363,1,5580277.625,5583069.750,2792.125
6,377,9,0,2412,2412,0,5684427.500,5686146.000,1718.500
6,378,9,1,2414,2415,1,5688593.625,5691544.625,2951.000
6,379,9,2,2416,2417,1,5692759.500,5696587.625,3828.125
6,381,9,4,2420,2420,0,5701091.812,5702545.625,1453.812
6,382,9,5,2422,2423,1,5705257.500,5707842.250,2584.750
6,383,15,0,2484,2484,0,5834403.500,5836169.625,1766.125
6,384,15,1,2486,2487,1,5838570.000,5841796.312,3226.312
6,386,15,3,2490,2490,0,5846912.438,5848373.812,1461.375
6,387,15,4,2492,2493,1,5851067.500,5853998.625,2931.125
6,388,15,5,2494,2495,1,5855234.062,5858329.438,3095.375
6,389,0,0,2496,2497,1,5859399.562,5863538.250,4138.688
6,391,0,2,2500,2500,0,5867732.812,5869297.562,1564.750
6,392,0,3,2502,2502,0,5871901.250,5873748.500,1847.250
6,393,0,4,2504,2505,1,5876063.750,5879149.625,3085.875
6,394,0,5,2506,2507,1,5880229.625,5884062.250,3832.625
6,395,3,0,2532,2532,0,5934387.500,5935983.938,1596.438
6,396,3,1,2534,2535,1,5938553.938,5941598.750,3044.812
6,397,3,2,2536,2537,1,5942719.500,5946443.812,3724.312
6,399,3,4,2540,2540,0,5951051.500,5952608.750,1557.250
6,400,3,5,2542,2543,1,5955222.125,5957719.688,2497.562
6,401,4,0,2544,2545,1,5959383.500,5962916.625,3533.125
6,403,4,2,2548,2548,0,5967718.562,5969095.688,1377.125
6,404,4,3,2550,2551,1,5971881.500,5974717.750,2836.250
6,405,4,4,2552,2553,1,5976047.812,5978767.250,2719.438
6,406,4,5,2554,2555,1,5980216.000,5983294.500,3078.500
6,407,9,0,2604,2604,0,6084363.500,6086096.812,1733.312
6,408,9,1,2606,2607,1,6088529.688,6091394.438,2864.750
6,409,9,2,2608,2609,1,6092695.562,6096033.812,3338.250
6,411,9,4,2612,2612,0,6101027.500,6101069.188,41.688
6,412,9,5,2614,2614,0,6105193.562,6105997.812,804.250
6,413,15,0,2676,2676,0,6234340.125,6236057.938,1717.812
6,414,15,1,2678,2679,1,6238506.438,6241477.812,2971.375
6,415,15,2,2680,2681,1,6242671.562,6246529.812,3858.250
6,417,15,4,2684,2684,0,6251003.688,6252518.062,1514.375
6,418,15,5,2686,2687,1,6255169.500,6257835.938,2666.438
6,419,0,0,2688,2689,1,6259335.500,6263030.750,3695.250
6,421,0,2,2692,2692,0,6267667.562,6269197.812,1530.250
6,422,0,3,2694,2694,0,6271844.938,6273442.250,1597.312
6,423,0,4,2696,2697,1,6275999.562,6278881.875,2882.312
6,424,0,5,2698,2699,1,6280165.500,6283390.875,3225.375
6,425,3,0,2724,2724,0,6334323.500,6336063.062,1739.562
6,426,3,1,2726,2727,1,6338489.625,6341466.438,2976.812
6,428,3,3,2730,2730,0,6346821.562,6348049.750,1228.188
6,429,3,4,2732,2733,1,6350987.500,6353120.375,2132.875
6,430,3,5,2734,2735,1,6355164.562,6358206.562,3042.000
6,431,4,0,2736,2737,1,6359319.562,6362417.750,3098.188
6,432,4,1,2738,2739,1,6363497.750,6367264.812,3767.062
6,434,4,3,2742,2742,0,6371822.750,6373254.688,1431.938
6,435,4,4,2744,2745,1,6375983.562,6379063.688,3080.125
6,436,4,5,2746,2747,1,6380149.562,6383793.625,3644.062
6,437,9,0,2796,2796,0,6484299.625,6485989.625,1690.000
6,438,9,1,2798,2798,0,6488465.500,6490420.250,1954.750
6,439,9,2,2800,2801,1,6492631.562,6495835.125,3203.562
6,440,9,3,2802,2803,1,6496797.688,6500654.312,3856.625
6,442,9,5,2806,2806,0,6505130.938,6506381.250,1250.312
6,443,15,0,2868,2868,0,6634276.312,6635936.812,1660.500
6,444,15,1,2870,2871,1,6638446.750,6641563.500,3116.750
6,446,15,3,2874,2874,0,6646773.625,6648154.688,1381.062
6,447,15,4,2876,2877,1,6650939.500,6653767.250,2827.750
6,448,15,5,2878,2878,0,6655105.875,6657183.062,2077.188
6,449,0,0,2880,2881,1,6659271.500,6662230.750,2959.250
6,450,0,1,2882,2883,1,6663437.688,6667525.562,4087.875
6,452,0,3,2886,2886,0,6671774.000,6673290.250,1516.250
6,453,0,4,2888,2889,1,6675935.500,6678892.312,2956.812
6,454,0,5,2890,2891,1,6680102.312,6683804.938,3702.625
6,455,3,0,2916,2916,0,6734259.500,6735948.250,1688.750
6,456,3,1,2918,2919,1,6738425.500,6741550.812,3125.312
6,457,3,2,2920,2921,1,6742591.688,6745799.750,3208.062
6,458,3,3,2922,2923,1,6746757.562,6750445.500,3687.938
6,460,3,5,2926,2926,0,6755089.500,6756184.812,1095.312
6,461,4,0,2928,2928,0,6759255.500,6761106.062,1850.562
6,462,4,1,2930,2931,1,6763423.188,6766336.250,2913.062
6,463,4,2,2932,2933,1,6767587.500,6770980.125,3392.625
6,465,4,4,2936,2936,0,6775919.500,6776032.250,112.750
6,466,4,5,2938,2938,0,6780088.625,6781156.500,1067.875
6,467,9,0,2988,2988,0,6884235.562,6885842.500,1606.938
6,468,9,1,2990,2991,1,6888401.500,6891218.375,2816.875
6,469,9,2,2992,2993,1,6892567.500,6895857.750,3290.250
6,470,9,3,2994,2995,1,6896733.500,6900826.000,4092.500
6,472,9,5,2998,2998,0,6905065.500,6906157.438,1091.938
6,473,15,0,3060,3060,0,7034212.062,7035972.375,1760.312
6,474,15,1,3062,3063,1,7038380.812,7041581.250,3200.438
6,475,15,2,3064,3065,1,7042543.500,7046432.312,3888.812
6,477,15,4,3068,3068,0,7050875.562,7052432.812,1557.250
6,478,15,5,3070,3071,1,7055044.250,7057750.688,2706.438
6,479,0,0,3072,3073,1,7059207.500,7062732.312,3524.812
6,481,0,2,3076,3076,0,7067539.500,7069075.812,1536.312
6,482,0,3,3078,3079,1,7071706.250,7074697.750,2991.500
6,484,0,5,3082,3082,0,7080046.688,7080811.312,764.625
6,485,3,0,3108,3108,0,7134195.500,7135914.875,1719.375
6,486,3,1,3110,3111,1,7138361.500,7141129.562,2768.062
6,487,3,2,3112,3113,1,7142527.562,7145771.938,3244.375
6,488,3,3,3114,3115,1,7146695.688,7150807.312,4111.625
6,490,3,5,3118,3118,0,7155025.562,7156144.750,1119.188
6,491,4,0,3120,3120,0,7159192.125,7161066.000,1873.875
6,492,4,1,3122,3123,1,7163359.812,7166483.125,3123.312
6,493,4,2,3124,3125,1,7167523.500,7170721.312,3197.812
6,494,4,3,3126,3127,1,7171696.875,7175380.812,3683.938
6,496,4,5,3130,3130,0,7180021.500,7181110.875,1089.375
6,497,9,0,3180,3180,0,7284171.562,7285857.000,1685.438
6,498,9,1,3182,3183,1,7288342.375,7291456.562,3114.188
6,499,9,2,3184,3185,1,7292503.625,7296286.375,3782.750
6,500,9,3,3186,3187,1,7296673.125,7300333.000,3659.875
6,502,9,5,3190,3190,0,7305001.500,7305994.562,993.062
6,503,15,0,3252,3252,0,7434147.562,7435809.500,1661.938
6,504,15,1,3254,3255,1,7438313.500,7441243.375,2929.875
6,505,15,2,3256,3257,1,7442483.438,7445715.312,3231.875
6,507,15,4,3260,3260,0,7450811.500,7452107.188,1295.688
6,508,15,5,3262,3263,1,7454981.938,7457119.688,2137.750
6,509,0,0,3264,3265,1,7459143.562,7462204.000,3060.438
6,510,0,1,3266,3267,1,7463316.438,7467233.750,3917.312
6,511,0,2,3268,3269,1,7467475.500,7471200.875,3725.375
6,513,0,4,3272,3272,0,7475807.625,7477420.938,1613.312
6,514,0,5,3274,3275,1,7479973.625,7482716.062,2742.438
6,515,3,0,3300,3300,0,7534131.562,7535735.625,1604.062
6,516,3,1,3302,3303,1,7538297.938,7541325.938,3028.000
6,517,3,2,3304,3305,1,7542463.562,7546171.000,3707.438
6,519,3,4,3308,3308,0,7550795.500,7552335.938,1540.438
6,520,3,5,3310,3310,0,7554962.188,7556343.188,1381.000
6,521,4,0,3312,3313,1,7559127.562,7562061.688,2934.125
6,522,4,1,3314,3315,1,7563304.188,7566468.375,3164.188
6,524,4,3,3318,3318,0,7571627.000,7572898.625,1271.625
6,525,4,4,3320,3321,1,7575791.562,7577946.250,2154.688
6,526,4,5,3322,3323,1,7579961.438,7583033.938,3072.500
6,527,9,0,3372,3372,0,7684107.500,7685692.500,1585.000
6,528,9,1,3374,3375,1,7688273.500,7691092.875,2819.375
6,529,9,2,3376,3377,1,7692439.500,7695519.062,3079.562
6,530,9,3,3378,3379,1,7696605.938,7700752.375,4146.438
6,532,9,5,3382,3382,0,7704937.500,7706083.812,1146.312
6,533,15,0,3444,3444,0,7834083.500,7835849.188,1765.688
6,534,15,1,3446,3447,1,7838256.812,7841457.750,3200.938
6,535,15,2,3448,3449,1,7842415.562,7846132.375,3716.812
6,537,15,4,3452,3452,0,7850747.500,7852334.125,1586.625
6,538,15,5,3454,3455,1,7854913.562,7857440.562,2527.000
6,539,0,0,3456,3457,1,7859079.500,7862368.562,3289.062
6,541,0,2,3460,3460,0,7867411.500,7868790.188,1378.688
6,542,0,3,3462,3463,1,7871577.500,7874392.250,2814.750
6,543,0,4,3464,3465,1,7875743.562,7878752.812,3009.250
6,544,0,5,3466,3467,1,7879915.938,7883801.500,3885.562
6,545,3,0,3492,3492,0,7934067.562,7935671.375,1603.812
6,546,3,1,3494,3494,0,7938245.438,7939928.562,1683.125
6,547,3,2,3496,3496,0,7942399.500,7944348.875,1949.375
6,548,3,3,3498,3499,1,7946565.500,7949565.812,3000.312
6,549,3,4,3500,3501,1,7950731.562,7954599.562,3868.000
6,551,4,0,3504,3504,0,7959063.500,7961036.000,1972.500
6,552,4,1,3506,3507,1,7963232.688,7966252.188,3019.500
6,553,4,2,3508,3509,1,7967395.500,7971098.750,3703.250
6,555,4,4,3512,3512,0,7975727.562,7977266.688,1539.125
6,556,4,5,3514,3514,0,7979904.750,7981263.188,1358.438
6,557,9,0,3564,3564,0,8084043.500,8085756.688,1713.188
6,558,9,1,3566,3567,1,8088209.500,8091356.250,3146.750
6,559,9,2,3568,3569,1,8092375.500,8095985.125,3609.625
6,561,9,4,3572,3572,0,8100710.562,8102016.812,1306.250
6,562,9,5,3574,3575,1,8104873.500,8107452.938,2579.438
6,563,15,0,3636,3636,0,8234019.500,8235734.312,1714.812
6,564,15,1,3638,3638,0,8238185.625,8239796.562,1610.938
6,565,15,2,3640,3641,1,8242352.312,8244473.062,2120.750
6,566,15,3,3642,3643,1,8246520.875,8249671.250,3150.375
6,567,15,4,3644,3645,1,8250683.500,8254723.250,4039.750
6,569,0,0,3648,3648,0,8259015.500,8260938.125,1922.625
6,570,0,1,3650,3651,1,8263181.500,8266349.250,3167.750
6,571,0,2,3652,3653,1,8267350.500,8270872.125,3521.625
6,573,0,4,3656,3656,0,8275679.500,8277345.750,1666.250
6,574,0,5,3658,3658,0,8279846.562,8281348.500,1501.938
6,575,3,0,3684,3684,0,8334003.500,8335692.688,1689.188
6,576,3,1,3686,3687,1,8338172.625,8341295.250,3122.625
6,577,3,2,3688,3689,1,8342335.500,8345939.375,3603.875
6,579,3,4,3692,3692,0,8350667.500,8352106.062,1438.562
6,580,3,5,3694,3695,1,8354833.500,8357229.250,2395.750
6,581,4,0,3696,3697,1,8358999.500,8362211.250,3211.750
6,582,4,1,3698,3699,1,8363165.625,8366236.750,3071.125
6,583,4,2,3700,3701,1,8367331.625,8371485.188,4153.562
6,585,4,4,3704,3704,0,8375663.500,8377275.750,1612.250
6,586,4,5,3706,3707,1,8379834.250,8382777.812,2943.562
6,587,9,0,3756,3756,0,8483979.500,8485717.688,1738.188
6,588,9,1,3758,3758,0,8488145.500,8490141.625,1996.125
6,589,9,2,3760,3760,0,8492311.500,8494364.688,2053.188
6,590,9,3,3762,3763,1,8496480.562,8499578.625,3098.062
6,591,9,4,3764,3765,1,8500643.500,8504621.625,3978.125
6,592,9,5,3766,3768,2,8504819.688,8509937.750,5118.062
6,593,15,0,3828,3828,0,8633955.500,8635724.875,1769.375
6,594,15,1,3830,3831,1,8638121.625,8641144.750,3023.125
6,595,15,2,3832,3833,1,8642287.500,8645758.125,3470.625
6,597,15,4,3836,3836,0,8650619.500,8652185.000,1565.500
6,598,15,5,3838,3839,1,8654785.500,8657315.938,2530.438
6,599,0,0,3840,3841,1,8658951.500,8662308.062,3356.562
6,600,0,1,3842,3843,1,8663117.562,8666339.812,3222.250
6,602,0,3,3846,3846,0,8671452.938,8672696.812,1243.875
6,603,0,4,3848,3849,1,8675615.562,8677738.438,2122.875
6,604,0,5,3850,3851,1,8679781.750,8682807.875,3026.125
6,605,3,0,3876,3876,0,8733939.562,8735652.625,1713.062
6,606,3,1,3878,3879,1,8738117.312,8741279.688,3162.375
6,607,3,2,3880,3881,1,8742271.500,8746112.500,3841.000
6,608,3,3,3882,3883,1,8746439.812,8750350.812,3911.000
6,610,3,5,3886,3886,0,8754769.938,8755889.188,1119.250
6,611,4,0,3888,3888,0,8758936.688,8760810.438,1873.750
6,612,4,1,3890,3891,1,8763101.625,8766227.562,3125.938
6,613,4,2,3892,3893,1,8767267.500,8770873.188,3605.688
6,615,4,4,3896,3896,0,8775599.500,8777055.125,1455.625
6,616,4,5,3898,3899,1,8779765.500,8782167.562,2402.062
6,617,9,0,3948,3948,0,8883915.500,8885555.625,1640.125
6,618,9,1,3950,3951,1,8888081.562,8891155.188,3073.625
6,619,9,2,3952,3953,1,8892247.500,8895796.312,3548.812
6,621,9,4,3956,3956,0,8900579.500,8901957.000,1377.500
6,622,9,5,3958,3959,1,8904745.500,8906936.000,2190.500
6,623,15,0,4020,4020,0,9033891.500,9035550.312,1658.812
6,624,15,1,4022,4023,1,9038057.562,9040223.938,2166.375
6,625,15,2,4024,4025,1,9042223.500,9045431.625,3208.125
6,626,15,3,4026,4027,1,9046391.562,9049487.250,3095.688
6,627,15,4,4028,4029,1,9050555.625,9054527.000,3971.375
6,629,0,0,4032,4032,0,9058887.625,9060754.125,1866.500
6,630,0,1,4034,4035,1,9063053.562,9066153.000,3099.438
6,631,0,2,4036,4037,1,9067219.500,9070792.625,3573.125
6,633,0,4,4040,4040,0,9075551.750,9077125.000,1573.250
6,634,0,5,4042,4043,1,9079718.688,9082245.438,2526.750
6,635,3,0,4068,4068,0,9133875.500,9135487.188,1611.688
6,636,3,1,4070,4071,1,9138050.812,9141095.625,3044.812
6,638,3,3,4074,4074,0,9146373.500,9147674.812,1301.312
6,639,3,4,4076,4077,1,9150545.250,9153305.875,2760.625
6,640,3,5,4078,4079,1,9154705.500,9157831.625,3126.125
6,641,4,0,4080,4081,1,9158871.562,9162827.625,3956.062
6,643,4,2,4084,4084,0,9167203.562,9168586.688,1383.125
6,644,4,3,4086,4086,0,9171369.500,9173244.562,1875.062
6,645,4,4,4088,4088,0,9175535.562,9177295.688,1760.125
6,646,4,5,4090,4091,1,9179706.188,9182408.125,2701.938
6,647,9,0,4140,4140,0,9283851.562,9285566.375,1714.812
6,648,9,1,4142,4143,1,9288017.500,9291165.938,3148.438
6,649,9,2,4144,4145,1,9292183.500,9296184.438,4000.938
6,651,9,4,4148,4148,0,9300515.500,9302154.688,1639.188
6,652,9,5,4150,4150,0,9304686.375,9306347.625,1661.250
6,653,15,0,4212,4212,0,9433827.500,9435548.938,1721.438
6,654,15,1,4214,4215,1,9437994.625,9440906.438,2911.812
6,655,15,2,4216,4217,1,9442159.500,9445554.812,3395.312
6,657,15,4,4220,4220,0,9450491.562,9451745.750,1254.188
6,658,15,5,4222,4223,1,9454657.688,9456770.500,2112.812
6,659,0,0,4224,4225,1,9458823.812,9461828.438,3004.625
6,660,0,1,4226,4227,1,9462994.438,9467073.250,4078.812
6,662,0,3,4230,4230,0,9471321.500,9472832.062,1510.562
6,663,0,4,4232,4232,0,9475487.500,9477071.750,1584.250
6,664,0,5,4234,4235,1,9479653.500,9482366.875,2713.375
6,665,3,0,4260,4260,0,9533811.500,9535548.125,1736.625
6,666,3,1,4262,4263,1,9537977.500,9541150.688,3173.188
6,667,3,2,4264,4265,1,9542143.500,9545995.750,3852.250
6,669,3,4,4268,4268,0,9550475.500,9552160.688,1685.188
6,670,3,5,4270,4271,1,9554643.500,9557271.625,2628.125
6,671,4,0,4272,4273,1,9558807.500,9561860.188,3052.688
6,672,4,1,4274,4275,1,9562973.500,9566494.062,3520.562
6,674,4,3,4278,4278,0,9571305.562,9572686.625,1381.062
6,675,4,4,4280,4281,1,9575471.562,9578306.938,2835.375
6,676,4,5,4282,4283,1,9579637.500,9582821.938,3184.438
6,677,9,0,4332,4332,0,9683787.500,9685498.875,1711.375
6,678,9,1,4334,4334,0,9687953.500,9689539.875,1586.375
6,679,9,2,4336,4337,1,9692122.438,9694919.750,2797.312
6,680,9,3,4338,4339,1,9696285.625,9699560.750,3275.125
6,681,9,4,4340,4341,1,9700458.688,9704603.750,4145.062
6,682,9,5,4342,4344,2,9704621.062,9709718.938,5097.875
6,683,15,0,4404,4404,0,9833763.500,9835499.312,1735.812
6,684,15,1,4406,4407,1,9837929.562,9841107.875,3178.312
6,685,15,2,4408,4409,1,9842095.500,9845958.938,3863.438
6,687,15,4,4412,4412,0,9850427.562,9851959.438,1531.875
6,688,15,5,4414,4415,1,9854603.562,9857302.125,2698.562
6,689,0,0,4416,4417,1,9858759.500,9862484.688,3725.188
6,691,0,2,4420,4420,0,9867091.500,9868651.750,1560.250
6,692,0,3,4422,4423,1,9871258.188,9874255.562,2997.375
6,693,0,4,4424,4425,1,9875423.562,9878616.125,3192.562
6,694,0,5,4426,4427,1,9879592.062,9883703.312,4111.250
6,695,3,0,4452,4452,0,9933747.562,9935381.812,1634.250
6,696,3,1,4454,4455,1,9937913.500,9940785.188,2871.688
6,697,3,2,4456,4457,1,9942079.500,9944297.250,2217.750
6,698,3,3,4458,4459,1,9946245.500,9949477.188,3231.688
6,699,3,4,4460,4461,1,9950411.562,9954510.938,4099.375
6,701,4,0,4464,4464,0,9958743.875,9960721.938,1978.062
6,702,4,1,4466,4467,1,9962909.750,9965938.125,3028.375
6,703,4,2,4468,4469,1,9967075.500,9970973.375,3897.875
6,705,4,4,4472,4472,0,9975407.562,9976964.875,1557.312
6,706,4,5,4474,4475,1,9979573.500,9982266.000,2692.500
6,707,9,0,4524,4524,0,10083723.500,10085468.750,1745.250
6,708,9,1,4526,4527,1,10087890.562,10091068.312,3177.750
6,709,9,2,4528,4529,1,10092055.500,10095910.375,3854.875
6,711,9,4,4532,4532,0,10100387.562,10102069.312,1681.750
6,712,9,5,4534,4535,1,10104564.375,10107189.500,2625.125
6,713,15,0,4596,4596,0,10233702.688,10235334.438,1631.750
6,714,15,1,4598,4599,1,10237865.500,10240731.562,2866.062
6,715,15,2,4600,4601,1,10242031.500,10244992.375,2960.875
6,717,15,4,4604,4604,0,10250363.625,10251583.438,1219.812
6,718,15,5,4606,4606,0,10254531.000,10256592.938,2061.938
6,719,0,0,4608,4609,1,10258695.500,10261704.750,3009.250
6,720,0,1,4610,4611,1,10262864.188,10266710.000,3845.812
6,722,0,3,4614,4614,0,10271193.500,10272700.125,1506.625
6,723,0,4,4616,4617,1,10275359.562,10278490.875,3131.312
6,724,0,5,4618,4619,1,10279525.875,10283202.562,3676.688
6,725,3,0,4644,4644,0,10333683.562,10335365.875,1682.312
6,726,3,1,4646,4647,1,10337851.250,10340968.438,3117.188
6,727,3,2,4648,4649,1,10342015.500,10345801.250,3785.750
6,729,3,4,4652,4652,0,10350347.562,10351978.438,1630.875
6,730,3,5,4654,4655,1,10354518.875,10357077.125,2558.250
6,731,4,0,4656,4657,1,10358679.500,10362073.125,3393.625
6,733,4,2,4660,4660,0,10367011.500,10368442.625,1431.125
6,734,4,3,4662,4662,0,10371177.562,10372691.312,1513.750
6,735,4,4,4664,4665,1,10375343.562,10377564.250,2220.688
6,736,4,5,4666,4667,1,10379521.812,10382664.188,3142.375
6,737,9,0,4716,4716,0,10483659.500,10485278.250,1618.750
6,738,9,1,4718,4719,1,10487825.562,10490690.875,2865.312
6,739,9,2,4720,4721,1,10491991.500,10495000.312,3008.812
6,740,9,3,4722,4723,1,10496157.500,10499376.875,3219.375
6,741,9,4,4724,4725,1,10500328.188,10504419.875,4091.688
6,742,9,5,4726,4728,2,10504491.438,10509723.750,5232.312
6,743,15,0,4788,4788,0,10633635.562,10635316.875,1681.312
6,744,15,1,4790,4791,1,10637802.125,10640925.438,3123.312
6,745,15,2,4792,4793,1,10641967.500,10645776.500,3809.000
6,747,15,4,4796,4796,0,10650299.562,10651965.688,1666.125
6,748,15,5,4798,4799,1,10654466.188,10657094.875,2628.688
6,749,0,0,4800,4801,1,10658631.500,10662076.500,3445.000
6,751,0,2,4804,4804,0,10666963.500,10668422.062,1458.562
6,752,0,3,4806,4807,1,10671129.500,10674042.250,2912.750
6,753,0,4,4808,4809,1,10675295.562,10679459.375,4163.812
6,754,0,5,4810,4812,2,10679461.625,10684547.062,5085.438
6,755,3,0,4836,4836,0,10733619.500,10735234.562,1615.062
6,756,3,1,4838,4838,0,10737785.562,10739837.938,2052.375
6,757,3,2,4840,4841,1,10741951.562,10745067.125,3115.562
6,758,3,3,4842,4843,1,10746129.688,10750102.500,3972.812
6,759,3,4,4844,4845,1,10750283.500,10754351.438,4067.938
6,761,4,0,4848,4848,0,10758615.500,10760611.438,1995.938
6,762,4,1,4850,4851,1,10762791.438,10765852.125,3060.688
6,763,4,2,4852,4853,1,10766947.562,10770698.688,3751.125
6,765,4,4,4856,4856,0,10775279.500,10776866.625,1587.125
6,766,4,5,4858,4859,1,10779445.500,10781904.438,2458.938
6,767,9,0,4908,4908,0,10883595.500,10885356.625,1761.125
6,768,9,1,4910,4911,1,10887764.250,10890943.938,3179.688
6,769,9,2,4912,4913,1,10891927.500,10895585.062,3657.562
6,771,9,4,4916,4916,0,10900259.812,10901616.750,1356.938
6,772,9,5,4918,4919,1,10904425.938,10907040.625,2614.688
6,773,15,0,4980,4980,0,11033571.688,11035313.875,1742.188
6,774,15,1,4982,4983,1,11037737.500,11040546.812,2809.312
6,775,15,2,4984,4985,1,11041903.500,11045195.188,3291.688
6,777,15,4,4988,4988,0,11050235.500,11050264.062,28.562
6,778,15,5,4990,4989,-1,11054401.500,11054315.062,-86.438
6,779,0,0,4992,4992,0,11058567.562,11060517.688,1950.125
6,780,0,1,4994,4995,1,11062739.188,11065916.562,3177.375
6,781,0,2,4996,4997,1,11066899.562,11070757.125,3857.562
6,783,0,4,5000,5000,0,11075231.500,11076900.812,1669.312
6,784,0,5,5002,5003,1,11079397.562,11082007.250,2609.688
6,785,3,0,5028,5028,0,11133555.500,11135247.438,1691.938
6,786,3,1,5030,5030,0,11137721.500,11139303.688,1582.188
6,787,3,2,5032,5033,1,11141887.688,11144797.000,2909.312
6,788,3,3,5034,5035,1,11146056.375,11149490.000,3433.625
6,790,3,5,5038,5038,0,11154387.000,11155423.875,1036.875
6,791,4,0,5040,5041,1,11158551.500,11161318.812,2767.312
6,792,4,1,5042,5043,1,11162717.500,11165950.938,3233.438
6,793,4,2,5044,5045,1,11166883.500,11170998.438,4114.938
6,795,4,4,5048,5048,0,11175215.625,11176770.875,1555.250
6,796,4,5,5050,5050,0,11179384.375,11180578.688,1194.312
6,797,9,0,5100,5100,0,11283531.500,11285254.750,1723.250
6,798,9,1,5102,5103,1,11287699.562,11290484.562,2785.000
6,799,9,2,5104,5105,1,11291863.562,11295903.188,4039.625
6,801,9,4,5108,5108,0,11300195.500,11301654.375,1458.875
6,802,9,5,5110,5110,0,11304364.312,11306053.812,1689.500
6,803,15,0,5172,5172,0,11433507.500,11435266.250,1758.750
6,804,15,1,5174,5174,0,11437674.062,11439316.250,1642.188
6,805,15,2,5176,5177,1,11441839.562,11444928.812,3089.250
6,806,15,3,5178,5179,1,11446015.562,11449592.812,3577.250
6,808,15,5,5182,5182,0,11454348.875,11455230.875,882.000
6,809,0,0,5184,5184,0,11458503.500,11460349.188,1845.688
6,810,0,1,5186,5187,1,11462670.375,11464813.125,2142.750
6,811,0,2,5188,5189,1,11466835.562,11469998.062,3162.500
6,812,0,3,5190,5191,1,11471001.750,11475028.938,4027.188
6,813,0,4,5192,5193,1,11475167.688,11479248.875,4081.188
6,814,0,5,5194,5196,2,11479340.062,11484361.062,5021.000
6,815,3,0,5220,5220,0,11533491.500,11535151.250,1659.750
6,816,3,1,5222,5223,1,11537657.500,11539806.625,2149.125
6,817,3,2,5224,5225,1,11541823.562,11545020.562,3197.000
6,818,3,3,5226,5227,1,11545989.625,11550031.438,4041.812
6,820,3,5,5230,5230,0,11554323.562,11555569.812,1246.250
6,821,4,0,5232,5232,0,11558487.500,11560491.062,2003.562
6,822,4,1,5234,5234,0,11562658.812,11564349.625,1690.812
6,823,4,2,5236,5237,1,11566819.500,11569957.688,3138.188
6,824,4,3,5238,5239,1,11570985.562,11574604.938,3619.375
6,826,4,5,5242,5242,0,11579318.750,11580354.875,1036.125
6,827,9,0,5292,5292,0,11683467.500,11685186.312,1718.812
6,828,9,1,5294,5295,1,11687638.750,11690785.875,3147.125
6,829,9,2,5296,5297,1,11691799.500,11694832.625,3033.125
6,830,9,3,5298,5299,1,11695965.562,11699473.625,3508.062
6,832,9,5,5302,5302,0,11704297.562,11705159.688,862.125
6,833,15,0,5364,5364,0,11833443.500,11835057.438,1613.938
6,834,15,1,5366,5367,1,11837609.500,11839731.062,2121.562
6,835,15,2,5368,5369,1,11841775.562,11844938.750,3163.188
6,836,15,3,5370,5371,1,11845942.125,11849980.125,4038.000
6,838,15,5,5374,5374,0,11854273.500,11855341.812,1068.312
6,839,0,0,5376,5376,0,11858439.812,11860461.875,2022.062
6,840,0,1,5378,5378,0,11862616.188,11864326.688,1710.500
6,841,0,2,5380,5381,1,11866771.562,11869928.750,3157.188
6,842,0,3,5382,5383,1,11870937.812,11874557.750,3619.938
6,844,0,5,5386,5386,0,11879275.312,11880188.938,913.625
6,845,3,0,5412,5412,0,11933427.562,11935118.875,1691.312
6,846,3,1,5414,5415,1,11937603.562,11940751.812,3148.250
6,848,3,3,5418,5418,0,11945925.812,11947329.250,1403.438
6,849,3,4,5420,5420,0,11950091.562,11951567.562,1476.000
6,850,3,5,5422,5423,1,11954257.625,11956374.875,2117.250
6,851,4,0,5424,5425,1,11958423.562,11961473.562,3050.000
6,852,4,1,5426,5427,1,11962589.500,11966685.750,4096.250
6,854,4,3,5430,5430,0,11970922.312,11972486.938,1564.625
6,855,4,4,5432,5433,1,11975087.625,11978095.000,3007.375
6,856,4,5,5434,5435,1,11979253.500,11983025.875,3772.375
6,857,9,0,5484,5484,0,12083403.625,12085115.375,1711.750
6,858,9,1,5486,5487,1,12087570.188,12090514.000,2943.812
6,859,9,2,5488,5489,1,12091735.500,12095544.750,3809.250
6,861,9,4,5492,5492,0,12100067.500,12101502.750,1435.250
6,862,9,5,5494,5495,1,12104233.500,12106823.875,2590.375
6,863,15,0,5556,5556,0,12233379.500,12235139.000,1759.500
6,864,15,1,5558,5559,1,12237545.562,12240753.438,3207.875
6,866,15,3,5562,5562,0,12245887.125,12247343.188,1456.062
6,867,15,4,5564,5565,1,12250043.562,12252768.812,2725.250
6,868,15,5,5566,5567,1,12254209.750,12257312.812,3103.062
6,869,0,0,5568,5569,1,12258375.562,12262495.375,4119.812
6,871,0,2,5572,5572,0,12266707.500,12268242.438,1534.938
6,872,0,3,5574,5574,0,12270884.062,12272705.625,1821.562
6,873,0,4,5576,5577,1,12275039.500,12278119.000,3079.500
6,874,0,5,5578,5579,1,12279205.750,12283031.625,3825.875
6,875,3,0,5604,5604,0,12333363.500,12335078.875,1715.375
6,876,3,1,5606,5607,1,12337531.312,12340681.438,3150.125
6,877,3,2,5608,5609,1,12341695.688,12345502.000,3806.312
6,879,3,4,5612,5612,0,12350027.500,12351691.438,1663.938
6,880,3,5,5614,5615,1,12354198.312,12356802.375,2604.062
6,881,4,0,5616,5617,1,12358359.562,12361987.062,3627.500
6,883,4,2,5620,5620,0,12366695.312,12368079.250,1383.938
6,884,4,3,5622,5623,1,12370857.500,12373775.938,2918.438
6,885,4,4,5624,5625,1,12375023.500,12377148.250,2124.750
6,886,4,5,5626,5627,1,12379189.500,12382235.938,3046.438
6,887,9,0,5676,5676,0,12483339.500,12484973.188,1633.688
6,888,9,1,5678,5679,1,12487510.750,12490572.750,3062.000
6,889,9,2,5680,5681,1,12491671.500,12494910.188,3238.688
6,891,9,4,5684,5684,0,12500003.562,12501374.562,1371.000
6,892,9,5,5686,5686,0,12504181.375,12505377.062,1195.688
6,893,15,0,5748,5748,0,12633315.688,12634975.625,1659.938
6,894,15,1,5750,5751,1,12637482.188,12640401.375,2919.188
6,895,15,2,5752,5753,1,12641647.562,12645453.375,3805.812
6,897,15,4,5756,5756,0,12649979.562,12651441.625,1462.062
6,898,15,5,5758,5759,1,12654145.562,12656759.500,2613.938
6,899,0,0,5760,5761,1,12658311.500,12661942.062,3630.562
6,901,0,2,5764,5764,0,12666643.500,12668096.875,1453.375
6,902,0,3,5766,5767,1,12670809.625,12673699.250,2889.625
6,903,0,4,5768,5769,1,12674975.500,12678326.625,3351.125
6,904,0,5,5770,5772,2,12679143.062,12684018.875,4875.812
6,905,3,0,5796,5796,0,12733299.500,12734956.812,1657.312
6,906,3,1,5798,5799,1,12737465.500,12740360.188,2894.688
6,907,3,2,5800,5801,1,12741631.500,12745002.562,3371.062
6,909,3,4,5804,5804,0,12749963.500,12750053.188,89.688
6,910,3,5,5806,5806,0,12754129.500,12755375.375,1245.875
6,911,4,0,5808,5808,0,12758295.562,12760296.938,2001.375
6,912,4,1,5810,5811,1,12762461.750,12765513.125,3051.375
6,913,4,2,5812,5813,1,12766627.500,12770548.375,3920.875
6,915,4,4,5816,5816,0,12774959.500,12776539.875,1580.375
6,916,4,5,5818,5819,1,12779125.500,12781841.000,2715.500
6,917,9,0,5868,5868,0,12883275.562,12884992.312,1716.750
6,918,9,1,5870,5870,0,12887445.062,12889422.938,1977.875
6,919,9,2,5872,5873,1,12891607.562,12894825.562,3218.000
6,920,9,3,5874,5875,1,12895775.188,12899669.250,3894.062
6,922,9,5,5878,5878,0,12904107.875,12905177.125,1069.250
6,923,15,0,5940,5940,0,13033251.562,13034891.875,1640.312
6,924,15,1,5942,5943,1,13037421.938,13040518.562,3096.625
6,926,15,3,5946,5946,0,13045749.500,13047122.000,1372.500
6,927,15,4,5948,5949,1,13049915.500,13052734.562,2819.062
6,928,15,5,5950,5951,1,13054085.750,13057051.688,2965.938
6,929,0,0,5952,5953,1,13058247.500,13062248.250,4000.750
6,931,0,2,5956,5956,0,13066579.562,13068007.562,1428.000
6,932,0,3,5958,5958,0,13070746.688,13072446.250,1699.562
6,933,0,4,5960,5961,1,13074911.562,13077859.625,2948.062
6,934,0,5,5962,5963,1,13079077.500,13082772.250,3694.750
6,935,3,0,5988,5988,0,13133235.562,13134867.250,1631.688
6,936,3,1,5990,5991,1,13137404.812,13140457.562,3052.750
6,937,3,2,5992,5993,1,13141567.500,13144706.500,3139.000
6,938,3,3,5994,5995,1,13145735.625,13149275.875,3540.250
6,940,3,5,5998,5998,0,13154065.500,13155286.125,1220.625
6,941,4,0,6000,6001,1,13158231.625,13161386.125,3154.500
6,943,4,2,6004,6004,0,13166564.312,13167944.312,1380.000
6,944,4,3,6006,6007,1,13170729.500,13173564.625,2835.125
6,945,4,4,6008,6009,1,13174895.562,13178007.562,3112.000
6,946,4,5,6010,6011,1,13179062.562,13183127.125,4064.562
6,947,9,0,6060,6060,0,13283211.562,13284921.000,1709.438
6,948,9,1,6062,6063,1,13287386.750,13290351.750,2965.000
6,950,9,3,6066,6066,0,13295709.562,13296910.938,1201.375
6,951,9,4,6068,6068,0,13299875.500,13301929.312,2053.812
6,952,9,5,6070,6071,1,13304041.500,13307037.250,2995.750
6,953,15,0,6132,6132,0,13433187.500,13434926.688,1739.188
6,954,15,1,6134,6135,1,13437353.688,13440535.250,3181.562
6,955,15,2,6136,6137,1,13441519.500,13444601.500,3082.000
6,956,15,3,6138,6139,1,13445688.250,13449454.188,3765.938
6,958,15,5,6142,6142,0,13454017.625,13455193.250,1175.625
6,959,0,0,6144,6144,0,13458183.750,13460112.375,1928.625
6,960,0,1,6146,6147,1,13462349.500,13465299.812,2950.312
6,961,0,2,6148,6149,1,13466515.500,13469937.688,3422.188
6,963,0,4,6152,6152,0,13474847.500,13476070.875,1223.375
6,964,0,5,6154,6155,1,13479015.750,13481390.500,2374.750
6,965,3,0,6180,6180,0,13533171.688,13534838.500,1666.812
6,966,3,1,6182,6182,0,13537337.500,13539361.875,2024.375
6,967,3,2,6184,6185,1,13541503.500,13544591.062,3087.562
6,968,3,3,6186,6187,1,13545670.062,13549601.938,3931.875
6,970,3,5,6190,6190,0,13554001.500,13554963.875,962.375
6,971,4,0,6192,6192,0,13558167.500,13560086.062,1918.562
6,972,4,1,6194,6195,1,13562333.500,13565302.250,2968.750
6,973,4,2,6196,6197,1,13566499.500,13569540.438,3040.938
6,974,4,3,6198,6199,1,13570669.188,13574175.438,3506.250
6,976,4,5,6202,6202,0,13578997.562,13580118.688,1121.125
6,977,9,0,6252,6252,0,13683147.625,13684808.562,1660.938
6,978,9,1,6254,6255,1,13687313.500,13690408.125,3094.625
6,979,9,2,6256,6257,1,13691479.500,13695237.938,3758.438
6,980,9,3,6258,6259,1,13695650.562,13699284.562,3634.000
6,982,9,5,6262,6262,0,13703978.250,13705200.188,1221.938
6,983,15,0,6324,6324,0,13833123.562,13834812.625,1689.062
6,984,15,1,6326,6327,1,13837289.562,13840240.125,2950.562
6,986,15,3,6330,6330,0,13845621.500,13846841.812,1220.312
6,987,15,4,6332,6332,0,13849787.500,13851680.500,1893.000
6,988,15,5,6334,6335,1,13853954.875,13856797.438,2842.562
6,989,0,0,6336,6337,1,13858119.562,13861980.000,3860.438
6,991,0,2,6340,6340,0,13866454.688,13867958.688,1504.000
6,992,0,3,6342,6343,1,13870617.500,13873560.750,2943.250
6,993,0,4,6344,6345,1,13874784.125,13878389.062,3604.938
6,994,0,5,6346,6348,2,13878949.625,13884079.562,5129.938
6,995,3,0,6372,6372,0,13933107.500,13934776.438,1668.938
6,996,3,1,6374,6375,1,13937275.688,13940379.000,3103.312
6,997,3,2,6376,6377,1,13941439.500,13945023.125,3583.625
6,999,3,4,6380,6380,0,13949772.125,13951389.000,1616.875
6,1000,3,5,6382,6382,0,13953937.500,13955396.250,1458.750
6,1001,4,0,6384,6385,1,13958103.688,13961120.625,3016.938
6,1003,4,2,6388,6388,0,13966435.500,13967689.312,1253.812
6,1004,4,3,6390,6391,1,13970602.062,13972750.312,2148.250
6,1005,4,4,6392,6393,1,13974767.500,13977764.812,2997.312
6,1006,4,5,6394,6395,1,13978933.625,13982884.375,3950.750
6,1007,9,0,6444,6444,0,14083083.500,14084666.000,1582.500
6,1008,9,1,6446,6447,1,14087250.062,14090066.375,2816.312
6,1009,9,2,6448,6449,1,14091415.500,14094468.062,3052.562
6,1010,9,3,6450,6451,1,14095581.500,14099725.875,4144.375
6,1012,9,5,6454,6454,0,14103916.438,14105057.312,1140.875
6,1013,15,0,6516,6516,0,14233059.938,14234798.188,1738.250
6,1014,15,1,6518,6519,1,14237226.125,14240406.750,3180.625
6,1015,15,2,6520,6521,1,14241391.500,14245069.125,3677.625
6,1017,15,4,6524,6524,0,14249723.562,14251258.312,1534.750
6,1018,15,5,6526,6526,0,14253889.500,14255195.188,1305.688
6,1019,0,0,6528,6529,1,14258055.500,14260911.562,2856.062
6,1020,0,1,6530,6531,1,14262221.625,14265525.438,3303.812
6,1022,0,3,6534,6534,0,14270553.500,14270582.188,28.688
6,1023,0,4,6536,6536,0,14274719.500,14276302.875,1583.375
6,1024,0,5,6538,6538,0,14278885.500,14280889.500,2004.000
6,1025,3,0,6564,6564,0,14333043.562,14334647.000,1603.438
6,1026,3,1,6566,6566,0,14337221.062,14338904.188,1683.125
6,1027,3,2,6568,6568,0,14341375.500,14343324.500,1949.000
6,1028,3,3,6570,6571,1,14345541.500,14348541.438,2999.938
6,1029,3,4,6572,6573,1,14349707.500,14353575.188,3867.688
6,1031,4,0,6576,6576,0,14358039.562,14360011.625,1972.062
6,1032,4,1,6578,6579,1,14362205.562,14365428.750,3223.188
6,1033,4,2,6580,6581,1,14366371.625,14370074.375,3702.750
6,1035,4,4,6584,6584,0,14374703.500,14376242.312,1538.812
6,1036,4,5,6586,6586,0,14378880.062,14380238.812,1358.750
6,1037,9,0,6636,6636,0,14483019.500,14484732.312,1712.812
6,1038,9,1,6638,6639,1,14487191.625,14490331.875,3140.250
6,1039,9,2,6640,6641,1,14491351.500,14494960.750,3609.250
6,1041,9,4,6644,6644,0,14499686.562,14500992.438,1305.875
6,1042,9,5,6646,6647,1,14503849.500,14506428.562,2579.062
6,1043,15,0,6708,6708,0,14632995.625,14634709.938,1714.312
6,1044,15,1,6710,6710,0,14637161.562,14638772.188,1610.625
6,1045,15,2,6712,6713,1,14641327.938,14643448.688,2120.750
6,1046,15,3,6714,6715,1,14645496.500,14648646.875,3150.375
6,1047,15,4,6716,6717,1,14649659.500,14653698.875,4039.375
6,1049,0,0,6720,6720,0,14657991.500,14659913.750,1922.250
6,1050,0,1,6722,6723,1,14662167.000,14665312.625,3145.625
6,1051,0,2,6724,6725,1,14666324.188,14670153.188,3829.000
6,1053,0,4,6728,6728,0,14674655.500,14676296.875,1641.375
6,1054,0,5,6730,6730,0,14678823.812,14680299.625,1475.812
6,1055,3,0,6756,6756,0,14732979.562,14734643.812,1664.250
6,1056,3,1,6758,6759,1,14737145.562,14740246.375,3100.812
6,1057,3,2,6760,6761,1,14741311.500,14744890.500,3579.000
6,1059,3,4,6764,6764,0,14749643.500,14751057.188,1413.688
6,1060,3,5,6766,6767,1,14753810.250,14756180.375,2370.125
6,1061,4,0,6768,6769,1,14757975.500,14761174.625,3199.125
6,1062,4,1,6770,6771,1,14762153.500,14765187.875,3034.375
6,1063,4,2,6772,6773,1,14766307.562,14770460.812,4153.250
6,1065,4,4,6776,6776,0,14774639.562,14776251.375,1611.812
6,1066,4,5,6778,6779,1,14778809.875,14781753.438,2943.562
6,1067,9,0,6828,6828,0,14882955.562,14884543.000,1587.438
6,1068,9,1,6830,6830,0,14887132.812,14889192.375,2059.562
6,1069,9,2,6832,6832,0,14891287.500,14893239.000,1951.500
6,1070,9,3,6834,6835,1,14895454.875,14898641.625,3186.750
6,1071,9,4,6836,6837,1,14899619.500,14903483.688,3864.188
6,1072,9,5,6838,6840,2,14903787.812,14908988.500,5200.688
6,1073,15,0,6900,6900,0,15032931.500,15034567.750,1636.250
6,1074,15,1,6902,6903,1,15037097.688,15040176.312,3078.625
6,1075,15,2,6904,6905,1,15041263.500,15044838.688,3575.188
6,1077,15,4,6908,6908,0,15049595.500,15050900.625,1305.125
6,1078,15,5,6910,6911,1,15053761.625,15056029.812,2268.188
6,1079,0,0,6912,6913,1,15057927.500,15061327.375,3399.875
6,1080,0,1,6914,6915,1,15062096.125,15065371.375,3275.250
6,1081,0,2,6916,6917,1,15066259.562,15070363.875,4104.312
6,1083,0,4,6920,6920,0,15074591.500,15076124.312,1532.812
6,1084,0,5,6922,6922,0,15078757.562,15080710.938,1953.375
6,1085,3,0,6948,6948,0,15132915.562,15134577.375,1661.812
6,1086,3,1,6950,6951,1,15137093.625,15140003.500,2909.875
6,1087,3,2,6952,6953,1,15141247.562,15145061.750,3814.188
6,1088,3,3,6954,6955,1,15145423.812,15149111.375,3687.562
6,1090,3,5,6958,6958,0,15153747.062,15154838.438,1091.375
6,1091,4,0,6960,6960,0,15157911.500,15159960.625,2049.125
6,1092,4,1,6962,6963,1,15162077.562,15165176.812,3099.250
6,1093,4,2,6964,6965,1,15166243.562,15169822.438,3578.875
6,1095,4,4,6968,6968,0,15174575.562,15176004.375,1428.812
6,1096,4,5,6970,6971,1,15178741.500,15181116.812,2375.312
6,1097,9,0,7020,7020,0,15282891.500,15284584.875,1693.375
6,1098,9,1,7022,7023,1,15287057.562,15290184.438,3126.875
6,1099,9,2,7024,7025,1,15291223.500,15294560.500,3337.000
6,1101,9,4,7028,7028,0,15299555.500,15300986.250,1430.750
6,1102,9,5,7030,7031,1,15303721.625,15306094.188,2372.562
6,1103,15,0,7092,7092,0,15432867.500,15434530.562,1663.062
6,1104,15,1,7094,7095,1,15437033.938,15439204.188,2170.250
6,1105,15,2,7096,7097,1,15441199.562,15444411.875,3212.312
6,1106,15,3,7098,7099,1,15445369.312,15448467.500,3098.188
6,1107,15,4,7100,7101,1,15449531.500,15453507.250,3975.750
6,1109,0,0,7104,7104,0,15457863.500,15459734.375,1870.875
6,1110,0,1,7106,7107,1,15462029.500,15465133.250,3103.750
6,1111,0,2,7108,7109,1,15466195.500,15469772.875,3577.375
6,1113,0,4,7112,7112,0,15474527.562,15476117.500,1589.938
6,1114,0,5,7114,7115,1,15478694.688,15481225.688,2531.000
6,1115,3,0,7140,7140,0,15532851.500,15534615.438,1763.938
6,1116,3,1,7142,7143,1,15537023.875,15540018.812,2994.938
6,1117,3,2,7144,7145,1,15541183.500,15544343.500,3160.000
6,1119,3,4,7148,7148,0,15549515.562,15550840.125,1324.562
6,1120,3,5,7150,7151,1,15553682.438,15555846.625,2164.188
6,1121,4,0,7152,7153,1,15557847.500,15560945.312,3097.812
6,1122,4,1,7154,7155,1,15562013.688,15566169.750,4156.062
6,1124,4,3,7158,7158,0,15570348.625,15571958.688,1610.062
6,1125,4,4,7160,7160,0,15574511.500,15576387.188,1875.688
6,1126,4,5,7162,7163,1,15578679.500,15581499.625,2820.125
6,1127,9,0,7212,7212,0,15682827.562,15684469.188,1641.625
6,1128,9,1,7214,7215,1,15686993.500,15690068.750,3075.250
6,1129,9,2,7216,7217,1,15691159.500,15694898.562,3739.062
6,1131,9,4,7220,7220,0,15699491.688,15700868.812,1377.125
6,1132,9,5,7222,7222,0,15703661.250,15705250.438,1589.188
6,1133,15,0,7284,7284,0,15832803.500,15834472.125,1668.625
6,1134,15,1,7286,7287,1,15836969.750,15840092.938,3123.188
6,1135,15,2,7288,7289,1,15841135.500,15844554.375,3418.875
6,1137,15,4,7292,7292,0,15849467.562,15850946.250,1478.688
6,1138,15,5,7294,7295,1,15853634.125,15856063.188,2429.062
6,1139,0,0,7296,7297,1,15857799.500,15861043.062,3243.562
6,1140,0,1,7298,7299,1,15861968.625,15866072.812,4104.188
6,1142,0,3,7302,7302,0,15870297.562,15871831.625,1534.062
6,1143,0,4,7304,7304,0,15874463.500,15876071.312,1607.812
6,1144,0,5,7306,7307,1,15878629.812,15881567.375,2937.562
6,1145,3,0,7332,7332,0,15932787.562,15934399.875,1612.312
6,1146,3,1,7334,7335,1,15936953.500,15940002.438,3048.938
6,1147,3,2,7336,7337,1,15941119.625,15944757.000,3637.375
6,1149,3,4,7340,7340,0,15949451.500,15951012.438,1560.938
6,1150,3,5,7342,7343,1,15953623.875,15956324.312,2700.438
6,1151,4,0,7344,7345,1,15957783.500,15960912.875,3129.375
6,1152,4,1,7346,7347,1,15961949.562,15965358.062,3408.500
6,1154,4,3,7350,7350,0,15970281.562,15971739.312,1457.750
6,1155,4,4,7352,7353,1,15974447.500,15977353.250,2905.750
6,1156,4,5,7354,7355,1,15978613.500,15982619.375,4005.875
6,1157,9,0,7404,7404,0,16082763.500,16084399.875,1636.375
6,1158,9,1,7406,7406,0,16086930.125,16088440.875,1510.750
6,1159,9,2,7408,7409,1,16091095.500,16094046.188,2950.688
6,1160,9,3,7410,7411,1,16095261.500,16098461.750,3200.250
6,1162,9,5,7414,7414,0,16103593.562,16104403.625,810.062
6,1163,15,0,7476,7476,0,16232739.500,16234369.812,1630.312
6,1164,15,1,7478,7479,1,16236907.375,16239978.375,3071.000
6,1165,15,2,7480,7481,1,16241071.500,16244829.438,3757.938
6,1167,15,4,7484,7484,0,16249403.562,16250829.938,1426.375
6,1168,15,5,7486,7487,1,16253577.562,16256172.312,2594.750
6,1169,0,0,7488,7489,1,16257735.500,16260746.500,3011.000
6,1170,0,1,7490,7491,1,16261904.875,16265386.625,3481.750
6,1172,0,3,7494,7494,0,16270233.500,16271542.688,1309.188
6,1173,0,4,7496,7497,1,16274399.562,16277144.750,2745.188
6,1174,0,5,7498,7499,1,16278568.688,16281666.000,3097.312
6,1175,3,0,7524,7524,0,16332723.500,16334440.375,1716.875
6,1176,3,1,7526,7527,1,16336889.562,16339861.875,2972.312
6,1177,3,2,7528,7529,1,16341055.500,16344297.750,3242.250
6,1178,3,3,7530,7531,1,16345221.500,16349333.125,4111.625
6,1180,3,5,7534,7534,0,16353554.938,16354670.562,1115.625
6,1181,4,0,7536,7536,0,16357719.562,16359591.812,1872.250
6,1182,4,1,7538,7539,1,16361885.500,16365008.938,3123.438
6,1183,4,2,7540,7541,1,16366051.625,16369818.750,3767.125
6,1185,4,4,7544,7544,0,16374383.688,16376023.438,1639.750
6,1186,4,5,7546,7547,1,16378550.375,16381135.875,2585.500
6,1187,9,0,7596,7596,0,16482699.500,16484338.625,1639.125
6,1188,9,1,7598,7599,1,16486868.562,16489938.188,3069.625
6,1189,9,2,7600,7601,1,16491031.562,16494731.250,3699.688
6,1191,9,4,7604,7604,0,16499363.500,16500926.938,1563.438
6,1192,9,5,7606,7607,1,16503532.438,16506235.812,2703.375
6,1193,15,0,7668,7668,0,16632678.562,16634344.000,1665.438
6,1194,15,1,7670,7671,1,16636842.062,16639765.625,2923.562
6,1195,15,2,7672,7673,1,16641007.500,16643782.875,2775.375
6,1196,15,3,7674,7675,1,16645173.688,16648432.875,3259.188
6,1197,15,4,7676,7677,1,16649339.562,16653484.875,4145.312
6,1199,0,0,7680,7680,0,16657671.562,16659511.062,1839.500
6,1200,0,1,7682,7683,1,16661840.812,16664909.938,3069.125
6,1201,0,2,7684,7685,1,16666003.625,16669939.188,3935.562
6,1203,0,4,7688,7688,0,16674335.500,16675894.188,1558.688
6,1204,0,5,7690,7691,1,16678501.688,16681189.312,2687.625
6,1205,3,0,7716,7716,0,16732659.500,16734351.625,1692.125
6,1206,3,1,7718,7719,1,16736825.625,16739954.188,3128.562
6,1207,3,2,7720,7721,1,16740991.562,16744534.188,3542.625
6,1209,3,4,7724,7724,0,16749323.562,16750964.188,1640.625
6,1210,3,5,7726,7727,1,16753492.188,16756075.125,2582.938
6,1211,4,0,7728,7729,1,16757655.500,16761071.125,3415.625
6,1213,4,2,7732,7732,0,16765987.500,16767440.625,1453.125
6,1214,4,3,7734,7734,0,16770153.500,16771689.312,1535.812
6,1215,4,4,7736,7737,1,16774319.500,16777116.312,2796.812
6,1216,4,5,7738,7739,1,16778487.375,16782435.062,3947.688
6,1217,9,0,7788,7788,0,16882635.625,16884347.688,1712.062
6,1218,9,1,7790,7790,0,16886801.500,16888855.812,2054.312
6,1219,9,2,7792,7793,1,16890968.312,16894106.500,3138.188
6,1220,9,3,7794,7795,1,16895133.500,16898153.125,3019.625
6,1221,9,4,7796,7797,1,16899299.500,16903372.562,4073.062
6,1222,9,5,7798,7800,2,16903467.312,16908676.438,5209.125
6,1223,15,0,7860,7860,0,17032611.562,17034227.000,1615.438
6,1224,15,1,7862,7863,1,17036782.625,17039847.812,3065.188
6,1225,15,2,7864,7865,1,17040943.500,17044686.625,3743.125
6,1227,15,4,7868,7868,0,17049275.500,17050888.062,1612.562
6,1228,15,5,7870,7871,1,17053441.500,17055916.250,2474.750
6,1229,0,0,7872,7873,1,17057607.562,17061199.812,3592.250
6,1231,0,2,7876,7876,0,17065940.062,17067344.125,1404.062
6,1232,0,3,7878,7878,0,17070108.438,17071775.500,1667.062
6,1233,0,4,7880,7881,1,17074271.500,17076404.750,2133.250
6,1234,0,5,7882,7883,1,17078441.062,17081408.188,2967.125
6,1235,3,0,7908,7908,0,17132595.500,17134212.688,1617.188
6,1236,3,1,7910,7910,0,17136761.500,17138816.062,2054.562
6,1237,3,2,7912,7913,1,17140927.500,17144033.000,3105.500
6,1238,3,3,7914,7915,1,17145093.750,17149056.125,3962.375
6,1239,3,4,7916,7917,1,17149259.500,17153305.062,4045.562
6,1241,4,0,7920,7920,0,17157591.562,17159540.562,1949.000
6,1242,4,1,7922,7923,1,17161759.062,17164756.750,2997.688
6,1243,4,2,7924,7925,1,17165923.625,17169603.312,3679.688
6,1245,4,4,7928,7928,0,17174259.312,17175795.750,1536.438
6,1246,4,5,7930,7931,1,17178424.750,17181109.125,2684.375
6,1247,9,0,7980,7980,0,17282571.500,17284259.125,1687.625
6,1248,9,1,7982,7983,1,17286737.500,17289858.688,3121.188
6,1249,9,2,7984,7985,1,17290903.500,17294370.812,3467.312
6,1251,9,4,7988,7988,0,17299235.562,17300847.438,1611.875
6,1252,9,5,7990,7991,1,17303406.062,17305957.125,2551.062
6,1253,15,0,8052,8052,0,17432547.500,17434218.688,1671.188
6,1254,15,1,8054,8054,0,17436713.500,17438786.562,2073.062
6,1255,15,2,8056,8057,1,17440880.062,17444009.500,3129.438
6,1256,15,3,8058,8059,1,17445045.875,17449038.625,3992.750
6,1257,15,4,8060,8061,1,17449211.500,17453117.125,3905.625
6,1259,0,0,8064,8064,0,17457543.500,17459434.750,1891.250
6,1260,0,1,8066,8067,1,17461713.688,17464833.625,3119.938
6,1261,0,2,8068,8069,1,17465875.562,17469661.938,3786.375
6,1263,0,4,8072,8072,0,17474207.500,17475817.875,1610.375
6,1264,0,5,8074,8075,1,17478373.500,17481113.000,2739.500
6,1265,3,0,8100,8100,0,17532531.688,17534164.500,1632.812
6,1266,3,1,8102,8102,0,17536702.062,17538397.188,1695.125
6,1267,3,2,8104,8105,1,17540863.562,17544003.750,3140.188
6,1268,3,3,8106,8107,1,17545038.750,17548384.438,3345.688
6,1270,3,5,8110,8110,0,17553361.812,17554384.188,1022.375
6,1271,4,0,8112,8112,0,17557527.500,17559576.562,2049.062
6,1272,4,1,8114,8115,1,17561693.500,17564817.250,3123.750
6,1273,4,2,8116,8117,1,17565859.500,17569828.000,3968.500
6,1275,4,4,8120,8120,0,17574191.500,17575600.438,1408.938
6,1276,4,5,8122,8122,0,17578360.938,17580334.625,1973.688
6,1277,9,0,8172,8172,0,17682507.562,17684096.875,1589.312
6,1278,9,1,8174,8174,0,17686673.500,17688643.500,1970.000
6,1279,9,2,8176,8177,1,17690839.500,17693845.188,3005.688
6,1280,9,3,8178,8179,1,17695005.562,17698851.312,3845.750
6,1282,9,5,8182,8182,0,17703341.375,17704385.438,1044.062
6,1283,15,0,8244,8244,0,17832483.562,17834172.188,1688.625
6,1284,15,1,8246,8246,0,17836649.500,17838105.438,1455.938
6,1285,15,2,8248,8249,1,17840815.750,17844047.938,3232.188
6,1286,15,3,8250,8251,1,17844981.562,17848474.250,3492.688
6,1288,15,5,8254,8254,0,17853316.438,17854456.875,1140.438
6,1289,0,0,8256,8257,1,17857479.500,17860337.438,2857.938
6,1290,0,1,8258,8259,1,17861645.500,17864939.062,3293.562
6,1291,0,2,8260,8261,1,17865811.500,17869916.438,4104.938
6,1293,0,4,8264,8264,0,17874143.500,17875676.875,1533.375
6,1294,0,5,8266,8266,0,17878313.938,17879466.438,1152.500
6,1295,3,0,8292,8292,0,17932467.500,17934107.125,1639.625
6,1296,3,1,8294,8295,1,17936633.500,17938774.750,2141.250
6,1297,3,2,8296,8297,1,17940799.500,17943964.188,3164.688
6,1298,3,3,8298,8299,1,17944965.500,17948999.562,4034.062
6,1300,3,5,8302,8302,0,17953299.438,17954525.688,1226.250
6,1301,4,0,8304,8304,0,17957463.500,17959459.188,1995.688
6,1302,4,1,8306,8307,1,17961639.188,17964700.188,3061.000
6,1303,4,2,8308,8309,1,17965795.500,17969345.812,3550.312
6,1305,4,4,8312,8312,0,17974127.562,17975714.688,1587.125
6,1306,4,5,8314,8315,1,17978293.562,17980828.875,2535.312
6,1307,9,0,8364,8364,0,18082443.625,18084134.062,1690.438
6,1308,9,1,8366,8367,1,18086612.188,18089733.625,3121.438
6,1309,9,2,8368,8369,1,18090775.562,18093731.375,2955.812
6,1310,9,3,8370,8371,1,18094941.500,18098360.125,3418.625
6,1312,9,5,8374,8374,0,18103275.250,18104288.000,1012.750
6,1313,15,0,8436,8436,0,18232419.500,18234159.625,1740.125
6,1314,15,1,8438,8438,0,18236597.625,18238552.938,1955.312
6,1315,15,2,8440,8441,1,18240751.500,18243788.125,3036.625
6,1316,15,3,8442,8443,1,18244918.688,18248841.750,3923.062
6,1318,15,5,8446,8446,0,18253249.500,18254392.125,1142.625
6,1319,0,0,8448,8448,0,18257415.500,18259311.250,1895.750
6,1320,0,1,8450,8450,0,18261590.250,18263176.062,1585.812
6,1321,0,2,8452,8453,1,18265747.500,18268778.125,3030.625
6,1322,0,3,8454,8455,1,18269913.562,18273407.125,3493.562
6,1324,0,5,8458,8458,0,18278250.875,18279319.750,1068.875
6,1325,3,0,8484,8484,0,18332403.562,18334071.875,1668.312
6,1326,3,1,8486,8487,1,18336570.062,18339674.438,3104.375
6,1327,3,2,8488,8489,1,18340735.500,18344129.875,3394.375
6,1328,3,3,8490,8491,1,18344901.500,18348368.188,3466.688
6,1330,3,5,8494,8494,0,18353233.500,18354115.125,881.625
6,1331,4,0,8496,8497,1,18357400.062,18360215.125,2815.062
6,1332,4,1,8498,8499,1,18361565.562,18365626.500,4060.938
6,1334,4,3,8502,8502,0,18369900.438,18371409.562,1509.125
6,1335,4,4,8504,8504,0,18374063.562,18375855.875,1792.312
6,1336,4,5,8506,8507,1,18378229.500,18380865.562,2636.062
6,1337,9,0,8556,8556,0,18482379.500,18483982.938,1603.438
6,1338,9,1,8558,8559,1,18486556.688,18488659.812,2103.125
6,1339,9,2,8560,8561,1,18490711.500,18493846.250,3134.750
6,1340,9,3,8562,8563,1,18494881.250,18498878.625,3997.375
6,1342,9,5,8566,8566,0,18503209.500,18504386.500,1177.000
6,1343,15,0,8628,8628,0,18632355.500,18634101.250,1745.750
6,1344,15,1,8630,8631,1,18636521.500,18639727.938,3206.438
6,1346,15,3,8634,8634,0,18644863.312,18646317.375,1454.062
6,1347,15,4,8636,8636,0,18649019.562,18650573.938,1554.375
6,1348,15,5,8638,8639,1,18653186.250,18655503.938,2317.688
6,1349,0,0,8640,8641,1,18657351.562,18660496.062,3144.500
6,1351,0,2,8644,8644,0,18665683.500,18665717.500,34.000
6,1352,0,3,8646,8646,0,18669852.938,18671466.938,1614.000
6,1353,0,4,8648,8649,1,18674015.500,18677069.000,3053.500
6,1354,0,5,8650,8651,1,18678181.500,18681981.625,3800.125
6,1355,3,0,8676,8676,0,18732339.500,18734085.062,1745.562
6,1356,3,1,8678,8679,1,18736505.688,18739687.625,3181.938
6,1357,3,2,8680,8681,1,18740671.500,18744532.688,3861.188
6,1359,3,4,8684,8684,0,18749003.500,18750697.625,1694.125
6,1360,3,5,8686,8687,1,18753169.562,18755808.562,2639.000
6,1361,4,0,8688,8689,1,18757335.500,18761005.500,3670.000
6,1363,4,2,8692,8692,0,18765670.625,18767174.062,1503.438
6,1364,4,3,8694,8695,1,18769834.750,18772782.125,2947.375
6,1365,4,4,8696,8697,1,18773999.500,18776843.875,2844.375
6,1366,4,5,8698,8699,1,18778165.562,18781371.125,3205.562
6,1367,9,0,8748,8748,0,18882315.500,18884023.562,1708.062
6,1368,9,1,8750,8751,1,18886489.750,18889345.688,2855.938
6,1369,9,2,8752,8753,1,18890647.500,18893985.062,3337.562
6,1371,9,4,8756,8756,0,18898979.500,18899020.438,40.938
6,1372,9,5,8758,8758,0,18903145.562,18903936.812,791.250
6,1373,15,0,8820,8820,0,19032291.562,19033924.938,1633.375
6,1374,15,1,8822,8822,0,19036457.500,19038306.000,1848.500
6,1375,15,2,8824,8825,1,19040623.500,19043794.000,3170.500
6,1376,15,3,8826,8827,1,19044795.250,19048646.688,3851.438
6,1378,15,5,8830,8830,0,19053121.562,19054209.312,1087.750
6,1379,0,0,8832,8832,0,19057287.500,19059317.125,2029.625
6,1380,0,1,8834,8835,1,19061453.562,19064527.312,3073.750
6,1381,0,2,8836,8837,1,19065619.562,19069166.938,3547.375
6,1382,0,3,8838,8839,1,19069786.688,19073150.812,3364.125
6,1384,0,5,8842,8842,0,19078117.562,19079114.188,996.625
6,1385,3,0,8868,8868,0,19132275.500,19133994.938,1719.438
6,1386,3,1,8870,8871,1,19136441.500,19139410.562,2969.062
6,1387,3,2,8872,8873,1,19140607.500,19143815.250,3207.750
6,1389,3,4,8876,8876,0,19148939.688,19150219.625,1279.938
6,1390,3,5,8878,8879,1,19153106.625,19155226.125,2119.500
6,1391,4,0,8880,8880,0,19157272.188,19159347.312,2075.125
6,1392,4,1,8882,8883,1,19161439.375,19164563.500,3124.125
6,1393,4,2,8884,8885,1,19165603.500,19169598.750,3995.250
6,1395,4,4,8888,8888,0,19173935.688,19175578.000,1642.312
6,1396,4,5,8890,8891,1,19178101.562,19180891.375,2789.812
6,1397,9,0,8940,8940,0,19282251.625,19283860.938,1609.312
6,1398,9,1,8942,8942,0,19286417.625,19288291.562,1873.938
6,1399,9,2,8944,8945,1,19290583.500,19293694.188,3110.688
6,1400,9,3,8946,8947,1,19294750.312,19298525.625,3775.312
6,1402,9,5,8950,8950,0,19303081.562,19304234.438,1152.875
6,1403,15,0,9012,9012,0,19432227.500,19433944.562,1717.062
6,1404,15,1,9014,9015,1,19436396.250,19439366.188,2969.938
6,1405,15,2,9016,9017,1,19440559.500,19444026.812,3467.312
6,1407,15,4,9020,9020,0,19448891.500,19450217.750,1326.250
6,1408,15,5,9022,9023,1,19453057.562,19455230.250,2172.688
6,1409,0,0,9024,9025,1,19457223.500,19459374.062,2150.562
6,1410,0,1,9026,9027,1,19461394.875,19464547.250,3152.375
6,1411,0,2,9028,9029,1,19465555.500,19469576.500,4021.000
6,1413,0,4,9032,9032,0,19473887.938,19475531.500,1643.562
6,1414,0,5,9034,9035,1,19478053.562,19480838.875,2785.312
6,1415,3,0,9060,9060,0,19532211.562,19533872.312,1660.750
6,1416,3,1,9062,9063,1,19536388.562,19539487.125,3098.562
6,1417,3,2,9064,9065,1,19540543.500,19543736.062,3192.562
6,1418,3,3,9066,9067,1,19544711.625,19548381.812,3670.188
6,1420,3,5,9070,9070,0,19553042.500,19554108.875,1066.375
6,1421,4,0,9072,9072,0,19557207.500,19559231.062,2023.562
6,1422,4,1,9074,9075,1,19561373.500,19564183.938,2810.438
6,1423,4,2,9076,9077,1,19565539.500,19568827.812,3288.312
6,1424,4,3,9078,9079,1,19569705.562,19573852.438,4146.875
6,1426,4,5,9082,9082,0,19578038.375,19579192.875,1154.500
6,1427,9,0,9132,9132,0,19682187.500,19683899.500,1712.000
6,1428,9,1,9134,9135,1,19686353.688,19689299.875,2946.188
6,1429,9,2,9136,9137,1,19690520.125,19693701.562,3181.438
6,1431,9,4,9140,9140,0,19698851.500,19700099.938,1248.438
6,1432,9,5,9142,9142,0,19703020.625,19705075.938,2055.312
6,1433,15,0,9204,9204,0,19832163.562,19833856.875,1693.312
6,1434,15,1,9206,9207,1,19836331.750,19839477.688,3145.938
6,1435,15,2,9208,9209,1,19840495.562,19843543.938,3048.375
6,1436,15,3,9210,9211,1,19844661.500,19848384.375,3722.875
6,1438,15,5,9214,9214,0,19852993.562,19854135.688,1142.125
6,1439,0,0,9216,9216,0,19857159.500,19859054.812,1895.312
6,1440,0,1,9218,9219,1,19861327.188,19864471.812,3144.625
6,1442,0,3,9222,9222,0,19869659.188,19871017.500,1358.312
6,1443,0,4,9224,9225,1,19873823.562,19876619.562,2796.000
6,1444,0,5,9226,9227,1,19877990.500,19881140.812,3150.312
6,1445,3,0,9252,9252,0,19932147.688,19933804.062,1656.375
6,1446,3,1,9254,9255,1,19936313.938,19939213.312,2899.375
6,1448,3,3,9258,9258,0,19944645.562,19944674.688,29.125
6,1449,3,4,9260,9260,0,19948811.500,19950416.625,1605.125
6,1450,3,5,9262,9262,0,19952977.500,19954819.062,1841.562
6,1451,4,0,9264,9265,1,19957143.500,19960133.938,2990.438
6,1452,4,1,9266,9267,1,19961309.500,19965157.438,3847.938
6,1453,4,2,9268,9269,1,19965475.625,19969182.438,3706.812
6,1455,4,4,9272,9272,0,19973807.562,19975374.875,1567.312
6,1456,4,5,9274,9275,1,19977973.500,19980688.250,2714.750
