channel,kind,tick,us
0,E,2,664402.625
0,E,4,668563.500
0,E,6,672739.188
0,E,8,676906.125
0,E,10,681061.500
0,E,36,735229.625
0,E,38,739385.500
0,E,40,743551.562
0,E,42,747717.500
0,E,44,751883.562
0,E,46,756049.500
0,E,48,760215.500
0,E,50,764381.500
0,E,52,768547.500
0,E,54,772719.875
0,E,56,776879.500
0,E,58,781045.500
0,E,108,885195.562
0,E,110,889372.688
0,E,112,893527.500
0,E,114,897695.438
0,E,116,901871.188
0,E,118,906025.562
0,E,180,1035171.500
0,E,182,1039348.062
0,E,184,1043503.500
0,E,186,1047678.562
0,E,188,1051835.562
0,E,190,1056002.688
0,E,192,1060167.562
0,E,194,1064333.750
0,E,196,1068499.562
0,E,198,1072672.500
0,E,200,1076843.125
0,E,202,1080998.312
0,E,228,1135155.562
0,E,230,1139323.188
0,E,232,1143487.562
0,E,234,1147663.188
0,E,236,1151831.125
0,E,238,1155991.125
0,E,240,1160151.500
0,E,242,1164328.375
0,E,244,1168483.562
0,E,246,1172650.125
0,E,248,1176815.562
0,E,250,1180981.500
0,E,300,1285131.562
0,E,302,1289297.500
0,E,304,1293464.312
0,E,306,1297629.625
0,E,308,1301795.500
0,E,310,1305961.500
0,E,372,1435107.500
0,E,374,1439273.500
0,E,376,1443439.500
0,E,378,1447613.562
0,E,380,1451782.812
0,E,382,1455937.562
0,E,384,1460103.500
0,E,386,1464269.500
0,E,388,1468435.625
0,E,390,1472603.312
0,E,392,1476767.500
0,E,394,1480935.688
0,E,420,1535091.500
0,E,422,1539266.812
0,E,424,1543423.500
0,E,426,1547589.500
0,E,428,1551755.500
0,E,430,1555921.500
0,E,432,1560088.000
0,E,434,1564256.250
0,E,436,1568431.625
0,E,438,1572588.375
0,E,440,1576751.562
0,E,442,1580927.062
0,E,492,1685067.500
0,E,494,1689234.062
0,E,496,1693399.562
0,E,498,1697577.250
0,E,500,1701734.562
0,E,502,1705897.500
0,E,564,1835043.500
0,E,566,1839209.500
0,E,568,1843375.562
0,E,570,1847542.938
0,E,572,1851707.688
0,E,574,1855881.000
0,E,576,1860039.500
0,E,578,1864205.562
0,E,580,1868372.188
0,E,582,1872537.562
0,E,584,1876703.500
0,E,586,1880880.062
0,E,612,1935027.500
0,E,614,1939193.562
0,E,616,1943359.500
0,E,618,1947532.812
0,E,620,1951691.562
0,E,622,1955857.500
0,E,624,1960023.688
0,E,626,1964201.625
0,E,628,1968355.500
0,E,630,1972533.438
0,E,632,1976687.500
0,E,634,1980864.875
0,E,684,2085003.500
0,E,686,2089169.500
0,E,688,2093335.562
0,E,690,2097502.812
0,E,692,2101667.562
0,E,694,2105842.562
0,E,756,2234979.562
0,E,758,2239145.562
0,E,760,2243311.625
0,E,762,2247486.688
0,E,764,2251643.500
0,E,766,2255809.500
0,E,768,2259975.500
0,E,770,2264141.812
0,E,772,2268307.500
0,E,774,2272477.062
0,E,776,2276639.500
0,E,778,2280805.500
0,E,804,2334963.562
0,E,806,2339129.500
0,E,808,2343295.500
0,E,810,2347461.500
0,E,812,2351627.500
0,E,814,2355804.000
0,E,816,2359959.500
0,E,818,2364125.562
0,E,820,2368292.562
0,E,822,2372461.875
0,E,824,2376623.562
0,E,826,2380789.562
0,E,876,2484939.500
0,E,878,2489105.625
0,E,880,2493271.562
0,E,882,2497437.500
0,E,884,2501603.500
0,E,886,2505769.500
0,E,948,2634915.500
0,E,950,2639081.625
0,E,952,2643247.625
0,E,954,2647413.500
0,E,956,2651579.562
0,E,958,2655747.875
0,E,960,2659911.500
0,E,962,2664077.500
0,E,964,2668243.500
0,E,966,2672409.500
0,E,968,2676578.438
0,E,970,2680742.688
0,E,996,2734899.500
0,E,998,2739071.062
0,E,1000,2743231.562
0,E,1002,2747406.562
0,E,1004,2751563.500
0,E,1006,2755729.500
0,E,1008,2759895.562
0,E,1010,2764061.500
0,E,1012,2768227.562
0,E,1014,2772393.500
0,E,1016,2776560.438
0,E,1018,2780726.625
0,E,1068,2884875.688
0,E,1070,2889041.562
0,E,1072,2893207.812
0,E,1074,2897373.500
0,E,1076,2901539.500
0,E,1078,2905716.250
0,E,1140,3034851.562
0,E,1142,3039017.500
0,E,1144,3043183.562
0,E,1146,3047349.500
0,E,1148,3051515.562
0,E,1150,3055691.875
0,E,1152,3059847.500
0,E,1154,3064019.812
0,E,1156,3068190.875
0,E,1158,3072345.562
0,E,1160,3076511.562
0,E,1162,3080677.812
0,E,1188,3134835.750
0,E,1190,3139001.500
0,E,1192,3143171.125
0,E,1194,3147335.312
0,E,1196,3151499.500
0,E,1198,3155666.188
0,E,1200,3159843.188
0,E,1202,3163997.625
0,E,1204,3168163.500
0,E,1206,3172329.500
0,E,1208,3176507.750
0,E,1210,3180661.812
0,E,1260,3284811.562
0,E,1262,3288977.500
0,E,1264,3293143.500
0,E,1266,3297319.938
0,E,1268,3301475.562
0,E,1270,3305641.500
0,E,1332,3434787.500
0,E,1334,3438953.500
0,E,1336,3443119.688
0,E,1338,3447285.562
0,E,1340,3451452.250
0,E,1342,3455617.500
0,E,1344,3459783.500
0,E,1346,3463949.938
0,E,1348,3468115.625
0,E,1350,3472281.562
0,E,1352,3476448.000
0,E,1354,3480615.812
0,E,1380,3534771.500
0,E,1382,3538937.562
0,E,1384,3543103.500
0,E,1386,3547279.938
0,E,1388,3551435.562
0,E,1390,3555603.250
0,E,1392,3559767.500
0,E,1394,3563935.188
0,E,1396,3568111.688
0,E,1398,3572266.312
0,E,1400,3576431.562
0,E,1402,3580606.188
0,E,1452,3684747.562
0,E,1454,3688913.500
0,E,1456,3693079.500
0,E,1458,3697253.062
0,E,1460,3701411.688
0,E,1462,3705580.062
0,E,1524,3834726.625
0,E,1526,3838889.875
0,E,1528,3843055.562
0,E,1530,3847221.562
0,E,1532,3851387.562
0,E,1534,3855554.875
0,E,1536,3859719.500
0,E,1538,3863885.562
0,E,1540,3868051.500
0,E,1542,3872217.500
0,E,1544,3876383.562
0,E,1546,3880549.562
0,E,1572,3934707.500
0,E,1574,3938876.375
0,E,1576,3943039.562
0,E,1578,3947208.938
0,E,1580,3951371.500
0,E,1582,3955543.750
0,E,1584,3959703.562
0,E,1586,3963869.812
0,E,1588,3968035.500
0,E,1590,3972201.562
0,E,1592,3976367.500
0,E,1594,3980534.562
0,E,1644,4084683.500
0,E,1646,4088849.688
0,E,1648,4093015.500
0,E,1650,4097181.500
0,E,1652,4101348.250
0,E,1654,4105516.438
0,E,1716,4234659.500
0,E,1718,4238835.938
0,E,1720,4242991.562
0,E,1722,4247158.312
0,E,1724,4251323.562
0,E,1726,4255492.375
0,E,1728,4259655.688
0,E,1730,4263821.625
0,E,1732,4267987.562
0,E,1734,4272153.812
0,E,1736,4276319.500
0,E,1738,4280489.938
0,E,1764,4334643.500
0,E,1766,4338809.562
0,E,1768,4342975.562
0,E,1770,4347141.500
0,E,1772,4351312.125
0,E,1774,4355475.688
0,E,1776,4359639.500
0,E,1778,4363805.688
0,E,1780,4367971.500
0,E,1782,4372139.062
0,E,1784,4376303.500
0,E,1786,4380469.500
0,E,1836,4484619.500
0,E,1838,4488786.438
0,E,1840,4492951.625
0,E,1842,4497117.500
0,E,1844,4501283.562
0,E,1846,4505454.188
0,E,1908,4634595.562
0,E,1910,4638762.938
0,E,1912,4642927.562
0,E,1914,4647093.500
0,E,1916,4651259.500
0,E,1918,4655429.938
0,E,1920,4659591.562
0,E,1922,4663761.688
0,E,1924,4667923.500
0,E,1926,4672089.500
0,E,1928,4676255.500
0,E,1930,4680421.500
0,E,1956,4734579.500
0,E,1958,4738749.688
0,E,1960,4742911.500
0,E,1962,4747085.938
0,E,1964,4751244.125
0,E,1966,4755409.938
0,E,1968,4759575.500
0,E,1970,4763741.625
0,E,1972,4767907.500
0,E,1974,4772073.750
0,E,1976,4776239.562
0,E,1978,4780409.500
0,E,2028,4884555.500
0,E,2030,4888721.625
0,E,2032,4892887.562
0,E,2034,4897053.562
0,E,2036,4901219.562
0,E,2038,4905388.000
0,E,2100,5034531.500
0,E,2102,5038707.875
0,E,2104,5042863.938
0,E,2106,5047029.500
0,E,2108,5051195.500
0,E,2110,5055365.312
0,E,2112,5059527.500
0,E,2114,5063694.125
0,E,2116,5067859.500
0,E,2118,5072031.125
0,E,2120,5076191.562
0,E,2122,5080362.875
0,E,2148,5134515.562
0,E,2150,5138682.812
0,E,2152,5142847.500
0,E,2154,5147013.500
0,E,2156,5151179.500
0,E,2158,5155350.062
0,E,2160,5159511.500
0,E,2162,5163687.062
0,E,2164,5167843.500
0,E,2166,5172012.250
0,E,2168,5176175.500
0,E,2170,5180341.500
0,E,2220,5284491.500
0,E,2222,5288669.188
0,E,2224,5292823.500
0,E,2226,5296989.562
0,E,2228,5301155.562
0,E,2230,5305321.562
0,E,2292,5434467.562
0,E,2294,5438645.625
0,E,2296,5442799.500
0,E,2298,5446965.500
0,E,2300,5451131.688
0,E,2302,5455297.500
0,E,2304,5459463.500
0,E,2306,5463629.688
0,E,2308,5467795.562
0,E,2310,5471963.062
0,E,2312,5476127.500
0,E,2314,5480298.438
0,E,2340,5534451.500
0,E,2342,5538617.562
0,E,2344,5542783.625
0,E,2346,5546949.500
0,E,2348,5551115.500
0,E,2350,5555281.500
0,E,2352,5559447.688
0,E,2354,5563613.500
0,E,2356,5567780.188
0,E,2358,5571945.500
0,E,2360,5576111.812
0,E,2362,5580277.625
0,E,2412,5684427.500
0,E,2414,5688593.625
0,E,2416,5692759.500
0,E,2418,5696925.562
0,E,2420,5701091.812
0,E,2422,5705257.500
0,E,2484,5834403.500
0,E,2486,5838570.000
0,E,2488,5842735.500
0,E,2490,5846912.438
0,E,2492,5851067.500
0,E,2494,5855234.062
0,E,2496,5859399.562
0,E,2498,5863565.500
0,E,2500,5867732.812
0,E,2502,5871901.250
0,E,2504,5876063.750
0,E,2506,5880229.625
0,E,2532,5934387.500
0,E,2534,5938553.938
0,E,2536,5942719.500
0,E,2538,5946885.688
0,E,2540,5951051.500
0,E,2542,5955222.125
0,E,2544,5959383.500
0,E,2546,5963558.562
0,E,2548,5967718.562
0,E,2550,5971881.500
0,E,2552,5976047.812
0,E,2554,5980216.000
0,E,2604,6084363.500
0,E,2606,6088529.688
0,E,2608,6092695.562
0,E,2610,6096861.500
0,E,2612,6101027.500
0,E,2614,6105193.562
0,E,2676,6234340.125
0,E,2678,6238506.438
0,E,2680,6242671.562
0,E,2682,6246839.188
0,E,2684,6251003.688
0,E,2686,6255169.500
0,E,2688,6259335.500
0,E,2690,6263509.812
0,E,2692,6267667.562
0,E,2694,6271844.938
0,E,2696,6275999.562
0,E,2698,6280165.500
0,E,2724,6334323.500
0,E,2726,6338489.625
0,E,2728,6342655.500
0,E,2730,6346821.562
0,E,2732,6350987.500
0,E,2734,6355164.562
0,E,2736,6359319.562
0,E,2738,6363497.750
0,E,2740,6367651.500
0,E,2742,6371822.750
0,E,2744,6375983.562
0,E,2746,6380149.562
0,E,2796,6484299.625
0,E,2798,6488465.500
0,E,2800,6492631.562
0,E,2802,6496797.688
0,E,2804,6500963.562
0,E,2806,6505130.938
0,E,2868,6634276.312
0,E,2870,6638446.750
0,E,2872,6642607.500
0,E,2874,6646773.625
0,E,2876,6650939.500
0,E,2878,6655105.875
0,E,2880,6659271.500
0,E,2882,6663437.688
0,E,2884,6667603.500
0,E,2886,6671774.000
0,E,2888,6675935.500
0,E,2890,6680102.312
0,E,2916,6734259.500
0,E,2918,6738425.500
0,E,2920,6742591.688
0,E,2922,6746757.562
0,E,2924,6750935.812
0,E,2926,6755089.500
0,E,2928,6759255.500
0,E,2930,6763423.188
0,E,2932,6767587.500
0,E,2934,6771753.688
0,E,2936,6775919.500
0,E,2938,6780088.625
0,E,2988,6884235.562
0,E,2990,6888401.500
0,E,2992,6892567.500
0,E,2994,6896733.500
0,E,2996,6900899.500
0,E,2998,6905065.500
0,E,3060,7034212.062
0,E,3062,7038380.812
0,E,3064,7042543.500
0,E,3066,7046714.938
0,E,3068,7050875.562
0,E,3070,7055044.250
0,E,3072,7059207.500
0,E,3074,7063373.500
0,E,3076,7067539.500
0,E,3078,7071706.250
0,E,3080,7075871.562
0,E,3082,7080046.688
0,E,3108,7134195.500
0,E,3110,7138361.500
0,E,3112,7142527.562
0,E,3114,7146695.688
0,E,3116,7150859.562
0,E,3118,7155025.562
0,E,3120,7159192.125
0,E,3122,7163359.812
0,E,3124,7167523.500
0,E,3126,7171696.875
0,E,3128,7175855.562
0,E,3130,7180021.500
0,E,3180,7284171.562
0,E,3182,7288342.375
0,E,3184,7292503.625
0,E,3186,7296673.125
0,E,3188,7300835.500
0,E,3190,7305001.500
0,E,3252,7434147.562
0,E,3254,7438313.500
0,E,3256,7442483.438
0,E,3258,7446646.875
0,E,3260,7450811.500
0,E,3262,7454981.938
0,E,3264,7459143.562
0,E,3266,7463316.438
0,E,3268,7467475.500
0,E,3270,7471641.625
0,E,3272,7475807.625
0,E,3274,7479973.625
0,E,3300,7534131.562
0,E,3302,7538297.938
0,E,3304,7542463.562
0,E,3306,7546635.562
0,E,3308,7550795.500
0,E,3310,7554962.188
0,E,3312,7559127.562
0,E,3314,7563304.188
0,E,3316,7567459.500
0,E,3318,7571627.000
0,E,3320,7575791.562
0,E,3322,7579961.438
0,E,3372,7684107.500
0,E,3374,7688273.500
0,E,3376,7692439.500
0,E,3378,7696605.938
0,E,3380,7700771.500
0,E,3382,7704937.500
0,E,3444,7834083.500
0,E,3446,7838256.812
0,E,3448,7842415.562
0,E,3450,7846592.062
0,E,3452,7850747.500
0,E,3454,7854913.562
0,E,3456,7859079.500
0,E,3458,7863246.375
0,E,3460,7867411.500
0,E,3462,7871577.500
0,E,3464,7875743.562
0,E,3466,7879915.938
0,E,3492,7934067.562
0,E,3494,7938245.438
0,E,3496,7942399.500
0,E,3498,7946565.500
0,E,3500,7950731.562
0,E,3502,7954897.625
0,E,3504,7959063.500
0,E,3506,7963232.688
0,E,3508,7967395.500
0,E,3510,7971563.312
0,E,3512,7975727.562
0,E,3514,7979904.750
0,E,3564,8084043.500
0,E,3566,8088209.500
0,E,3568,8092375.500
0,E,3570,8096548.125
0,E,3572,8100710.562
0,E,3574,8104873.500
0,E,3636,8234019.500
0,E,3638,8238185.625
0,E,3640,8242352.312
0,E,3642,8246520.875
0,E,3644,8250683.500
0,E,3646,8254850.250
0,E,3648,8259015.500
0,E,3650,8263181.500
0,E,3652,8267350.500
0,E,3654,8271513.500
0,E,3656,8275679.500
0,E,3658,8279846.562
0,E,3684,8334003.500
0,E,3686,8338172.625
0,E,3688,8342335.500
0,E,3690,8346502.438
0,E,3692,8350667.500
0,E,3694,8354833.500
0,E,3696,8358999.500
0,E,3698,8363165.625
0,E,3700,8367331.625
0,E,3702,8371500.125
0,E,3704,8375663.500
0,E,3706,8379834.250
0,E,3756,8483979.500
0,E,3758,8488145.500
0,E,3760,8492311.500
0,E,3762,8496480.562
0,E,3764,8500643.500
0,E,3766,8504819.688
0,E,3828,8633955.500
0,E,3830,8638121.625
0,E,3832,8642287.500
0,E,3834,8646453.562
0,E,3836,8650619.500
0,E,3838,8654785.500
0,E,3840,8658951.500
0,E,3842,8663117.562
0,E,3844,8667283.625
0,E,3846,8671452.938
0,E,3848,8675615.562
0,E,3850,8679781.750
0,E,3876,8733939.562
0,E,3878,8738117.312
0,E,3880,8742271.500
0,E,3882,8746439.812
0,E,3884,8750604.000
0,E,3886,8754769.938
0,E,3888,8758936.688
0,E,3890,8763101.625
0,E,3892,8767267.500
0,E,3894,8771435.125
0,E,3896,8775599.500
0,E,3898,8779765.500
0,E,3948,8883915.500
0,E,3950,8888081.562
0,E,3952,8892247.500
0,E,3954,8896413.688
0,E,3956,8900579.500
0,E,3958,8904745.500
0,E,4020,9033891.500
0,E,4022,9038057.562
0,E,4024,9042223.500
0,E,4026,9046391.562
0,E,4028,9050555.625
0,E,4030,9054725.062
0,E,4032,9058887.625
0,E,4034,9063053.562
0,E,4036,9067219.500
0,E,4038,9071386.125
0,E,4040,9075551.750
0,E,4042,9079718.688
0,E,4068,9133875.500
0,E,4070,9138050.812
0,E,4072,9142207.500
0,E,4074,9146373.500
0,E,4076,9150545.250
0,E,4078,9154705.500
0,E,4080,9158871.562
0,E,4082,9163038.188
0,E,4084,9167203.562
0,E,4086,9171369.500
0,E,4088,9175535.562
0,E,4090,9179706.188
0,E,4140,9283851.562
0,E,4142,9288017.500
0,E,4144,9292183.500
0,E,4146,9296352.688
0,E,4148,9300515.500
0,E,4150,9304686.375
0,E,4212,9433827.500
0,E,4214,9437994.625
0,E,4216,9442159.500
0,E,4218,9446325.562
0,E,4220,9450491.562
0,E,4222,9454657.688
0,E,4224,9458823.812
0,E,4226,9462994.438
0,E,4228,9467155.562
0,E,4230,9471321.500
0,E,4232,9475487.500
0,E,4234,9479653.500
0,E,4260,9533811.500
0,E,4262,9537977.500
0,E,4264,9542143.500
0,E,4266,9546309.500
0,E,4268,9550475.500
0,E,4270,9554643.500
0,E,4272,9558807.500
0,E,4274,9562973.500
0,E,4276,9567139.562
0,E,4278,9571305.562
0,E,4280,9575471.562
0,E,4282,9579637.500
0,E,4332,9683787.500
0,E,4334,9687953.500
0,E,4336,9692122.438
0,E,4338,9696285.625
0,E,4340,9700458.688
0,E,4342,9704621.062
0,E,4404,9833763.500
0,E,4406,9837929.562
0,E,4408,9842095.500
0,E,4410,9846261.688
0,E,4412,9850427.562
0,E,4414,9854603.562
0,E,4416,9858759.500
0,E,4418,9862925.625
0,E,4420,9867091.500
0,E,4422,9871258.188
0,E,4424,9875423.562
0,E,4426,9879592.062
0,E,4452,9933747.562
0,E,4454,9937913.500
0,E,4456,9942079.500
0,E,4458,9946245.500
0,E,4460,9950411.562
0,E,4462,9954579.062
0,E,4464,9958743.875
0,E,4466,9962909.750
0,E,4468,9967075.500
0,E,4470,9971249.250
0,E,4472,9975407.562
0,E,4474,9979573.500
0,E,4524,10083723.500
0,E,4526,10087890.562
0,E,4528,10092055.500
0,E,4530,10096221.562
0,E,4532,10100387.562
0,E,4534,10104564.375
0,E,4596,10233702.688
0,E,4598,10237865.500
0,E,4600,10242031.500
0,E,4602,10246197.625
0,E,4604,10250363.625
0,E,4606,10254531.000
0,E,4608,10258695.500
0,E,4610,10262864.188
0,E,4612,10267027.500
0,E,4614,10271193.500
0,E,4616,10275359.562
0,E,4618,10279525.875
0,E,4644,10333683.562
0,E,4646,10337851.250
0,E,4648,10342015.500
0,E,4650,10346184.062
0,E,4652,10350347.562
0,E,4654,10354518.875
0,E,4656,10358679.500
0,E,4658,10362845.500
0,E,4660,10367011.500
0,E,4662,10371177.562
0,E,4664,10375343.562
0,E,4666,10379521.812
0,E,4716,10483659.500
0,E,4718,10487825.562
0,E,4720,10491991.500
0,E,4722,10496157.500
0,E,4724,10500328.188
0,E,4726,10504491.438
0,E,4788,10633635.562
0,E,4790,10637802.125
0,E,4792,10641967.500
0,E,4794,10646133.500
0,E,4796,10650299.562
0,E,4798,10654466.188
0,E,4800,10658631.500
0,E,4802,10662797.562
0,E,4804,10666963.500
0,E,4806,10671129.500
0,E,4808,10675295.562
0,E,4810,10679461.625
0,E,4836,10733619.500
0,E,4838,10737785.562
0,E,4840,10741951.562
0,E,4842,10746129.688
0,E,4844,10750283.500
0,E,4846,10754450.812
0,E,4848,10758615.500
0,E,4850,10762791.438
0,E,4852,10766947.562
0,E,4854,10771113.812
0,E,4856,10775279.500
0,E,4858,10779445.500
0,E,4908,10883595.500
0,E,4910,10887764.250
0,E,4912,10891927.500
0,E,4914,10896094.500
0,E,4916,10900259.812
0,E,4918,10904425.938
0,E,4980,11033571.688
0,E,4982,11037737.500
0,E,4984,11041903.500
0,E,4986,11046069.500
0,E,4988,11050235.500
0,E,4990,11054401.500
0,E,4992,11058567.562
0,E,4994,11062739.188
0,E,4996,11066899.562
0,E,4998,11071065.625
0,E,5000,11075231.500
0,E,5002,11079397.562
0,E,5028,11133555.500
0,E,5030,11137721.500
0,E,5032,11141887.688
0,E,5034,11146056.375
0,E,5036,11150219.938
0,E,5038,11154387.000
0,E,5040,11158551.500
0,E,5042,11162717.500
0,E,5044,11166883.500
0,E,5046,11171049.500
0,E,5048,11175215.625
0,E,5050,11179384.375
0,E,5100,11283531.500
0,E,5102,11287699.562
0,E,5104,11291863.562
0,E,5106,11296030.062
0,E,5108,11300195.500
0,E,5110,11304364.312
0,E,5172,11433507.500
0,E,5174,11437674.062
0,E,5176,11441839.562
0,E,5178,11446015.562
0,E,5180,11450171.562
0,E,5182,11454348.875
0,E,5184,11458503.500
0,E,5186,11462670.375
0,E,5188,11466835.562
0,E,5190,11471001.750
0,E,5192,11475167.688
0,E,5194,11479340.062
0,E,5220,11533491.500
0,E,5222,11537657.500
0,E,5224,11541823.562
0,E,5226,11545989.625
0,E,5228,11550155.500
0,E,5230,11554323.562
0,E,5232,11558487.500
0,E,5234,11562658.812
0,E,5236,11566819.500
0,E,5238,11570985.562
0,E,5240,11575151.500
0,E,5242,11579318.750
0,E,5292,11683467.500
0,E,5294,11687638.750
0,E,5296,11691799.500
0,E,5298,11695965.562
0,E,5300,11700131.625
0,E,5302,11704297.562
0,E,5364,11833443.500
0,E,5366,11837609.500
0,E,5368,11841775.562
0,E,5370,11845942.125
0,E,5372,11850107.500
0,E,5374,11854273.500
0,E,5376,11858439.812
0,E,5378,11862616.188
0,E,5380,11866771.562
0,E,5382,11870937.812
0,E,5384,11875103.500
0,E,5386,11879275.312
0,E,5412,11933427.562
0,E,5414,11937603.562
0,E,5416,11941760.688
0,E,5418,11945925.812
0,E,5420,11950091.562
0,E,5422,11954257.625
0,E,5424,11958423.562
0,E,5426,11962589.500
0,E,5428,11966755.562
0,E,5430,11970922.312
0,E,5432,11975087.625
0,E,5434,11979253.500
0,E,5484,12083403.625
0,E,5486,12087570.188
0,E,5488,12091735.500
0,E,5490,12095901.625
0,E,5492,12100067.500
0,E,5494,12104233.500
0,E,5556,12233379.500
0,E,5558,12237545.562
0,E,5560,12241711.500
0,E,5562,12245887.125
0,E,5564,12250043.562
0,E,5566,12254209.750
0,E,5568,12258375.562
0,E,5570,12262544.438
0,E,5572,12266707.500
0,E,5574,12270884.062
0,E,5576,12275039.500
0,E,5578,12279205.750
0,E,5604,12333363.500
0,E,5606,12337531.312
0,E,5608,12341695.688
0,E,5610,12345861.500
0,E,5612,12350027.500
0,E,5614,12354198.312
0,E,5616,12358359.562
0,E,5618,12362528.938
0,E,5620,12366695.312
0,E,5622,12370857.500
0,E,5624,12375023.500
0,E,5626,12379189.500
0,E,5676,12483339.500
0,E,5678,12487510.750
0,E,5680,12491671.500
0,E,5682,12495837.500
0,E,5684,12500003.562
0,E,5686,12504181.375
0,E,5748,12633315.688
0,E,5750,12637482.188
0,E,5752,12641647.562
0,E,5754,12645814.375
0,E,5756,12649979.562
0,E,5758,12654145.562
0,E,5760,12658311.500
0,E,5762,12662477.562
0,E,5764,12666643.500
0,E,5766,12670809.625
0,E,5768,12674975.500
0,E,5770,12679143.062
0,E,5796,12733299.500
0,E,5798,12737465.500
0,E,5800,12741631.500
0,E,5802,12745797.562
0,E,5804,12749963.500
0,E,5806,12754129.500
0,E,5808,12758295.562
0,E,5810,12762461.750
0,E,5812,12766627.500
0,E,5814,12770798.250
0,E,5816,12774959.500
0,E,5818,12779125.500
0,E,5868,12883275.562
0,E,5870,12887445.062
0,E,5872,12891607.562
0,E,5874,12895775.188
0,E,5876,12899939.500
0,E,5878,12904107.875
0,E,5940,13033251.562
0,E,5942,13037421.938
0,E,5944,13041583.562
0,E,5946,13045749.500
0,E,5948,13049915.500
0,E,5950,13054085.750
0,E,5952,13058247.500
0,E,5954,13062420.562
0,E,5956,13066579.562
0,E,5958,13070746.688
0,E,5960,13074911.562
0,E,5962,13079077.500
0,E,5988,13133235.562
0,E,5990,13137404.812
0,E,5992,13141567.500
0,E,5994,13145735.625
0,E,5996,13149899.625
0,E,5998,13154065.500
0,E,6000,13158231.625
0,E,6002,13162397.688
0,E,6004,13166564.312
0,E,6006,13170729.500
0,E,6008,13174895.562
0,E,6010,13179062.562
0,E,6060,13283211.562
0,E,6062,13287386.750
0,E,6064,13291543.500
0,E,6066,13295709.562
0,E,6068,13299875.500
0,E,6070,13304041.500
0,E,6132,13433187.500
0,E,6134,13437353.688
0,E,6136,13441519.500
0,E,6138,13445688.250
0,E,6140,13449851.562
0,E,6142,13454017.625
0,E,6144,13458183.750
0,E,6146,13462349.500
0,E,6148,13466515.500
0,E,6150,13470682.625
0,E,6152,13474847.500
0,E,6154,13479015.750
0,E,6180,13533171.688
0,E,6182,13537337.500
0,E,6184,13541503.500
0,E,6186,13545670.062
0,E,6188,13549835.562
0,E,6190,13554001.500
0,E,6192,13558167.500
0,E,6194,13562333.500
0,E,6196,13566499.500
0,E,6198,13570669.188
0,E,6200,13574831.562
0,E,6202,13578997.562
0,E,6252,13683147.625
0,E,6254,13687313.500
0,E,6256,13691479.500
0,E,6258,13695650.562
0,E,6260,13699811.562
0,E,6262,13703978.250
0,E,6324,13833123.562
0,E,6326,13837289.562
0,E,6328,13841455.562
0,E,6330,13845621.500
0,E,6332,13849787.500
0,E,6334,13853954.875
0,E,6336,13858119.562
0,E,6338,13862285.500
0,E,6340,13866454.688
0,E,6342,13870617.500
0,E,6344,13874784.125
0,E,6346,13878949.625
0,E,6372,13933107.500
0,E,6374,13937275.688
0,E,6376,13941439.500
0,E,6378,13945610.812
0,E,6380,13949772.125
0,E,6382,13953937.500
0,E,6384,13958103.688
0,E,6386,13962279.750
0,E,6388,13966435.500
0,E,6390,13970602.062
0,E,6392,13974767.500
0,E,6394,13978933.625
0,E,6444,14083083.500
0,E,6446,14087250.062
0,E,6448,14091415.500
0,E,6450,14095581.500
0,E,6452,14099747.750
0,E,6454,14103916.438
0,E,6516,14233059.938
0,E,6518,14237226.125
0,E,6520,14241391.500
0,E,6522,14245559.438
0,E,6524,14249723.562
0,E,6526,14253889.500
0,E,6528,14258055.500
0,E,6530,14262221.625
0,E,6532,14266387.562
0,E,6534,14270553.500
0,E,6536,14274719.500
0,E,6538,14278885.500
0,E,6564,14333043.562
0,E,6566,14337221.062
0,E,6568,14341375.500
0,E,6570,14345541.500
0,E,6572,14349707.500
0,E,6574,14353873.500
0,E,6576,14358039.562
0,E,6578,14362205.562
0,E,6580,14366371.625
0,E,6582,14370538.938
0,E,6584,14374703.500
0,E,6586,14378880.062
0,E,6636,14483019.500
0,E,6638,14487191.625
0,E,6640,14491351.500
0,E,6642,14495523.750
0,E,6644,14499686.562
0,E,6646,14503849.500
0,E,6708,14632995.625
0,E,6710,14637161.562
0,E,6712,14641327.938
0,E,6714,14645496.500
0,E,6716,14649659.500
0,E,6718,14653825.875
0,E,6720,14657991.500
0,E,6722,14662167.000
0,E,6724,14666324.188
0,E,6726,14670489.500
0,E,6728,14674655.500
0,E,6730,14678823.812
0,E,6756,14732979.562
0,E,6758,14737145.562
0,E,6760,14741311.500
0,E,6762,14745484.688
0,E,6764,14749643.500
0,E,6766,14753810.250
0,E,6768,14757975.500
0,E,6770,14762153.500
0,E,6772,14766307.562
0,E,6774,14770475.750
0,E,6776,14774639.562
0,E,6778,14778809.875
0,E,6828,14882955.562
0,E,6830,14887132.812
0,E,6832,14891287.500
0,E,6834,14895454.875
0,E,6836,14899619.500
0,E,6838,14903787.812
0,E,6900,15032931.500
0,E,6902,15037097.688
0,E,6904,15041263.500
0,E,6906,15045429.500
0,E,6908,15049595.500
0,E,6910,15053761.625
0,E,6912,15057927.500
0,E,6914,15062096.125
0,E,6916,15066259.562
0,E,6918,15070429.500
0,E,6920,15074591.500
0,E,6922,15078757.562
0,E,6948,15132915.562
0,E,6950,15137093.625
0,E,6952,15141247.562
0,E,6954,15145423.812
0,E,6956,15149579.500
0,E,6958,15153747.062
0,E,6960,15157911.500
0,E,6962,15162077.562
0,E,6964,15166243.562
0,E,6966,15170410.125
0,E,6968,15174575.562
0,E,6970,15178741.500
0,E,7020,15282891.500
0,E,7022,15287057.562
0,E,7024,15291223.500
0,E,7026,15295389.625
0,E,7028,15299555.500
0,E,7030,15303721.625
0,E,7092,15432867.500
0,E,7094,15437033.938
0,E,7096,15441199.562
0,E,7098,15445369.312
0,E,7100,15449531.500
0,E,7102,15453705.312
0,E,7104,15457863.500
0,E,7106,15462029.500
0,E,7108,15466195.500
0,E,7110,15470361.750
0,E,7112,15474527.562
0,E,7114,15478694.688
0,E,7140,15532851.500
0,E,7142,15537023.875
0,E,7144,15541183.500
0,E,7146,15545349.562
0,E,7148,15549515.562
0,E,7150,15553682.438
0,E,7152,15557847.500
0,E,7154,15562013.688
0,E,7156,15566179.562
0,E,7158,15570348.625
0,E,7160,15574511.500
0,E,7162,15578679.500
0,E,7212,15682827.562
0,E,7214,15686993.500
0,E,7216,15691159.500
0,E,7218,15695329.625
0,E,7220,15699491.688
0,E,7222,15703661.250
0,E,7284,15832803.500
0,E,7286,15836969.750
0,E,7288,15841135.500
0,E,7290,15845301.500
0,E,7292,15849467.562
0,E,7294,15853634.125
0,E,7296,15857799.500
0,E,7298,15861968.625
0,E,7300,15866131.562
0,E,7302,15870297.562
0,E,7304,15874463.500
0,E,7306,15878629.812
0,E,7332,15932787.562
0,E,7334,15936953.500
0,E,7336,15941119.625
0,E,7338,15945288.500
0,E,7340,15949451.500
0,E,7342,15953623.875
0,E,7344,15957783.500
0,E,7346,15961949.562
0,E,7348,15966115.562
0,E,7350,15970281.562
0,E,7352,15974447.500
0,E,7354,15978613.500
0,E,7404,16082763.500
0,E,7406,16086930.125
0,E,7408,16091095.500
0,E,7410,16095261.500
0,E,7412,16099427.500
0,E,7414,16103593.562
0,E,7476,16232739.500
0,E,7478,16236907.375
0,E,7480,16241071.500
0,E,7482,16245237.500
0,E,7484,16249403.562
0,E,7486,16253577.562
0,E,7488,16257735.500
0,E,7490,16261904.875
0,E,7492,16266068.000
0,E,7494,16270233.500
0,E,7496,16274399.562
0,E,7498,16278568.688
0,E,7524,16332723.500
0,E,7526,16336889.562
0,E,7528,16341055.500
0,E,7530,16345221.500
0,E,7532,16349387.500
0,E,7534,16353554.938
0,E,7536,16357719.562
0,E,7538,16361885.500
0,E,7540,16366051.625
0,E,7542,16370221.062
0,E,7544,16374383.688
0,E,7546,16378550.375
0,E,7596,16482699.500
0,E,7598,16486868.562
0,E,7600,16491031.562
0,E,7602,16495197.562
0,E,7604,16499363.500
0,E,7606,16503532.438
0,E,7668,16632678.562
0,E,7670,16636842.062
0,E,7672,16641007.500
0,E,7674,16645173.688
0,E,7676,16649339.562
0,E,7678,16653507.500
0,E,7680,16657671.562
0,E,7682,16661840.812
0,E,7684,16666003.625
0,E,7686,16670169.562
0,E,7688,16674335.500
0,E,7690,16678501.688
0,E,7716,16732659.500
0,E,7718,16736825.625
0,E,7720,16740991.562
0,E,7722,16745157.500
0,E,7724,16749323.562
0,E,7726,16753492.188
0,E,7728,16757655.500
0,E,7730,16761821.500
0,E,7732,16765987.500
0,E,7734,16770153.500
0,E,7736,16774319.500
0,E,7738,16778487.375
0,E,7788,16882635.625
0,E,7790,16886801.500
0,E,7792,16890968.312
0,E,7794,16895133.500
0,E,7796,16899299.500
0,E,7798,16903467.312
0,E,7860,17032611.562
0,E,7862,17036782.625
0,E,7864,17040943.500
0,E,7866,17045117.688
0,E,7868,17049275.500
0,E,7870,17053441.500
0,E,7872,17057607.562
0,E,7874,17061773.500
0,E,7876,17065940.062
0,E,7878,17070108.438
0,E,7880,17074271.500
0,E,7882,17078441.062
0,E,7908,17132595.500
0,E,7910,17136761.500
0,E,7912,17140927.500
0,E,7914,17145093.750
0,E,7916,17149259.500
0,E,7918,17153427.625
0,E,7920,17157591.562
0,E,7922,17161759.062
0,E,7924,17165923.625
0,E,7926,17170089.500
0,E,7928,17174259.312
0,E,7930,17178424.750
0,E,7980,17282571.500
0,E,7982,17286737.500
0,E,7984,17290903.500
0,E,7986,17295069.562
0,E,7988,17299235.562
0,E,7990,17303406.062
0,E,8052,17432547.500
0,E,8054,17436713.500
0,E,8056,17440880.062
0,E,8058,17445045.875
0,E,8060,17449211.500
0,E,8062,17453377.500
0,E,8064,17457543.500
0,E,8066,17461713.688
0,E,8068,17465875.562
0,E,8070,17470041.562
0,E,8072,17474207.500
0,E,8074,17478373.500
0,E,8100,17532531.688
0,E,8102,17536702.062
0,E,8104,17540863.562
0,E,8106,17545038.750
0,E,8108,17549195.688
0,E,8110,17553361.812
0,E,8112,17557527.500
0,E,8114,17561693.500
0,E,8116,17565859.500
0,E,8118,17570026.125
0,E,8120,17574191.500
0,E,8122,17578360.938
0,E,8172,17682507.562
0,E,8174,17686673.500
0,E,8176,17690839.500
0,E,8178,17695005.562
0,E,8180,17699171.500
0,E,8182,17703341.375
0,E,8244,17832483.562
0,E,8246,17836649.500
0,E,8248,17840815.750
0,E,8250,17844981.562
0,E,8252,17849147.500
0,E,8254,17853316.438
0,E,8256,17857479.500
0,E,8258,17861645.500
0,E,8260,17865811.500
0,E,8262,17869981.938
0,E,8264,17874143.500
0,E,8266,17878313.938
0,E,8292,17932467.500
0,E,8294,17936633.500
0,E,8296,17940799.500
0,E,8298,17944965.500
0,E,8300,17949131.562
0,E,8302,17953299.438
0,E,8304,17957463.500
0,E,8306,17961639.188
0,E,8308,17965795.500
0,E,8310,17969961.875
0,E,8312,17974127.562
0,E,8314,17978293.562
0,E,8364,18082443.625
0,E,8366,18086612.188
0,E,8368,18090775.562
0,E,8370,18094941.500
0,E,8372,18099107.562
0,E,8374,18103275.250
0,E,8436,18232419.500
0,E,8438,18236597.625
0,E,8440,18240751.500
0,E,8442,18244918.688
0,E,8444,18249083.500
0,E,8446,18253249.500
0,E,8448,18257415.500
0,E,8450,18261590.250
0,E,8452,18265747.500
0,E,8454,18269913.562
0,E,8456,18274079.500
0,E,8458,18278250.875
0,E,8484,18332403.562
0,E,8486,18336570.062
0,E,8488,18340735.500
0,E,8490,18344901.500
0,E,8492,18349067.688
0,E,8494,18353233.500
0,E,8496,18357400.062
0,E,8498,18361565.562
0,E,8500,18365731.562
0,E,8502,18369900.438
0,E,8504,18374063.562
0,E,8506,18378229.500
0,E,8556,18482379.500
0,E,8558,18486556.688
0,E,8560,18490711.500
0,E,8562,18494881.250
0,E,8564,18499043.500
0,E,8566,18503209.500
0,E,8628,18632355.500
0,E,8630,18636521.500
0,E,8632,18640687.562
0,E,8634,18644863.312
0,E,8636,18649019.562
0,E,8638,18653186.250
0,E,8640,18657351.562
0,E,8642,18661517.562
0,E,8644,18665683.500
0,E,8646,18669852.938
0,E,8648,18674015.500
0,E,8650,18678181.500
0,E,8676,18732339.500
0,E,8678,18736505.688
0,E,8680,18740671.500
0,E,8682,18744841.188
0,E,8684,18749003.500
0,E,8686,18753169.562
0,E,8688,18757335.500
0,E,8690,18761501.500
0,E,8692,18765670.625
0,E,8694,18769834.750
0,E,8696,18773999.500
0,E,8698,18778165.562
0,E,8748,18882315.500
0,E,8750,18886489.750
0,E,8752,18890647.500
0,E,8754,18894813.500
0,E,8756,18898979.500
0,E,8758,18903145.562
0,E,8820,19032291.562
0,E,8822,19036457.500
0,E,8824,19040623.500
0,E,8826,19044795.250
0,E,8828,19048955.625
0,E,8830,19053121.562
0,E,8832,19057287.500
0,E,8834,19061453.562
0,E,8836,19065619.562
0,E,8838,19069786.688
0,E,8840,19073951.562
0,E,8842,19078117.562
0,E,8868,19132275.500
0,E,8870,19136441.500
0,E,8872,19140607.500
0,E,8874,19144773.500
0,E,8876,19148939.688
0,E,8878,19153106.625
0,E,8880,19157272.188
0,E,8882,19161439.375
0,E,8884,19165603.500
0,E,8886,19169771.062
0,E,8888,19173935.688
0,E,8890,19178101.562
0,E,8940,19282251.625
0,E,8942,19286417.625
0,E,8944,19290583.500
0,E,8946,19294750.312
0,E,8948,19298915.500
0,E,8950,19303081.562
0,E,9012,19432227.500
0,E,9014,19436396.250
0,E,9016,19440559.500
0,E,9018,19444726.312
0,E,9020,19448891.500
0,E,9022,19453057.562
0,E,9024,19457223.500
0,E,9026,19461394.875
0,E,9028,19465555.500
0,E,9030,19469722.375
0,E,9032,19473887.938
0,E,9034,19478053.562
0,E,9060,19532211.562
0,E,9062,19536388.562
0,E,9064,19540543.500
0,E,9066,19544711.625
0,E,9068,19548875.500
0,E,9070,19553042.500
0,E,9072,19557207.500
0,E,9074,19561373.500
0,E,9076,19565539.500
0,E,9078,19569705.562
0,E,9080,19573871.500
0,E,9082,19578038.375
0,E,9132,19682187.500
0,E,9134,19686353.688
0,E,9136,19690520.125
0,E,9138,19694685.562
0,E,9140,19698851.500
0,E,9142,19703020.625
0,E,9204,19832163.562
0,E,9206,19836331.750
0,E,9208,19840495.562
0,E,9210,19844661.500
0,E,9212,19848827.500
0,E,9214,19852993.562
0,E,9216,19857159.500
0,E,9218,19861327.188
0,E,9220,19865491.500
0,E,9222,19869659.188
0,E,9224,19873823.562
0,E,9226,19877990.500
0,E,9252,19932147.688
0,E,9254,19936313.938
0,E,9256,19940479.688
0,E,9258,19944645.562
0,E,9260,19948811.500
0,E,9262,19952977.500
0,E,9264,19957143.500
0,E,9266,19961309.500
0,E,9268,19965475.625
0,E,9270,19969645.500
0,E,9272,19973807.562
0,E,9274,19977973.500
1,O,8,678075.750
1,O,13,689318.562
1,O,23,709923.500
1,O,37,738686.938
1,O,46,756268.250
1,O,50,765650.812
1,O,52,770057.562
1,O,55,775717.000
1,O,57,780400.625
1,O,60,786172.375
1,O,62,790782.688
1,O,65,795904.562
1,O,67,800894.375
1,O,70,806230.562
1,O,72,811332.688
1,O,108,886729.188
1,O,111,892366.750
1,O,113,897236.000
1,O,116,903434.062
1,O,119,908595.625
1,O,121,913687.312
1,O,180,1036827.688
1,O,183,1042097.500
1,O,185,1046782.750
1,O,188,1053026.188
1,O,190,1058052.562
1,O,193,1063176.750
1,O,195,1068234.812
1,O,198,1074238.438
1,O,201,1079891.875
1,O,203,1084647.188
1,O,206,1089833.312
1,O,208,1094826.000
1,O,228,1136818.500
1,O,231,1142446.812
1,O,233,1147128.938
1,O,236,1153345.562
1,O,239,1158497.875
1,O,241,1163561.125
1,O,244,1169752.938
1,O,247,1175472.375
1,O,249,1180747.062
1,O,252,1186090.188
1,O,254,1191104.625
1,O,257,1196223.938
1,O,300,1286718.625
1,O,302,1291380.375
1,O,305,1296618.938
1,O,307,1301667.062
1,O,310,1307010.875
1,O,312,1311870.125
1,O,372,1436691.625
1,O,375,1442325.938
1,O,377,1447282.500
1,O,380,1453242.688
1,O,383,1458416.125
1,O,385,1463432.875
1,O,388,1469807.250
1,O,390,1474659.562
1,O,393,1479884.375
1,O,395,1485043.812
1,O,398,1490027.875
1,O,400,1495222.938
1,O,420,1536679.812
1,O,422,1540769.562
1,O,424,1545428.812
1,O,427,1550670.375
1,O,429,1555823.000
1,O,432,1561985.625
1,O,435,1567226.438
1,O,437,1572183.250
1,O,440,1578319.188
1,O,442,1582361.188
1,O,445,1587547.562
1,O,447,1592537.375
1,O,492,1686631.375
1,O,495,1692256.688
1,O,497,1696935.812
1,O,500,1703136.750
1,O,503,1708274.125
1,O,505,1713329.812
1,O,564,1836656.375
1,O,567,1841901.688
1,O,569,1846384.875
1,O,571,1851697.812
1,O,574,1856852.812
1,O,576,1861812.188
1,O,579,1867261.312
1,O,581,1872128.750
1,O,584,1878311.562
1,O,586,1882338.938
1,O,589,1887525.062
1,O,591,1892530.000
1,O,612,1936537.375
1,O,615,1942165.688
1,O,617,1946835.562
1,O,620,1953042.500
1,O,623,1958182.562
1,O,625,1963201.438
1,O,627,1967273.812
1,O,629,1972361.562
1,O,632,1978170.875
1,O,634,1982578.312
1,O,637,1987770.438
1,O,639,1992775.375
1,O,684,2086659.375
1,O,686,2091119.062
1,O,688,2095407.125
1,O,691,2100604.188
1,O,693,2105485.375
1,O,696,2111021.562
1,O,756,2236514.312
1,O,759,2242148.625
1,O,761,2246849.000
1,O,764,2253077.312
1,O,767,2258238.500
1,O,769,2263243.312
1,O,771,2268301.062
1,O,774,2273882.438
1,O,776,2278537.188
1,O,779,2283672.750
1,O,781,2288990.750
1,O,784,2294112.500
1,O,804,2336498.812
1,O,806,2340973.750
1,O,809,2346405.125
1,O,811,2350464.875
1,O,813,2355349.062
1,O,816,2361804.625
1,O,819,2367259.750
1,O,821,2371717.562
1,O,824,2377927.500
1,O,827,2383069.062
1,O,829,2388141.500
1,O,831,2392142.812
1,O,876,2486522.500
1,O,879,2492147.812
1,O,881,2496612.625
1,O,884,2502991.125
1,O,887,2508140.438
1,O,889,2513274.750
1,O,948,2636496.562
1,O,951,2641818.875
1,O,953,2647098.375
1,O,956,2653136.875
1,O,959,2658485.000
1,O,961,2663492.375
1,O,964,2669674.062
1,O,967,2675315.250
1,O,969,2679992.875
1,O,972,2685715.875
1,O,974,2689337.688
1,O,976,2694315.250
1,O,996,2736566.312
1,O,999,2742004.812
1,O,1001,2746484.875
1,O,1004,2752923.125
1,O,1006,2757753.688
1,O,1009,2762892.250
1,O,1011,2768195.188
1,O,1014,2773959.375
1,O,1016,2778247.188
1,O,1019,2783388.750
1,O,1021,2788464.062
1,O,1024,2793775.625
1,O,1068,2886458.500
1,O,1070,2890888.750
1,O,1073,2896115.062
1,O,1075,2901175.438
1,O,1077,2905255.062
1,O,1080,2910791.250
1,O,1140,3036520.812
1,O,1143,3041965.312
1,O,1145,3046653.438
1,O,1148,3052872.375
1,O,1151,3058055.188
1,O,1153,3063150.562
1,O,1155,3068141.938
1,O,1158,3073748.125
1,O,1160,3078402.875
1,O,1163,3083567.688
1,O,1165,3088595.500
1,O,1168,3093705.000
1,O,1188,3136340.688
1,O,1190,3140763.000
1,O,1193,3146206.625
1,O,1195,3151080.188
1,O,1198,3156632.062
1,O,1200,3161606.125
1,O,1203,3166862.062
1,O,1205,3171530.562
1,O,1208,3177752.750
1,O,1211,3182906.562
1,O,1213,3187764.688
1,O,1215,3192971.688
1,O,1260,3286376.312
1,O,1262,3290438.562
1,O,1265,3296084.125
1,O,1267,3300495.062
1,O,1269,3305566.062
1,O,1272,3310698.125
1,O,1332,3436342.812
1,O,1334,3440794.312
1,O,1337,3446041.875
1,O,1339,3451123.500
1,O,1342,3456711.875
1,O,1344,3461659.312
1,O,1347,3466894.125
1,O,1349,3471559.500
1,O,1352,3477745.188
1,O,1355,3482880.750
1,O,1357,3487922.688
1,O,1360,3493278.062
1,O,1380,3536307.062
1,O,1383,3541748.438
1,O,1385,3545831.062
1,O,1387,3550297.625
1,O,1389,3555561.438
1,O,1392,3561612.875
1,O,1395,3567055.750
1,O,1397,3571953.688
1,O,1400,3577958.688
1,O,1403,3583124.750
1,O,1405,3587386.250
1,O,1407,3592391.188
1,O,1452,3686334.938
1,O,1455,3691934.500
1,O,1457,3696764.312
1,O,1460,3702923.250
1,O,1463,3708232.125
1,O,1465,3713232.875
1,O,1524,3836332.875
1,O,1527,3841754.812
1,O,1529,3846424.062
1,O,1532,3852606.375
1,O,1534,3857591.375
1,O,1537,3862715.438
1,O,1539,3867971.562
1,O,1542,3873698.562
1,O,1545,3879489.312
1,O,1547,3884201.312
1,O,1550,3889354.938
1,O,1552,3894488.188
1,O,1572,3936216.750
1,O,1575,3941819.312
1,O,1577,3946652.125
1,O,1580,3952829.312
1,O,1583,3958141.188
1,O,1585,3963124.938
1,O,1588,3969306.062
1,O,1591,3974914.125
1,O,1593,3979351.188
1,O,1595,3984470.750
1,O,1598,3989630.375
1,O,1600,3994775.875
1,O,1644,4086273.625
1,O,1647,4091686.250
1,O,1649,4096113.188
1,O,1651,4100336.250
1,O,1653,4105367.000
1,O,1656,4110670.875
1,O,1716,4236195.938
1,O,1719,4241829.000
1,O,1721,4246692.312
1,O,1724,4252881.500
1,O,1727,4257998.438
1,O,1729,4263210.250
1,O,1732,4269337.875
1,O,1735,4274939.938
1,O,1737,4279636.688
1,O,1740,4285305.188
1,O,1742,4290659.375
1,O,1745,4295940.750
1,O,1764,4336228.750
1,O,1766,4340881.125
1,O,1769,4346085.812
1,O,1771,4351133.438
1,O,1773,4355193.688
1,O,1776,4361404.688
1,O,1779,4366809.562
1,O,1781,4371656.125
1,O,1784,4377836.312
1,O,1787,4382950.500
1,O,1789,4387978.188
1,O,1792,4393255.625
1,O,1836,4486151.500
1,O,1839,4491751.062
1,O,1841,4496580.875
1,O,1844,4502739.812
1,O,1847,4508057.312
1,O,1849,4513140.000
1,O,1908,4636111.062
1,O,1911,4641544.938
1,O,1913,4645992.375
1,O,1915,4651234.688
1,O,1917,4655300.938
1,O,1920,4661515.812
1,O,1923,4666726.000
1,O,1925,4671763.875
1,O,1928,4677710.250
1,O,1931,4683005.375
1,O,1933,4688016.562
1,O,1936,4693294.000
1,O,1956,4736245.562
1,O,1958,4740289.562
1,O,1961,4745896.125
1,O,1963,4750541.875
1,O,1966,4756270.688
1,O,1968,4761349.438
1,O,1970,4765816.375
1,O,1973,4771022.562
1,O,1975,4776059.438
1,O,1977,4780108.938
1,O,1980,4785434.062
1,O,1982,4790388.125
1,O,2028,4886143.750
1,O,2030,4890780.875
1,O,2033,4896007.062
1,O,2035,4901014.938
1,O,2038,4906535.062
1,O,2040,4910564.750
1,O,2100,5036119.500
1,O,2103,5041752.562
1,O,2105,5046414.938
1,O,2108,5052863.938
1,O,2111,5057942.875
1,O,2113,5062924.500
1,O,2116,5069060.188
1,O,2118,5074087.688
1,O,2121,5079300.438
1,O,2123,5084414.000
1,O,2126,5089605.312
1,O,2128,5094499.938
1,O,2148,5136030.938
1,O,2150,5140683.312
1,O,2153,5145900.250
1,O,2155,5150935.625
1,O,2158,5156449.500
1,O,2160,5161383.000
1,O,2162,5165266.062
1,O,2165,5170874.125
1,O,2167,5175521.375
1,O,2170,5181253.188
1,O,2172,5185632.938
1,O,2175,5190919.875
1,O,2220,5286056.750
1,O,2223,5291680.812
1,O,2225,5295964.438
1,O,2228,5302531.125
1,O,2231,5307640.812
1,O,2233,5312651.750
1,O,2292,5435980.312
1,O,2294,5440650.938
1,O,2297,5445886.125
1,O,2299,5450927.500
1,O,2302,5456289.188
1,O,2304,5461409.250
1,O,2306,5465261.812
1,O,2309,5470851.625
1,O,2311,5475480.625
1,O,2314,5481414.125
1,O,2317,5486945.125
1,O,2319,5491901.938
1,O,2340,5536113.875
1,O,2343,5541800.938
1,O,2346,5548378.688
1,O,2349,5553237.875
1,O,2351,5558324.062
1,O,2353,5563496.500
1,O,2356,5569267.812
1,O,2358,5573737.000
1,O,2361,5579144.125
1,O,2363,5584075.000
1,O,2366,5589222.375
1,O,2368,5593193.438
1,O,2412,5686043.938
1,O,2414,5690468.625
1,O,2417,5695883.500
1,O,2419,5700702.688
1,O,2422,5706222.812
1,O,2424,5711037.312
1,O,2484,5836085.688
1,O,2487,5841694.250
1,O,2489,5846119.688
1,O,2491,5850187.562
1,O,2494,5856147.438
1,O,2496,5861454.438
1,O,2499,5866676.875
1,O,2501,5871706.125
1,O,2504,5877466.562
1,O,2506,5882053.188
1,O,2509,5887194.562
1,O,2511,5891165.625
1,O,2532,5935894.125
1,O,2534,5940327.438
1,O,2537,5945733.062
1,O,2539,5950579.750
1,O,2542,5956294.562
1,O,2544,5961228.062
1,O,2547,5966470.500
1,O,2549,5971114.375
1,O,2551,5975165.500
1,O,2554,5981104.125
1,O,2557,5986641.125
1,O,2559,5991596.188
1,O,2604,6086000.625
1,O,2607,6091635.312
1,O,2610,6098208.500
1,O,2613,6103800.125
1,O,2615,6108322.875
1,O,2618,6113698.062
1,O,2676,6235955.875
1,O,2678,6240383.875
1,O,2681,6245606.812
1,O,2683,6250660.438
1,O,2686,6256210.812
1,O,2688,6261129.938
1,O,2691,6266553.312
1,O,2693,6271205.188
1,O,2695,6275250.312
1,O,2698,6280970.125
1,O,2700,6285379.500
1,O,2702,6290534.500
1,O,2724,6335979.125
1,O,2727,6341382.500
1,O,2729,6345818.062
1,O,2732,6352185.688
1,O,2734,6357189.188
1,O,2736,6361337.875
1,O,2739,6366566.312
1,O,2741,6371671.562
1,O,2744,6377392.125
1,O,2747,6382705.500
1,O,2749,6387923.625
1,O,2752,6393249.562
1,O,2796,6485905.688
1,O,2798,6490336.312
1,O,2801,6495751.188
1,O,2803,6500570.375
1,O,2806,6506279.188
1,O,2808,6510680.312
1,O,2868,6635840.625
1,O,2871,6641461.438
1,O,2873,6645893.438
1,O,2876,6652285.312
1,O,2879,6657510.625
1,O,2881,6662461.812
1,O,2883,6667441.625
1,O,2886,6673200.438
1,O,2888,6677599.062
1,O,2891,6682705.500
1,O,2893,6687917.625
1,O,2896,6692992.375
1,O,2916,6735864.312
1,O,2919,6741454.625
1,O,2921,6745703.562
1,O,2923,6750349.312
1,O,2926,6756100.875
1,O,2928,6761022.125
1,O,2931,6766240.062
1,O,2933,6770883.938
1,O,2936,6775948.312
1,O,2938,6781060.312
1,O,2940,6785295.438
1,O,2942,6790249.500
1,O,2988,6885746.312
1,O,2991,6891430.375
1,O,2994,6898003.562
1,O,2997,6903607.125
1,O,2999,6908117.625
1,O,3001,6913142.875
1,O,3060,7035876.188
1,O,3063,7041485.062
1,O,3065,7046336.125
1,O,3068,7052336.625
1,O,3071,7057654.500
1,O,3073,7062648.375
1,O,3076,7068991.875
1,O,3079,7074595.688
1,O,3081,7079021.125
1,O,3083,7084152.875
1,O,3086,7089306.500
1,O,3088,7094439.750
1,O,3108,7135830.938
1,O,3111,7141045.625
1,O,3113,7145688.000
1,O,3115,7150723.375
1,O,3118,7156048.562
1,O,3120,7160982.062
1,O,3123,7166386.938
1,O,3125,7170637.375
1,O,3127,7175284.625
1,O,3130,7181014.688
1,O,3132,7185645.000
1,O,3135,7190938.812
1,O,3180,7285760.812
1,O,3183,7291360.375
1,O,3185,7296190.188
1,O,3187,7300236.812
1,O,3190,7306223.562
1,O,3193,7311556.875
1,O,3252,7435725.562
1,O,3255,7441147.188
1,O,3257,7445619.125
1,O,3260,7452011.000
1,O,3262,7457008.250
1,O,3265,7462120.062
1,O,3267,7467137.562
1,O,3269,7471419.688
1,O,3272,7477324.750
1,O,3275,7482632.125
1,O,3277,7487643.312
1,O,3280,7492919.000
1,O,3300,7535639.438
1,O,3303,7541242.000
1,O,3305,7546074.812
1,O,3308,7552252.000
1,O,3310,7556259.250
1,O,3313,7561965.500
1,O,3315,7566681.000
1,O,3318,7572802.438
1,O,3320,7577837.562
1,O,3323,7582950.000
1,O,3325,7587967.188
1,O,3328,7593314.000
1,O,3372,7685608.562
1,O,3375,7691008.938
1,O,3377,7695726.938
1,O,3379,7700668.438
1,O,3382,7705987.625
1,O,3384,7711074.188
1,O,3444,7835753.000
1,O,3447,7841373.812
1,O,3449,7846048.438
1,O,3452,7852237.938
1,O,3455,7857634.438
1,O,3457,7862599.625
1,O,3460,7868706.250
1,O,3463,7874296.062
1,O,3465,7878983.875
1,O,3467,7884056.125
1,O,3470,7889267.500
1,O,3472,7894133.438
1,O,3492,7935575.188
1,O,3494,7939832.375
1,O,3497,7945147.812
1,O,3499,7950571.062
1,O,3502,7955896.250
1,O,3504,7960939.812
1,O,3507,7966168.250
1,O,3509,7971002.562
1,O,3512,7977182.750
1,O,3514,7981179.250
1,O,3517,7986529.312
1,O,3519,7991484.375
1,O,3564,8085660.500
1,O,3567,8091260.062
1,O,3569,8095901.188
1,O,3572,8102269.688
1,O,3575,8107356.750
1,O,3577,8111397.688
1,O,3636,8235650.375
1,O,3638,8239700.375
1,O,3640,8244352.125
1,O,3643,8249587.312
1,O,3645,8254627.062
1,O,3648,8260841.938
1,O,3651,8266265.312
1,O,3653,8271126.750
1,O,3656,8277261.812
1,O,3658,8281252.312
1,O,3661,8286582.375
1,O,3663,8291539.188
1,O,3684,8335608.750
1,O,3687,8341199.062
1,O,3689,8345843.188
1,O,3692,8352022.125
1,O,3695,8357133.062
1,O,3697,8362115.062
1,O,3699,8366444.625
1,O,3701,8371401.250
1,O,3704,8377173.688
1,O,3706,8381525.000
1,O,3709,8386684.625
1,O,3711,8391830.125
1,O,3756,8485621.500
1,O,3759,8490929.938
1,O,3761,8495350.562
1,O,3763,8500382.938
1,O,3766,8505915.312
1,O,3768,8510541.125
1,O,3828,8635640.938
1,O,3831,8641060.812
1,O,3833,8645970.750
1,O,3836,8652101.062
1,O,3839,8657219.750
1,O,3841,8662224.125
1,O,3843,8666243.625
1,O,3846,8672600.625
1,O,3848,8677617.500
1,O,3851,8682723.938
1,O,3853,8687735.125
1,O,3856,8693040.062
1,O,3876,8735550.562
1,O,3878,8739966.375
1,O,3881,8745195.562
1,O,3883,8749433.875
1,O,3885,8754278.938
1,O,3888,8760726.500
1,O,3891,8766131.375
1,O,3893,8770789.250
1,O,3896,8776958.938
1,O,3899,8782071.375
1,O,3901,8787099.062
1,O,3903,8791271.062
1,O,3948,8885471.688
1,O,3951,8891059.000
1,O,3953,8895712.375
1,O,3956,8901860.812
1,O,3959,8907248.312
1,O,3961,8911991.938
1,O,4020,9035454.125
1,O,4022,9040112.500
1,O,4025,9045335.438
1,O,4027,9049391.062
1,O,4029,9054443.062
1,O,4032,9060657.938
1,O,4035,9066056.812
1,O,4037,9070696.438
1,O,4040,9077041.062
1,O,4043,9082149.250
1,O,4045,9087158.688
1,O,4047,9091339.312
1,O,4068,9135403.250
1,O,4071,9141005.812
1,O,4073,9145443.125
1,O,4076,9151823.000
1,O,4079,9156946.188
1,O,4081,9161940.438
1,O,4083,9166963.938
1,O,4086,9172953.812
1,O,4088,9177199.500
1,O,4091,9182311.938
1,O,4093,9187542.312
1,O,4096,9192604.812
1,O,4140,9285464.312
1,O,4142,9289860.125
1,O,4145,9295262.750
1,O,4147,9300094.188
1,O,4149,9304126.938
1,O,4152,9309832.688
1,O,4212,9435465.000
1,O,4215,9441141.625
1,O,4218,9447731.062
1,O,4221,9453345.375
1,O,4223,9457889.375
1,O,4225,9462871.000
1,O,4228,9468630.312
1,O,4230,9473270.250
1,O,4233,9478470.438
1,O,4235,9483395.312
1,O,4238,9488536.688
1,O,4240,9493669.938
1,O,4260,9535451.938
1,O,4263,9541054.500
1,O,4265,9545911.812
1,O,4268,9552064.500
1,O,4271,9557175.438
1,O,4273,9561764.000
1,O,4275,9566410.125
1,O,4278,9572602.688
1,O,4281,9578210.750
1,O,4283,9582738.000
1,O,4285,9587956.125
1,O,4288,9593043.125
1,O,4332,9685402.688
1,O,4334,9689455.938
1,O,4337,9695148.750
1,O,4340,9701711.312
1,O,4342,9706699.562
1,O,4345,9711842.438
1,O,4404,9835403.125
1,O,4407,9841011.688
1,O,4409,9845875.000
1,O,4412,9851863.250
1,O,4415,9857205.938
1,O,4417,9862388.500
1,O,4420,9868555.562
1,O,4423,9874171.625
1,O,4425,9878847.188
1,O,4428,9884536.875
1,O,4430,9889878.812
1,O,4433,9895151.750
1,O,4452,9935285.625
1,O,4455,9940701.250
1,O,4457,9944213.312
1,O,4459,9949393.250
1,O,4461,9954427.000
1,O,4464,9960638.000
1,O,4467,9965854.188
1,O,4469,9970889.438
1,O,4472,9976868.688
1,O,4475,9982182.062
1,O,4477,9986455.938
1,O,4479,9991371.250
1,O,4524,10085384.812
1,O,4527,10090972.125
1,O,4529,10095814.188
1,O,4532,10101973.125
1,O,4535,10107105.562
1,O,4537,10112106.000
1,O,4596,10235238.250
1,O,4599,10240943.875
1,O,4601,10246196.812
1,O,4604,10251789.562
1,O,4606,10256558.375
1,O,4609,10261657.938
1,O,4611,10266917.875
1,O,4614,10272653.312
1,O,4617,10278444.062
1,O,4619,10283168.000
1,O,4621,10287193.438
1,O,4624,10292456.875
1,O,4644,10335269.688
1,O,4647,10340872.250
1,O,4649,10345705.062
1,O,4652,10351882.250
1,O,4655,10356993.188
1,O,4657,10361976.938
1,O,4660,10368358.688
1,O,4662,10372607.375
1,O,4665,10377480.312
1,O,4667,10382568.000
1,O,4669,10387597.438
1,O,4672,10392684.438
1,O,4716,10485194.312
1,O,4719,10490594.688
1,O,4721,10495254.938
1,O,4723,10499280.688
1,O,4725,10504323.688
1,O,4728,10509627.562
1,O,4788,10635220.688
1,O,4791,10640829.250
1,O,4793,10645692.562
1,O,4796,10651881.750
1,O,4799,10656998.688
1,O,4801,10661980.312
1,O,4804,10668338.125
1,O,4807,10673940.188
1,O,4809,10678359.000
1,O,4811,10683472.562
1,O,4814,10688613.938
1,O,4816,10693759.438
1,O,4836,10735150.625
1,O,4839,10740631.000
1,O,4841,10746064.875
1,O,4844,10751657.875
1,O,4846,10755464.188
1,O,4848,10760515.250
1,O,4851,10765755.938
1,O,4853,10770602.500
1,O,4856,10776782.688
1,O,4859,10782133.750
1,O,4861,10786924.562
1,O,4864,10792189.750
1,O,4908,10885260.438
1,O,4911,10890860.000
1,O,4913,10895501.125
1,O,4916,10901869.625
1,O,4919,10906956.688
1,O,4921,10911981.625
1,O,4980,11035217.688
1,O,4983,11040450.625
1,O,4985,11045099.000
1,O,4987,11050140.375
1,O,4989,11054218.875
1,O,4992,11060433.750
1,O,4995,11065832.625
1,O,4997,11070660.938
1,O,5000,11076816.875
1,O,5003,11081911.062
1,O,5005,11087173.125
1,O,5008,11092211.938
1,O,5028,11135163.500
1,O,5030,11139207.500
1,O,5033,11145044.250
1,O,5035,11149435.688
1,O,5038,11155357.312
1,O,5041,11161252.250
1,O,5043,11165896.625
1,O,5045,11170931.875
1,O,5048,11176716.562
1,O,5050,11180524.375
1,O,5052,11185343.375
1,O,5055,11190427.625
1,O,5100,11285170.812
1,O,5103,11290382.500
1,O,5105,11294815.062
1,O,5107,11300036.125
1,O,5110,11305355.312
1,O,5112,11309385.000
1,O,5172,11435170.062
1,O,5174,11439232.312
1,O,5177,11444844.875
1,O,5179,11449496.625
1,O,5182,11455471.750
1,O,5185,11461376.812
1,O,5187,11466040.062
1,O,5190,11472171.250
1,O,5192,11477188.125
1,O,5194,11481166.375
1,O,5197,11486320.000
1,O,5199,11491465.500
1,O,5220,11535055.062
1,O,5222,11539707.438
1,O,5225,11544924.375
1,O,5227,11549947.500
1,O,5230,11555473.625
1,O,5232,11560407.125
1,O,5234,11564265.688
1,O,5237,11569873.750
1,O,5239,11574521.000
1,O,5242,11580252.812
1,O,5244,11584627.812
1,O,5247,11589902.500
1,O,5292,11685102.375
1,O,5295,11690701.938
1,O,5297,11694748.688
1,O,5299,11699377.438
1,O,5302,11705371.688
1,O,5305,11710717.250
1,O,5364,11834973.500
1,O,5366,11839619.625
1,O,5369,11844842.562
1,O,5371,11849883.938
1,O,5374,11855245.625
1,O,5376,11860365.688
1,O,5378,11864230.500
1,O,5381,11869832.562
1,O,5383,11874461.562
1,O,5386,11880424.125
1,O,5389,11885768.188
1,O,5391,11890911.938
1,O,5412,11935034.938
1,O,5415,11940649.750
1,O,5417,11945081.438
1,O,5419,11949131.062
1,O,5422,11955066.688
1,O,5425,11961208.562
1,O,5427,11966631.438
1,O,5430,11972426.750
1,O,5432,11976849.312
1,O,5435,11981919.875
1,O,5437,11987150.250
1,O,5439,11991359.375
1,O,5484,12085013.312
1,O,5486,12089438.000
1,O,5489,12094840.625
1,O,5491,12099672.062
1,O,5494,12105192.188
1,O,5496,12110018.938
1,O,5556,12235042.812
1,O,5559,12240651.375
1,O,5561,12245094.688
1,O,5563,12249413.750
1,O,5566,12255122.438
1,O,5569,12261278.062
1,O,5571,12266695.688
1,O,5574,12272265.812
1,O,5576,12276907.062
1,O,5579,12282001.250
1,O,5581,12287024.688
1,O,5583,12291184.438
1,O,5604,12334982.688
1,O,5607,12340585.250
1,O,5609,12345709.875
1,O,5612,12351607.500
1,O,5615,12356706.188
1,O,5617,12361890.875
1,O,5620,12368308.562
1,O,5623,12373692.000
1,O,5625,12377951.062
1,O,5627,12382443.812
1,O,5629,12387452.375
1,O,5632,12392527.125
1,O,5676,12484877.000
1,O,5679,12490476.562
1,O,5681,12495146.938
1,O,5684,12501278.375
1,O,5686,12505280.875
1,O,5688,12510308.562
1,O,5748,12634879.438
1,O,5750,12639331.000
1,O,5753,12644754.875
1,O,5755,12649607.562
1,O,5758,12655157.938
1,O,5760,12660077.062
1,O,5763,12665475.938
1,O,5765,12670115.562
1,O,5767,12674148.438
1,O,5770,12680062.812
1,O,5773,12685593.812
1,O,5775,12690536.625
1,O,5796,12734860.625
1,O,5799,12740276.250
1,O,5801,12744918.625
1,O,5803,12749941.750
1,O,5806,12755279.188
1,O,5808,12760213.000
1,O,5811,12765416.938
1,O,5813,12770464.438
1,O,5816,12776443.688
1,O,5819,12781757.062
1,O,5821,12786786.500
1,O,5824,12792049.938
1,O,5868,12884908.375
1,O,5870,12889339.000
1,O,5873,12894741.625
1,O,5875,12899573.062
1,O,5878,12905093.188
1,O,5880,12909706.750
1,O,5940,13034807.938
1,O,5943,13040416.500
1,O,5945,13044854.188
1,O,5948,13051246.062
1,O,5951,13056375.250
1,O,5952,13060188.938
1,O,5955,13065386.875
1,O,5957,13070416.125
1,O,5960,13076371.125
1,O,5963,13081916.562
1,O,5965,13086878.375
1,O,5968,13091953.125
1,O,5988,13134771.062
1,O,5991,13140373.625
1,O,5993,13144622.562
1,O,5995,13149506.938
1,O,5998,13155189.938
1,O,6001,13161284.062
1,O,6003,13165681.375
1,O,6006,13172062.625
1,O,6008,13176896.812
1,O,6011,13182009.250
1,O,6013,13186241.625
1,O,6015,13191387.125
1,O,6060,13284824.812
1,O,6063,13290249.688
1,O,6065,13294682.250
1,O,6068,13301043.875
1,O,6070,13306019.875
1,O,6073,13311162.750
1,O,6132,13434830.500
1,O,6135,13440451.312
1,O,6137,13444505.312
1,O,6139,13449358.000
1,O,6142,13455109.312
1,O,6144,13460028.438
1,O,6147,13465524.062
1,O,6150,13472080.250
1,O,6153,13477671.812
1,O,6155,13482193.062
1,O,6157,13486218.500
1,O,6159,13491376.250
1,O,6180,13534754.562
1,O,6183,13540178.812
1,O,6185,13544564.875
1,O,6187,13549809.812
1,O,6190,13554937.688
1,O,6192,13560059.875
1,O,6195,13565276.062
1,O,6197,13569514.250
1,O,6199,13574383.312
1,O,6202,13580092.500
1,O,6204,13584521.875
1,O,6207,13589807.062
1,O,6252,13684712.375
1,O,6255,13690311.938
1,O,6257,13695141.750
1,O,6259,13699188.375
1,O,6262,13705104.000
1,O,6265,13710636.500
1,O,6324,13834728.688
1,O,6327,13840150.312
1,O,6329,13844591.875
1,O,6332,13850983.750
1,O,6334,13855981.000
1,O,6337,13861080.562
1,O,6339,13866122.562
1,O,6341,13870178.312
1,O,6344,13876322.000
1,O,6347,13881687.125
1,O,6349,13886640.562
1,O,6352,13891916.250
1,O,6372,13934692.500
1,O,6375,13940282.812
1,O,6377,13944939.188
1,O,6380,13951305.062
1,O,6382,13955312.312
1,O,6385,13961018.562
1,O,6387,13965426.375
1,O,6390,13971819.875
1,O,6392,13976641.812
1,O,6395,13981754.250
1,O,6397,13986972.375
1,O,6400,13992059.375
1,O,6444,14084569.812
1,O,6447,14089982.438
1,O,6449,14094680.688
1,O,6451,14099641.938
1,O,6454,14104961.125
1,O,6456,14110035.438
1,O,6516,14234702.000
1,O,6519,14240322.812
1,O,6521,14244972.938
1,O,6524,14251162.125
1,O,6526,14255426.250
1,O,6529,14261146.750
1,O,6532,14267668.438
1,O,6535,14273270.500
1,O,6537,14277731.938
1,O,6539,14282821.000
1,O,6542,14287974.625
1,O,6544,14293107.875
1,O,6564,14334550.812
1,O,6566,14338808.000
1,O,6569,14344123.438
1,O,6571,14349546.688
1,O,6574,14354871.875
1,O,6576,14359915.438
1,O,6579,14365332.562
1,O,6581,14369978.188
1,O,6584,14376158.375
1,O,6586,14380154.875
1,O,6589,14385504.938
1,O,6591,14390460.000
1,O,6636,14484636.125
1,O,6639,14490235.688
1,O,6641,14494876.812
1,O,6644,14501245.312
1,O,6647,14506332.375
1,O,6649,14510373.312
1,O,6708,14634626.000
1,O,6710,14638676.000
1,O,6712,14643327.750
1,O,6715,14648562.938
1,O,6717,14653602.688
1,O,6720,14659817.562
1,O,6723,14665228.688
1,O,6725,14670057.000
1,O,6728,14676212.938
1,O,6730,14680203.438
1,O,6733,14685533.500
1,O,6735,14690490.312
1,O,6756,14734559.875
1,O,6759,14740162.438
1,O,6761,14744806.562
1,O,6764,14750973.250
1,O,6767,14756084.188
1,O,6769,14761078.438
1,O,6771,14765400.500
1,O,6773,14770376.875
1,O,6776,14776149.312
1,O,6778,14780500.625
1,O,6781,14785648.000
1,O,6783,14790805.750
1,O,6828,14884459.062
1,O,6830,14889108.438
1,O,6832,14893155.062
1,O,6835,14898557.688
1,O,6837,14903399.750
1,O,6840,14908892.312
1,O,6900,15034471.562
1,O,6903,15040092.375
1,O,6905,15044754.750
1,O,6908,15051153.500
1,O,6911,15056270.438
1,O,6913,15061243.438
1,O,6915,15065275.188
1,O,6918,15071723.062
1,O,6920,15076539.000
1,O,6923,15081645.438
1,O,6925,15086656.625
1,O,6928,15091920.062
1,O,6948,15134475.312
1,O,6950,15138920.875
1,O,6953,15144351.000
1,O,6955,15148412.875
1,O,6957,15153257.938
1,O,6960,15159864.438
1,O,6963,15165080.625
1,O,6965,15169738.500
1,O,6968,15175908.188
1,O,6971,15181020.625
1,O,6973,15186048.312
1,O,6975,15191206.375
1,O,7020,15284500.938
1,O,7023,15290100.500
1,O,7025,15294779.312
1,O,7028,15300890.062
1,O,7031,15305998.000
1,O,7033,15311021.188
1,O,7092,15434446.625
1,O,7094,15439092.750
1,O,7097,15444315.688
1,O,7099,15448383.562
1,O,7101,15453423.312
1,O,7104,15459638.188
1,O,7107,15465049.312
1,O,7109,15469688.938
1,O,7112,15476021.312
1,O,7115,15481141.750
1,O,7117,15486151.188
1,O,7119,15490340.188
1,O,7140,15534519.250
1,O,7143,15539934.875
1,O,7145,15544598.125
1,O,7148,15550743.938
1,O,7150,15555735.188
1,O,7153,15560861.375
1,O,7155,15566073.562
1,O,7158,15571862.500
1,O,7160,15576303.250
1,O,7163,15581415.688
1,O,7165,15586445.125
1,O,7168,15591708.562
1,O,7212,15684379.375
1,O,7214,15688809.688
1,O,7217,15694212.312
1,O,7219,15699043.750
1,O,7221,15703277.438
1,O,7224,15708770.000
1,O,7284,15834388.188
1,O,7287,15839996.750
1,O,7289,15844458.188
1,O,7292,15850850.062
1,O,7295,15855979.250
1,O,7297,15860959.125
1,O,7299,15865976.625
1,O,7302,15871747.688
1,O,7304,15875975.125
1,O,7307,15881471.188
1,O,7309,15886482.375
1,O,7312,15891557.125
1,O,7332,15934297.812
1,O,7334,15938696.625
1,O,7337,15944102.250
1,O,7339,15948936.688
1,O,7342,15954663.750
1,O,7344,15959597.562
1,O,7347,15964815.500
1,O,7349,15969459.375
1,O,7352,15975641.312
1,O,7354,15980621.812
1,O,7357,15985769.188
1,O,7359,15990914.688
1,O,7404,16084303.688
1,O,7406,16088356.938
1,O,7409,16093950.000
1,O,7411,16098669.625
1,O,7414,16104319.688
1,O,7416,16109710.750
1,O,7476,16234267.750
1,O,7478,16238701.438
1,O,7481,16244125.312
1,O,7483,16248965.750
1,O,7486,16254540.625
1,O,7488,16259661.000
1,O,7491,16264871.188
1,O,7493,16269510.812
1,O,7496,16275668.500
1,O,7499,16280972.062
1,O,7501,16285772.125
1,O,7503,16290929.875
1,O,7524,16334356.438
1,O,7527,16339759.812
1,O,7529,16343778.375
1,O,7531,16348221.438
1,O,7533,16353456.125
1,O,7536,16359507.875
1,O,7539,16364912.750
1,O,7541,16370026.625
1,O,7544,16375939.500
1,O,7547,16381051.938
1,O,7549,16385284.312
1,O,7551,16390508.438
1,O,7596,16484254.688
1,O,7599,16489842.000
1,O,7601,16494943.875
1,O,7604,16500843.000
1,O,7607,16506139.625
1,O,7609,16511152.312
1,O,7668,16634260.062
1,O,7671,16639681.688
1,O,7673,16644011.875
1,O,7676,16650592.438
1,O,7679,16655617.188
1,O,7681,16660701.500
1,O,7683,16665719.000
1,O,7686,16671684.625
1,O,7689,16677286.688
1,O,7691,16682199.312
1,O,7693,16686224.750
1,O,7696,16691500.438
1,O,7716,16734267.688
1,O,7719,16739870.250
1,O,7721,16744765.250
1,O,7724,16750880.250
1,O,7727,16755991.188
1,O,7729,16760974.938
1,O,7732,16767344.438
1,O,7734,16771605.375
1,O,7737,16777014.250
1,O,7739,16781512.062
1,O,7741,16786541.500
1,O,7744,16791616.250
1,O,7788,16884251.500
1,O,7791,16889672.750
1,O,7793,16894072.812
1,O,7795,16898107.188
1,O,7797,16903338.875
1,O,7800,16908642.750
1,O,7860,17034143.062
1,O,7863,17039751.625
1,O,7865,17044602.688
1,O,7868,17050804.125
1,O,7871,17056151.250
1,O,7873,17061115.875
1,O,7876,17067260.188
1,O,7878,17071691.562
1,O,7881,17077178.938
1,O,7883,17082491.688
1,O,7886,17087633.062
1,O,7888,17092778.562
1,O,7908,17134128.750
1,O,7911,17139609.125
1,O,7913,17145043.000
1,O,7916,17150800.188
1,O,7918,17154413.062
1,O,7920,17159464.125
1,O,7923,17164680.312
1,O,7925,17169526.875
1,O,7928,17175719.312
1,O,7931,17181032.688
1,O,7933,17186112.062
1,O,7936,17191138.625
1,O,7980,17284162.938
1,O,7983,17289762.500
1,O,7985,17294613.188
1,O,7988,17300763.500
1,O,7991,17305860.938
1,O,7993,17310884.125
1,O,8052,17434134.750
1,O,8055,17439603.750
1,O,8057,17445031.375
1,O,8060,17450636.375
1,O,8062,17454448.688
1,O,8064,17459338.562
1,O,8067,17464737.438
1,O,8069,17469578.000
1,O,8072,17475721.688
1,O,8075,17481029.062
1,O,8077,17486040.250
1,O,8080,17491315.938
1,O,8100,17534068.312
1,O,8102,17538313.250
1,O,8105,17543919.812
1,O,8107,17548603.250
1,O,8110,17554300.250
1,O,8113,17560403.000
1,O,8115,17564791.062
1,O,8118,17571193.188
1,O,8120,17576061.875
1,O,8122,17580238.438
1,O,8125,17585385.812
1,O,8127,17590593.500
1,O,8172,17684012.938
1,O,8175,17689460.688
1,O,8177,17694879.312
1,O,8180,17700630.500
1,O,8182,17705260.500
1,O,8184,17709248.312
1,O,8244,17834088.250
1,O,8246,17838347.812
1,O,8249,17843951.750
1,O,8251,17848682.125
1,O,8254,17854360.688
1,O,8257,17860549.438
1,O,8260,17867083.375
1,O,8262,17871922.188
1,O,8265,17877122.375
1,O,8267,17881250.188
1,O,8269,17886261.375
1,O,8272,17891537.062
1,O,8292,17934010.938
1,O,8294,17938663.312
1,O,8297,17943880.250
1,O,8299,17948915.625
1,O,8302,17954441.750
1,O,8304,17959363.000
1,O,8307,17964604.000
1,O,8309,17969261.875
1,O,8312,17975630.750
1,O,8315,17980744.938
1,O,8317,17985772.625
1,O,8320,17991058.688
1,O,8364,18084050.125
1,O,8367,18089637.438
1,O,8369,18093960.375
1,O,8372,18100508.938
1,O,8375,18105618.625
1,O,8377,18110629.562
1,O,8436,18234075.688
1,O,8439,18239376.688
1,O,8441,18244816.562
1,O,8444,18250616.125
1,O,8447,18256143.875
1,O,8449,18261128.812
1,O,8451,18265172.812
1,O,8454,18271339.375
1,O,8457,18277117.875
1,O,8459,18281653.125
1,O,8462,18286796.250
1,O,8464,18291940.000
1,O,8484,18333987.938
1,O,8487,18339578.250
1,O,8489,18344045.938
1,O,8491,18348284.250
1,O,8494,18354013.062
1,O,8496,18359287.688
1,O,8499,18364514.812
1,O,8501,18369751.000
1,O,8504,18375541.562
1,O,8507,18381102.312
1,O,8509,18386102.500
1,O,8512,18391177.562
1,O,8556,18483886.750
1,O,8558,18488536.125
1,O,8561,18493750.062
1,O,8563,18498782.438
1,O,8566,18504302.562
1,O,8568,18508916.125
1,O,8628,18634017.312
1,O,8631,18639625.875
1,O,8633,18644069.188
1,O,8635,18648376.000
1,O,8638,18654096.938
1,O,8641,18660245.062
1,O,8643,18665656.312
1,O,8646,18671415.125
1,O,8648,18675837.312
1,O,8651,18681082.188
1,O,8653,18686105.625
1,O,8655,18690265.375
1,O,8676,18734001.125
1,O,8679,18739603.688
1,O,8681,18744436.500
1,O,8684,18750613.688
1,O,8687,18755724.625
1,O,8689,18760921.562
1,O,8692,18767077.875
1,O,8695,18772698.188
1,O,8697,18776747.688
1,O,8699,18781287.188
1,O,8702,18786532.812
1,O,8704,18791580.062
1,O,8748,18883927.375
1,O,8751,18889586.562
1,O,8754,18896159.750
1,O,8757,18901751.062
1,O,8758,18905170.125
1,O,8761,18910313.000
1,O,8820,19033828.750
1,O,8822,19038537.062
1,O,8825,19043710.062
1,O,8827,19048562.750
1,O,8830,19054113.125
1,O,8832,19059233.188
1,O,8835,19064431.125
1,O,8837,19069070.750
1,O,8839,19073375.688
1,O,8842,19079030.250
1,O,8845,19084561.250
1,O,8847,19089783.625
1,O,8868,19133911.000
1,O,8871,19139314.375
1,O,8873,19144027.875
1,O,8876,19150135.688
1,O,8878,19155114.688
1,O,8880,19159251.125
1,O,8883,19164467.312
1,O,8885,19169514.812
1,O,8888,19175494.062
1,O,8891,19180795.188
1,O,8893,19185824.625
1,O,8896,19191100.312
1,O,8940,19283758.875
1,O,8942,19287977.250
1,O,8945,19293598.000
1,O,8947,19298441.688
1,O,8950,19304150.500
1,O,8952,19308776.312
1,O,9012,19433860.625
1,O,9015,19439282.250
1,O,9017,19443930.625
1,O,9020,19450133.812
1,O,9022,19455118.812
1,O,9024,19459253.125
1,O,9027,19464463.312
1,O,9029,19469492.562
1,O,9032,19475447.562
1,O,9035,19480742.688
1,O,9037,19485975.688
1,O,9040,19491029.562
1,O,9060,19533776.125
1,O,9063,19539403.188
1,O,9065,19543652.125
1,O,9067,19548297.875
1,O,9070,19554012.688
1,O,9072,19559134.875
1,O,9075,19564419.125
1,O,9078,19571001.312
1,O,9081,19576597.125
1,O,9083,19581136.625
1,O,9085,19585180.312
1,O,9087,19590325.812
1,O,9132,19683803.312
1,O,9135,19689215.938
1,O,9137,19693914.188
1,O,9140,19700003.750
1,O,9142,19704992.000
1,O,9145,19710134.875
1,O,9204,19833772.938
1,O,9207,19839381.500
1,O,9209,19843460.000
1,O,9211,19848300.438
1,O,9214,19854039.500
1,O,9216,19858958.625
1,O,9219,19864369.750
1,O,9221,19868779.000
1,O,9224,19875125.375
1,O,9227,19880231.812
1,O,9228,19884128.062
1,O,9231,19889422.188
1,O,9252,19933707.875
1,O,9255,19939123.500
1,O,9257,19943535.500
1,O,9259,19948759.562
1,O,9262,19954097.000
1,O,9264,19959018.250
1,O,9267,19964234.438
1,O,9269,19969390.312
1,O,9272,19975290.938
1,O,9275,19980604.312
1,O,9277,19985621.500
1,O,9280,19990897.188
2,O,8,678096.562
2,O,13,689339.375
2,O,23,709944.312
2,O,37,738695.500
2,O,46,756289.062
2,O,50,765659.375
2,O,52,770078.375
2,O,55,775737.812
2,O,57,780409.188
2,O,60,786180.938
2,O,62,790791.250
2,O,65,795925.375
2,O,67,800915.188
2,O,70,806251.375
2,O,72,811353.500
2,O,108,886750.000
2,O,111,892387.562
2,O,113,897256.812
2,O,116,903454.875
2,O,119,908604.188
2,O,121,913695.875
2,O,180,1036836.250
2,O,183,1042106.062
2,O,185,1046803.562
2,O,188,1053034.750
2,O,190,1058061.125
2,O,193,1063197.562
2,O,195,1068255.625
2,O,198,1074259.250
2,O,201,1079900.438
2,O,203,1084668.000
2,O,206,1089854.125
2,O,208,1094834.562
2,O,228,1136839.312
2,O,231,1142455.375
2,O,233,1147149.750
2,O,236,1153366.375
2,O,239,1158518.688
2,O,241,1163581.938
2,O,244,1169761.500
2,O,246,1174607.562
2,O,249,1179862.875
2,O,251,1185016.062
2,O,254,1190018.375
2,O,256,1195200.875
2,O,300,1286739.438
2,O,303,1291416.438
2,O,305,1296627.500
2,O,307,1301687.875
2,O,310,1307031.688
2,O,312,1311878.688
2,O,372,1436712.438
2,O,375,1442346.750
2,O,377,1446998.125
2,O,380,1453263.500
2,O,383,1458424.688
2,O,385,1463453.688
2,O,388,1469815.812
2,O,390,1474680.375
2,O,393,1479905.188
2,O,395,1485052.375
2,O,398,1490048.688
2,O,400,1495231.500
2,O,420,1536700.625
2,O,422,1540778.125
2,O,424,1545437.375
2,O,427,1550691.188
2,O,429,1555538.625
2,O,432,1562006.438
2,O,435,1567247.250
2,O,437,1572204.062
2,O,440,1578340.000
2,O,442,1582382.000
2,O,445,1587568.375
2,O,447,1592558.188
2,O,492,1686652.188
2,O,495,1692277.500
2,O,497,1696944.375
2,O,500,1703145.312
2,O,503,1708294.938
2,O,505,1713338.375
2,O,564,1836677.188
2,O,567,1841922.500
2,O,569,1846405.688
2,O,571,1851706.375
2,O,574,1856873.625
2,O,576,1861833.000
2,O,579,1867269.875
2,O,581,1872137.312
2,O,584,1878320.125
2,O,586,1882347.500
2,O,589,1887545.875
2,O,591,1892538.562
2,O,612,1936558.188
2,O,615,1942186.500
2,O,617,1946844.125
2,O,620,1953051.062
2,O,623,1958203.375
2,O,625,1963222.250
2,O,627,1967294.625
2,O,629,1972382.375
2,O,632,1978191.688
2,O,634,1982586.875
2,O,637,1987791.250
2,O,639,1992783.938
2,O,684,2086667.938
2,O,686,2091139.875
2,O,688,2095415.688
2,O,691,2100612.750
2,O,693,2105493.938
2,O,696,2111042.375
2,O,756,2236535.125
2,O,759,2242169.438
2,O,761,2246869.812
2,O,764,2253098.125
2,O,767,2258259.312
2,O,769,2263264.125
2,O,772,2268337.125
2,O,774,2273903.250
2,O,776,2278558.000
2,O,779,2283681.312
2,O,781,2289011.562
2,O,784,2294121.062
2,O,804,2336519.625
2,O,806,2340982.312
2,O,809,2346425.938
2,O,811,2350485.688
2,O,813,2355369.875
2,O,816,2361825.438
2,O,819,2367268.312
2,O,821,2371738.375
2,O,824,2377936.062
2,O,827,2383089.875
2,O,829,2388150.062
2,O,831,2392151.375
2,O,876,2486531.062
2,O,879,2492156.375
2,O,881,2496621.188
2,O,884,2503011.938
2,O,887,2508149.000
2,O,889,2512990.375
2,O,948,2636505.125
2,O,951,2641839.688
2,O,953,2647106.938
2,O,956,2653145.438
2,O,959,2658505.812
2,O,961,2663513.188
2,O,964,2669682.625
2,O,967,2675336.062
2,O,969,2680001.438
2,O,972,2685724.438
2,O,974,2689346.250
2,O,976,2694336.062
2,O,996,2736587.125
2,O,999,2742013.375
2,O,1001,2746505.688
2,O,1004,2752943.938
2,O,1006,2757762.250
2,O,1009,2762913.062
2,O,1011,2767940.062
2,O,1014,2773980.188
2,O,1016,2778255.750
2,O,1019,2783409.562
2,O,1021,2788472.625
2,O,1024,2793784.188
2,O,1068,2886479.312
2,O,1070,2890909.562
2,O,1073,2896135.875
2,O,1075,2901196.250
2,O,1077,2905263.625
2,O,1080,2910812.062
2,O,1140,3036541.625
2,O,1143,3041986.125
2,O,1145,3046662.000
2,O,1148,3052893.188
2,O,1151,3058063.750
2,O,1153,3062866.188
2,O,1155,3068150.500
2,O,1158,3073756.688
2,O,1160,3078411.438
2,O,1163,3083576.250
2,O,1165,3088604.062
2,O,1168,3093713.562
2,O,1188,3136349.250
2,O,1191,3141995.688
2,O,1193,3146879.875
2,O,1196,3153083.938
2,O,1199,3158224.000
2,O,1201,3162860.562
2,O,1203,3167330.375
2,O,1206,3173737.875
2,O,1209,3179198.125
2,O,1211,3183766.750
2,O,1213,3188842.062
2,O,1216,3193951.562
2,O,1260,3286397.125
2,O,1262,3290459.375
2,O,1265,3296110.812
2,O,1268,3302700.750
2,O,1270,3307718.125
2,O,1273,3312893.500
2,O,1332,3436351.375
2,O,1334,3440802.875
2,O,1337,3446050.438
2,O,1339,3451144.312
2,O,1342,3456732.688
2,O,1344,3461680.125
2,O,1347,3466914.938
2,O,1349,3471568.062
2,O,1352,3477753.750
2,O,1355,3482889.312
2,O,1357,3487943.500
2,O,1359,3492923.938
2,O,1380,3536327.875
2,O,1383,3541757.000
2,O,1385,3545839.625
2,O,1387,3550318.438
2,O,1389,3555582.250
2,O,1392,3561633.688
2,O,1395,3567064.312
2,O,1397,3571962.250
2,O,1400,3577967.250
2,O,1403,3583133.312
2,O,1405,3587407.062
2,O,1407,3592399.750
2,O,1452,3686355.750
2,O,1455,3691943.062
2,O,1457,3696772.875
2,O,1460,3702944.062
2,O,1463,3708240.688
2,O,1465,3713253.688
2,O,1524,3836341.438
2,O,1527,3841763.375
2,O,1529,3846444.875
2,O,1532,3852614.938
2,O,1534,3857612.188
2,O,1537,3862736.250
2,O,1539,3867992.375
2,O,1542,3873707.125
2,O,1545,3879497.875
2,O,1547,3884222.125
2,O,1550,3889363.500
2,O,1552,3894509.000
2,O,1572,3936237.562
2,O,1575,3941840.125
2,O,1577,3946672.938
2,O,1580,3952850.125
2,O,1583,3958149.750
2,O,1585,3963145.750
2,O,1588,3969314.625
2,O,1591,3974934.938
2,O,1593,3979372.000
2,O,1595,3984491.562
2,O,1598,3989638.938
2,O,1600,3994784.438
2,O,1644,4086294.438
2,O,1647,4091694.812
2,O,1649,4096134.000
2,O,1651,4100357.062
2,O,1653,4105387.812
2,O,1656,4110691.688
2,O,1716,4236216.750
2,O,1719,4241849.812
2,O,1721,4246700.875
2,O,1724,4252890.062
2,O,1727,4258019.250
2,O,1729,4263231.062
2,O,1732,4269358.688
2,O,1735,4274948.500
2,O,1737,4279645.250
2,O,1740,4285326.000
2,O,1742,4290667.938
2,O,1745,4295961.562
2,O,1764,4336237.312
2,O,1766,4340889.688
2,O,1769,4346106.625
2,O,1771,4351142.000
2,O,1773,4355202.250
2,O,1776,4361413.250
2,O,1779,4366830.375
2,O,1781,4371676.938
2,O,1784,4377844.875
2,O,1787,4382959.062
2,O,1789,4387986.750
2,O,1792,4393264.188
2,O,1836,4486172.312
2,O,1839,4491759.625
2,O,1841,4496601.688
2,O,1844,4502760.625
2,O,1847,4508065.875
2,O,1849,4512856.750
2,O,1908,4636131.875
2,O,1911,4641553.500
2,O,1913,4646013.188
2,O,1915,4651243.250
2,O,1917,4655309.500
2,O,1920,4661536.625
2,O,1923,4666734.562
2,O,1925,4671784.688
2,O,1928,4677718.812
2,O,1931,4683013.938
2,O,1933,4688037.375
2,O,1936,4693314.812
2,O,1956,4736266.375
2,O,1958,4740310.375
2,O,1961,4745916.938
2,O,1963,4750562.688
2,O,1966,4756291.500
2,O,1968,4761370.250
2,O,1970,4765824.938
2,O,1973,4771043.375
2,O,1975,4776080.250
2,O,1977,4780129.750
2,O,1980,4785442.625
2,O,1982,4790408.938
2,O,2028,4886164.562
2,O,2030,4890801.688
2,O,2033,4896015.625
2,O,2035,4901035.750
2,O,2038,4906555.875
2,O,2040,4910573.312
2,O,2100,5036140.312
2,O,2103,5041773.375
2,O,2105,5046435.750
2,O,2108,5052884.750
2,O,2111,5057951.438
2,O,2113,5062945.312
2,O,2116,5069081.000
2,O,2118,5074108.500
2,O,2121,5079309.000
2,O,2123,5084422.562
2,O,2126,5089626.125
2,O,2128,5094520.750
2,O,2148,5136051.750
2,O,2150,5140704.125
2,O,2153,5145908.812
2,O,2155,5150944.188
2,O,2158,5156470.312
2,O,2160,5161403.812
2,O,2162,5165274.625
2,O,2165,5170882.688
2,O,2167,5175529.938
2,O,2170,5181274.000
2,O,2172,5185653.750
2,O,2175,5190940.688
2,O,2220,5286077.562
2,O,2223,5291701.625
2,O,2225,5295991.125
2,O,2228,5302539.688
2,O,2231,5307649.375
2,O,2233,5312672.562
2,O,2292,5436001.125
2,O,2294,5440671.750
2,O,2297,5445906.938
2,O,2299,5450936.062
2,O,2302,5456310.000
2,O,2304,5461417.812
2,O,2306,5465270.375
2,O,2309,5470860.188
2,O,2311,5475501.438
2,O,2314,5481422.688
2,O,2317,5486953.688
2,O,2319,5491910.500
2,O,2340,5536134.688
2,O,2343,5541513.562
2,O,2345,5546155.938
2,O,2347,5550205.562
2,O,2350,5556141.188
2,O,2352,5561450.312
2,O,2355,5566666.500
2,O,2357,5571714.000
2,O,2360,5577693.250
2,O,2363,5582994.375
2,O,2365,5588233.375
2,O,2367,5592183.562
2,O,2412,5686064.750
2,O,2414,5690489.438
2,O,2417,5695904.312
2,O,2419,5700723.500
2,O,2422,5706243.625
2,O,2424,5711058.125
2,O,2484,5836094.250
2,O,2487,5841702.812
2,O,2489,5846140.500
2,O,2491,5850208.375
2,O,2494,5856168.250
2,O,2496,5861475.250
2,O,2499,5866697.688
2,O,2501,5871726.938
2,O,2504,5877475.125
2,O,2506,5882074.000
2,O,2509,5887203.125
2,O,2511,5891174.188
2,O,2532,5935902.688
2,O,2534,5940348.250
2,O,2537,5945753.875
2,O,2539,5950588.312
2,O,2542,5956315.375
2,O,2544,5961248.875
2,O,2547,5966491.312
2,O,2549,5971135.188
2,O,2551,5975186.312
2,O,2554,5981124.938
2,O,2557,5986661.938
2,O,2559,5991617.000
2,O,2604,6086021.438
2,O,2607,6091656.125
2,O,2610,6098217.062
2,O,2613,6103820.938
2,O,2615,6108343.688
2,O,2618,6113718.875
2,O,2676,6235976.688
2,O,2678,6240404.688
2,O,2681,6245627.625
2,O,2683,6250669.000
2,O,2686,6256219.375
2,O,2688,6261150.750
2,O,2691,6266574.125
2,O,2693,6271226.000
2,O,2695,6275271.125
2,O,2698,6280978.688
2,O,2700,6285400.312
2,O,2702,6290555.312
2,O,2724,6335987.688
2,O,2727,6341403.312
2,O,2729,6345838.875
2,O,2732,6352206.500
2,O,2734,6357197.750
2,O,2736,6361346.438
2,O,2739,6366587.125
2,O,2741,6371409.188
2,O,2744,6377412.938
2,O,2747,6382714.062
2,O,2749,6387944.438
2,O,2752,6393258.125
2,O,2796,6485914.250
2,O,2798,6490344.875
2,O,2801,6495759.750
2,O,2803,6500578.938
2,O,2806,6506300.000
2,O,2808,6510701.125
2,O,2868,6635861.438
2,O,2871,6641470.000
2,O,2873,6645902.000
2,O,2876,6652293.875
2,O,2878,6657107.688
2,O,2881,6662482.625
2,O,2883,6667450.188
2,O,2886,6673209.000
2,O,2888,6677607.625
2,O,2891,6682714.062
2,O,2893,6687926.188
2,O,2896,6693000.938
2,O,2916,6735872.875
2,O,2919,6741475.438
2,O,2921,6745724.375
2,O,2923,6750370.125
2,O,2926,6756109.438
2,O,2928,6761030.688
2,O,2931,6766260.875
2,O,2933,6770904.750
2,O,2936,6775956.875
2,O,2938,6781081.125
2,O,2940,6785316.250
2,O,2942,6790270.312
2,O,2988,6885767.125
2,O,2991,6891143.000
2,O,2993,6895782.375
2,O,2996,6902193.938
2,O,2998,6906969.000
2,O,3001,6912111.875
2,O,3060,7035897.000
2,O,3063,7041505.875
2,O,3065,7046356.938
2,O,3068,7052357.438
2,O,3071,7057675.312
2,O,3073,7062656.938
2,O,3076,7069000.438
2,O,3079,7074604.250
2,O,3081,7079041.938
2,O,3083,7084173.688
2,O,3086,7089315.062
2,O,3088,7094460.562
2,O,3108,7135839.500
2,O,3111,7141066.438
2,O,3113,7145696.562
2,O,3115,7150731.938
2,O,3118,7156069.375
2,O,3120,7160990.625
2,O,3123,7166407.750
2,O,3125,7170645.938
2,O,3127,7175305.438
2,O,3130,7181035.500
2,O,3132,7185653.562
2,O,3135,7190947.375
2,O,3180,7285781.625
2,O,3183,7291381.188
2,O,3185,7296211.000
2,O,3187,7300257.625
2,O,3190,7306232.125
2,O,3193,7311577.688
2,O,3252,7435734.125
2,O,3255,7441168.000
2,O,3257,7445639.938
2,O,3260,7452031.812
2,O,3262,7457016.812
2,O,3265,7462128.625
2,O,3267,7467158.375
2,O,3269,7471440.500
2,O,3272,7477345.562
2,O,3275,7482640.688
2,O,3277,7487664.125
2,O,3280,7492927.562
2,O,3300,7535660.250
2,O,3303,7541250.562
2,O,3305,7546095.625
2,O,3308,7552260.562
2,O,3310,7556267.812
2,O,3313,7561986.312
2,O,3315,7566701.812
2,O,3318,7572823.250
2,O,3320,7577846.125
2,O,3323,7582958.562
2,O,3325,7587988.000
2,O,3328,7593322.562
2,O,3372,7685617.125
2,O,3375,7691017.500
2,O,3377,7695443.688
2,O,3379,7700677.000
2,O,3382,7706008.438
2,O,3384,7711082.750
2,O,3444,7835773.812
2,O,3447,7841382.375
2,O,3449,7846057.000
2,O,3452,7852258.750
2,O,3455,7857365.188
2,O,3457,7862608.188
2,O,3460,7868714.812
2,O,3463,7874316.875
2,O,3465,7878992.438
2,O,3468,7884104.438
2,O,3470,7888984.250
2,O,3472,7894154.250
2,O,3492,7935596.000
2,O,3494,7939853.188
2,O,3496,7944273.500
2,O,3499,7949490.438
2,O,3501,7954536.438
2,O,3504,7960960.625
2,O,3507,7966176.812
2,O,3509,7971023.375
2,O,3512,7977191.312
2,O,3514,7981187.812
2,O,3517,7986550.125
2,O,3519,7991505.188
2,O,3564,8085681.312
2,O,3567,8091280.875
2,O,3569,8095909.750
2,O,3572,8102278.250
2,O,3575,8107377.562
2,O,3577,8111418.500
2,O,3636,8235658.938
2,O,3638,8239721.188
2,O,3640,8244372.938
2,O,3643,8249595.875
2,O,3645,8254647.875
2,O,3648,8260862.750
2,O,3651,8266273.875
2,O,3653,8271135.312
2,O,3656,8277270.375
2,O,3658,8281273.125
2,O,3661,8286603.188
2,O,3663,8291560.000
2,O,3684,8335617.312
2,O,3687,8341219.875
2,O,3689,8345864.000
2,O,3692,8352042.938
2,O,3695,8357153.875
2,O,3697,8362135.875
2,O,3699,8366161.375
2,O,3701,8371409.812
2,O,3704,8377200.375
2,O,3707,8382702.438
2,O,3709,8387731.875
2,O,3712,8392806.625
2,O,3756,8485642.312
2,O,3758,8490066.250
2,O,3760,8494289.312
2,O,3763,8499503.250
2,O,3765,8504546.250
2,O,3768,8509862.375
2,O,3828,8635649.500
2,O,3831,8641069.375
2,O,3833,8645991.562
2,O,3836,8652109.625
2,O,3839,8657240.562
2,O,3841,8662232.688
2,O,3843,8666264.438
2,O,3846,8672621.438
2,O,3848,8677638.312
2,O,3851,8682732.500
2,O,3853,8687755.938
2,O,3856,8693048.625
2,O,3876,8735571.375
2,O,3878,8739987.188
2,O,3881,8745204.125
2,O,3883,8749442.438
2,O,3885,8754287.500
2,O,3888,8760735.062
2,O,3891,8766152.188
2,O,3893,8770797.812
2,O,3896,8776979.750
2,O,3899,8782092.188
2,O,3901,8787119.875
2,O,3903,8791279.625
2,O,3948,8885480.250
2,O,3951,8891079.812
2,O,3953,8895720.938
2,O,3956,8901881.625
2,O,3959,8906860.625
2,O,3961,8912000.500
2,O,4020,9035474.938
2,O,4022,9040133.312
2,O,4025,9045356.250
2,O,4027,9049411.875
2,O,4029,9054451.625
2,O,4032,9060678.750
2,O,4035,9066077.625
2,O,4037,9070717.250
2,O,4040,9077049.625
2,O,4043,9082170.062
2,O,4045,9087179.500
2,O,4047,9091360.125
2,O,4068,9135411.812
2,O,4071,9141014.375
2,O,4073,9145451.688
2,O,4076,9151843.812
2,O,4079,9156954.750
2,O,4081,9161949.000
2,O,4083,9166972.500
2,O,4086,9172974.625
2,O,4088,9177220.312
2,O,4091,9182332.750
2,O,4093,9187550.875
2,O,4096,9192625.625
2,O,4140,9285491.000
2,O,4143,9291090.562
2,O,4145,9296121.312
2,O,4148,9302079.312
2,O,4150,9306272.250
2,O,4153,9311415.125
2,O,4212,9435473.562
2,O,4215,9441150.188
2,O,4218,9447751.875
2,O,4221,9453366.188
2,O,4223,9457897.938
2,O,4225,9462891.812
2,O,4228,9468638.875
2,O,4230,9473291.062
2,O,4233,9478491.250
2,O,4235,9483403.875
2,O,4238,9488545.250
2,O,4240,9493690.750
2,O,4260,9535472.750
2,O,4263,9541075.312
2,O,4265,9545920.375
2,O,4268,9552085.312
2,O,4271,9557196.250
2,O,4273,9561784.812
2,O,4275,9566418.688
2,O,4278,9572611.250
2,O,4281,9578231.562
2,O,4283,9582746.562
2,O,4286,9588004.438
2,O,4288,9593051.688
2,O,4332,9685423.500
2,O,4334,9689464.500
2,O,4337,9695157.312
2,O,4340,9701732.125
2,O,4343,9706735.625
2,O,4345,9711851.000
2,O,4404,9835423.938
2,O,4407,9841032.500
2,O,4409,9845883.562
2,O,4412,9851884.062
2,O,4415,9857226.750
2,O,4417,9862409.312
2,O,4420,9868576.375
2,O,4423,9874180.188
2,O,4425,9878868.000
2,O,4428,9884545.438
2,O,4430,9889899.625
2,O,4433,9895172.562
2,O,4452,9935306.438
2,O,4455,9940722.062
2,O,4457,9944221.875
2,O,4459,9949401.812
2,O,4461,9954435.562
2,O,4464,9960646.562
2,O,4467,9965875.000
2,O,4469,9970898.000
2,O,4472,9976889.500
2,O,4475,9982190.625
2,O,4477,9986464.500
2,O,4479,9991379.812
2,O,4524,10085405.625
2,O,4527,10090992.938
2,O,4529,10095835.000
2,O,4532,10101993.938
2,O,4535,10107114.125
2,O,4537,10112126.812
2,O,4596,10235259.062
2,O,4599,10240656.188
2,O,4601,10244911.125
2,O,4603,10249348.688
2,O,4606,10255338.188
2,O,4608,10260615.562
2,O,4611,10265813.500
2,O,4613,10270842.750
2,O,4616,10276797.750
2,O,4619,10282105.125
2,O,4621,10286331.500
2,O,4623,10291276.062
2,O,4644,10335290.500
2,O,4647,10340893.062
2,O,4649,10345725.875
2,O,4652,10351903.062
2,O,4655,10357001.750
2,O,4657,10361997.750
2,O,4660,10368367.250
2,O,4662,10372615.938
2,O,4665,10377488.875
2,O,4667,10382588.812
2,O,4669,10387618.250
2,O,4672,10392693.000
2,O,4716,10485215.125
2,O,4719,10490615.500
2,O,4721,10495263.500
2,O,4723,10499301.500
2,O,4725,10504344.500
2,O,4728,10509648.375
2,O,4788,10635241.500
2,O,4791,10640850.062
2,O,4793,10645701.125
2,O,4796,10651890.312
2,O,4799,10657019.500
2,O,4801,10662001.125
2,O,4804,10668346.688
2,O,4807,10673948.750
2,O,4809,10678379.812
2,O,4811,10683493.375
2,O,4814,10688634.750
2,O,4816,10693780.250
2,O,4836,10735159.188
2,O,4839,10740651.812
2,O,4841,10746085.688
2,O,4844,10751666.438
2,O,4846,10755472.750
2,O,4848,10760536.062
2,O,4851,10765776.750
2,O,4853,10770623.312
2,O,4856,10776791.250
2,O,4859,10782142.312
2,O,4861,10786933.125
2,O,4864,10792210.562
2,O,4908,10885281.250
2,O,4911,10890868.562
2,O,4913,10895509.688
2,O,4916,10901878.188
2,O,4919,10906965.250
2,O,4921,10911990.188
2,O,4980,11035238.500
2,O,4983,11040471.438
2,O,4985,11045119.812
2,O,4987,11050161.188
2,O,4989,11054239.688
2,O,4992,11060442.312
2,O,4995,11065841.188
2,O,4997,11070681.750
2,O,5000,11076825.438
2,O,5003,11081931.875
2,O,5005,11087193.938
2,O,5008,11092220.500
2,O,5028,11135172.062
2,O,5030,11139228.312
2,O,5033,11145052.812
2,O,5035,11149444.250
2,O,5038,11155378.125
2,O,5041,11161273.062
2,O,5043,11165905.188
2,O,5045,11170952.688
2,O,5048,11176725.125
2,O,5050,11180532.938
2,O,5052,11185364.188
2,O,5055,11190448.438
2,O,5100,11285191.625
2,O,5103,11290403.312
2,O,5105,11294823.625
2,O,5107,11300044.688
2,O,5110,11305376.125
2,O,5112,11309393.562
2,O,5172,11435190.875
2,O,5174,11439240.875
2,O,5177,11444853.438
2,O,5179,11449517.438
2,O,5182,11455492.562
2,O,5185,11461385.375
2,O,5187,11465798.312
2,O,5190,11472179.812
2,O,5192,11477196.688
2,O,5194,11481187.188
2,O,5197,11486328.562
2,O,5199,11491486.312
2,O,5220,11535075.875
2,O,5222,11539716.000
2,O,5225,11544945.188
2,O,5227,11549956.062
2,O,5230,11555494.438
2,O,5232,11560415.688
2,O,5234,11564274.250
2,O,5237,11569882.312
2,O,5239,11574529.562
2,O,5242,11580279.500
2,O,5245,11585816.500
2,O,5247,11590759.312
2,O,5292,11685123.188
2,O,5295,11690710.500
2,O,5297,11694757.250
2,O,5299,11699398.250
2,O,5302,11705084.312
2,O,5304,11709737.625
2,O,5364,11834982.062
2,O,5366,11839640.438
2,O,5369,11844863.375
2,O,5371,11849904.750
2,O,5374,11855266.438
2,O,5376,11860386.500
2,O,5378,11864251.312
2,O,5381,11869853.375
2,O,5383,11874482.375
2,O,5386,11880444.938
2,O,5389,11885789.000
2,O,5391,11890920.500
2,O,5412,11935043.500
2,O,5415,11940670.562
2,O,5417,11945102.250
2,O,5419,11949151.875
2,O,5422,11955087.500
2,O,5425,11961229.375
2,O,5427,11966652.250
2,O,5430,11972435.312
2,O,5432,11976857.875
2,O,5435,11981940.688
2,O,5437,11987171.062
2,O,5439,11991105.375
2,O,5484,12085034.125
2,O,5486,12089446.562
2,O,5489,12094849.188
2,O,5491,12099680.625
2,O,5494,12105200.750
2,O,5496,12110039.750
2,O,5556,12235063.625
2,O,5559,12240672.188
2,O,5561,12245115.500
2,O,5563,12249422.312
2,O,5566,12255143.250
2,O,5568,12260425.750
2,O,5571,12265635.938
2,O,5573,12270677.438
2,O,5576,12276437.875
2,O,5578,12281024.500
2,O,5581,12286165.875
2,O,5583,12290124.688
2,O,5604,12335003.500
2,O,5607,12340606.062
2,O,5609,12345426.625
2,O,5612,12351616.062
2,O,5615,12356727.000
2,O,5617,12361911.688
2,O,5620,12368329.375
2,O,5623,12373700.562
2,O,5625,12377977.750
2,O,5628,12384090.500
2,O,5630,12388432.000
2,O,5632,12393565.250
2,O,5676,12484897.812
2,O,5679,12490497.375
2,O,5681,12495167.750
2,O,5684,12501299.188
2,O,5686,12505301.688
2,O,5688,12510317.125
2,O,5748,12634900.250
2,O,5750,12639351.812
2,O,5753,12644763.438
2,O,5755,12649616.125
2,O,5758,12655166.500
2,O,5760,12660085.625
2,O,5763,12665496.750
2,O,5765,12670136.375
2,O,5767,12674169.250
2,O,5770,12680083.625
2,O,5773,12685614.625
2,O,5775,12690557.438
2,O,5796,12734881.438
2,O,5799,12740284.812
2,O,5801,12744927.188
2,O,5803,12749962.562
2,O,5806,12755300.000
2,O,5808,12760221.562
2,O,5811,12765437.750
2,O,5813,12770473.000
2,O,5816,12776464.500
2,O,5819,12781765.625
2,O,5821,12786795.062
2,O,5824,12792070.750
2,O,5868,12884916.938
2,O,5870,12889347.562
2,O,5873,12894750.188
2,O,5875,12899593.875
2,O,5878,12905101.750
2,O,5880,12909727.562
2,O,5940,13034816.500
2,O,5943,13040437.312
2,O,5945,13044875.000
2,O,5948,13051266.875
2,O,5951,13056383.812
2,O,5952,13060197.500
2,O,5955,13065407.688
2,O,5957,13070436.938
2,O,5960,13076391.938
2,O,5963,13081662.562
2,O,5965,13086899.188
2,O,5968,13091973.938
2,O,5988,13134791.875
2,O,5991,13140382.188
2,O,5993,13144631.125
2,O,5995,13149527.750
2,O,5998,13155210.750
2,O,6001,13161292.625
2,O,6003,13165702.188
2,O,6006,13172083.438
2,O,6008,13176917.625
2,O,6011,13182030.062
2,O,6013,13186262.438
2,O,6015,13191407.938
2,O,6060,13284845.625
2,O,6063,13290270.500
2,O,6065,13294703.062
2,O,6068,13301052.438
2,O,6070,13306028.438
2,O,6073,13311183.562
2,O,6132,13434851.312
2,O,6135,13440459.875
2,O,6137,13444526.125
2,O,6139,13449378.812
2,O,6142,13455117.875
2,O,6144,13460037.000
2,O,6147,13465236.688
2,O,6149,13469862.312
2,O,6152,13476278.062
2,O,6155,13481315.125
2,O,6156,13485211.375
2,O,6159,13490295.625
2,O,6180,13534763.125
2,O,6183,13540205.500
2,O,6185,13545627.125
2,O,6188,13551396.562
2,O,6190,13555799.000
2,O,6193,13561113.875
2,O,6195,13566137.375
2,O,6197,13570186.875
2,O,6200,13576367.062
2,O,6203,13581479.500
2,O,6205,13586508.938
2,O,6208,13591786.375
2,O,6252,13684733.188
2,O,6255,13690332.750
2,O,6257,13695162.562
2,O,6259,13699209.188
2,O,6262,13705124.812
2,O,6265,13710657.312
2,O,6324,13834737.250
2,O,6327,13840158.875
2,O,6329,13844612.688
2,O,6332,13851004.562
2,O,6334,13855989.562
2,O,6337,13861101.375
2,O,6339,13866131.125
2,O,6341,13870186.875
2,O,6344,13876330.562
2,O,6347,13881424.750
2,O,6349,13886649.125
2,O,6352,13891924.812
2,O,6372,13934713.312
2,O,6375,13940303.625
2,O,6377,13944947.750
2,O,6380,13951313.625
2,O,6382,13955320.875
2,O,6385,13961039.375
2,O,6387,13965447.188
2,O,6390,13971828.438
2,O,6392,13976662.625
2,O,6395,13981775.062
2,O,6397,13986993.188
2,O,6400,13992067.938
2,O,6444,14084590.625
2,O,6447,14089991.000
2,O,6449,14094689.250
2,O,6451,14099650.500
2,O,6454,14104981.938
2,O,6456,14110056.250
2,O,6516,14234722.812
2,O,6519,14240331.375
2,O,6521,14244993.750
2,O,6524,14251182.938
2,O,6526,14255447.062
2,O,6529,14261155.312
2,O,6532,14267689.250
2,O,6535,14273291.312
2,O,6537,14277740.500
2,O,6539,14282841.812
2,O,6542,14287983.188
2,O,6544,14293128.688
2,O,6564,14334571.625
2,O,6566,14338828.812
2,O,6568,14343249.125
2,O,6571,14348466.062
2,O,6573,14353512.062
2,O,6576,14359936.250
2,O,6579,14365353.375
2,O,6581,14369999.000
2,O,6584,14376166.938
2,O,6586,14380163.438
2,O,6589,14385525.750
2,O,6591,14390480.812
2,O,6636,14484656.938
2,O,6639,14490256.500
2,O,6641,14494885.375
2,O,6644,14501253.875
2,O,6647,14506353.188
2,O,6649,14510381.875
2,O,6708,14634634.562
2,O,6710,14638696.812
2,O,6712,14643348.562
2,O,6715,14648571.500
2,O,6717,14653623.500
2,O,6720,14659838.375
2,O,6723,14665237.250
2,O,6725,14670077.812
2,O,6728,14676221.500
2,O,6730,14680224.250
2,O,6733,14685554.312
2,O,6735,14690511.125
2,O,6756,14734568.438
2,O,6759,14740171.000
2,O,6761,14744815.125
2,O,6764,14750994.062
2,O,6767,14756105.000
2,O,6769,14761099.250
2,O,6771,14765409.062
2,O,6773,14770385.438
2,O,6776,14776176.000
2,O,6779,14781678.062
2,O,6781,14786707.500
2,O,6784,14791782.250
2,O,6828,14884467.625
2,O,6830,14889117.000
2,O,6832,14893163.625
2,O,6835,14898566.250
2,O,6837,14903408.312
2,O,6840,14908913.125
2,O,6900,15034492.375
2,O,6903,15040100.938
2,O,6905,15044763.312
2,O,6908,15051162.062
2,O,6911,15056291.250
2,O,6913,15061252.000
2,O,6915,15065296.000
2,O,6917,15070300.750
2,O,6920,15076048.938
2,O,6922,15080647.812
2,O,6925,15085776.938
2,O,6927,15090922.438
2,O,6948,15134496.125
2,O,6950,15138941.688
2,O,6953,15144371.812
2,O,6955,15148421.438
2,O,6957,15153266.500
2,O,6960,15159885.250
2,O,6963,15165101.438
2,O,6965,15169747.062
2,O,6968,15175929.000
2,O,6971,15181041.438
2,O,6973,15186069.125
2,O,6975,15191214.938
2,O,7020,15284509.500
2,O,7023,15290109.062
2,O,7025,15294800.125
2,O,7028,15300910.875
2,O,7031,15306018.812
2,O,7033,15311029.750
2,O,7092,15434455.188
2,O,7094,15439113.562
2,O,7097,15444336.500
2,O,7099,15448392.125
2,O,7101,15453431.875
2,O,7104,15459659.000
2,O,7107,15465057.875
2,O,7109,15469697.500
2,O,7112,15476042.125
2,O,7115,15481150.312
2,O,7117,15486159.750
2,O,7119,15490361.000
2,O,7140,15534540.062
2,O,7143,15539955.688
2,O,7145,15544606.688
2,O,7148,15550764.750
2,O,7150,15555743.750
2,O,7153,15560869.938
2,O,7155,15566094.375
2,O,7158,15571883.312
2,O,7160,15576311.812
2,O,7163,15581424.250
2,O,7165,15586453.688
2,O,7168,15591729.375
2,O,7212,15684387.938
2,O,7214,15688818.250
2,O,7217,15694220.875
2,O,7219,15699052.312
2,O,7221,15703286.000
2,O,7224,15708790.812
2,O,7284,15834396.750
2,O,7287,15840017.562
2,O,7289,15844479.000
2,O,7292,15850870.875
2,O,7295,15855987.812
2,O,7297,15860967.688
2,O,7299,15865997.438
2,O,7302,15871756.250
2,O,7304,15875995.938
2,O,7307,15881492.000
2,O,7309,15886503.188
2,O,7312,15891577.938
2,O,7332,15934324.500
2,O,7335,15939927.062
2,O,7337,15944990.062
2,O,7340,15950937.062
2,O,7343,15956248.938
2,O,7345,15960837.500
2,O,7347,15965282.688
2,O,7350,15971663.938
2,O,7353,15977272.000
2,O,7355,15981769.812
2,O,7357,15986799.250
2,O,7360,15991874.000
2,O,7404,16084324.500
2,O,7406,16088365.500
2,O,7409,16093970.812
2,O,7411,16098386.375
2,O,7414,16104328.250
2,O,7416,16109731.562
2,O,7476,16234276.312
2,O,7478,16238722.250
2,O,7481,16244133.875
2,O,7483,16248986.562
2,O,7486,16254549.188
2,O,7488,16259681.812
2,O,7491,16264879.750
2,O,7493,16269519.375
2,O,7496,16275677.062
2,O,7499,16280992.875
2,O,7501,16285792.938
2,O,7503,16290950.688
2,O,7524,16334365.000
2,O,7527,16339780.625
2,O,7529,16343799.188
2,O,7531,16348242.250
2,O,7533,16353464.688
2,O,7536,16359516.438
2,O,7539,16364933.562
2,O,7541,16369743.375
2,O,7544,16375948.062
2,O,7547,16381060.500
2,O,7549,16385305.125
2,O,7551,16390225.188
2,O,7596,16484263.250
2,O,7599,16489862.812
2,O,7601,16494964.688
2,O,7604,16500851.562
2,O,7607,16506160.438
2,O,7609,16511160.875
2,O,7668,16634268.625
2,O,7671,16639702.500
2,O,7673,16644020.438
2,O,7676,16650613.250
2,O,7679,16655625.750
2,O,7681,16660710.062
2,O,7683,16665739.812
2,O,7686,16671705.438
2,O,7689,16677295.250
2,O,7691,16682220.125
2,O,7693,16686245.562
2,O,7696,16691509.000
2,O,7716,16734276.250
2,O,7719,16739878.812
2,O,7721,16744786.062
2,O,7724,16750888.812
2,O,7727,16755999.750
2,O,7729,16760995.750
2,O,7732,16767365.250
2,O,7734,16771613.938
2,O,7737,16777035.062
2,O,7739,16781532.875
2,O,7741,16786550.062
2,O,7744,16791637.062
2,O,7788,16884272.312
2,O,7791,16889693.562
2,O,7793,16894081.375
2,O,7795,16898128.000
2,O,7797,16903347.438
2,O,7800,16908651.312
2,O,7860,17034163.875
2,O,7863,17039772.438
2,O,7865,17044611.250
2,O,7868,17050812.688
2,O,7871,17056159.812
2,O,7873,17061124.438
2,O,7876,17067268.750
2,O,7878,17071700.125
2,O,7880,17076316.875
2,O,7883,17081641.250
2,O,7885,17086623.188
2,O,7888,17091697.938
2,O,7908,17134137.312
2,O,7911,17139629.938
2,O,7913,17145051.562
2,O,7916,17150826.875
2,O,7918,17155223.750
2,O,7921,17160526.375
2,O,7923,17165373.438
2,O,7926,17171552.000
2,O,7929,17177184.562
2,O,7931,17181914.500
2,O,7934,17187075.875
2,O,7936,17192018.688
2,O,7980,17284183.750
2,O,7983,17289783.312
2,O,7985,17294634.000
2,O,7988,17300772.062
2,O,7991,17305881.750
2,O,7993,17310892.688
2,O,8052,17434143.312
2,O,8055,17439612.312
2,O,8058,17445079.688
2,O,8060,17450644.938
2,O,8062,17454469.500
2,O,8064,17459359.375
2,O,8067,17464758.250
2,O,8069,17469586.562
2,O,8072,17475742.500
2,O,8075,17481037.625
2,O,8077,17486048.812
2,O,8080,17491324.500
2,O,8100,17534089.125
2,O,8102,17538321.812
2,O,8105,17543928.375
2,O,8107,17548624.062
2,O,8110,17554321.062
2,O,8113,17560429.688
2,O,8115,17565853.312
2,O,8118,17571435.438
2,O,8120,17576082.688
2,O,8122,17580259.250
2,O,8125,17585406.625
2,O,8127,17590614.312
2,O,8172,17684021.500
2,O,8175,17689469.250
2,O,8177,17694887.875
2,O,8180,17700651.312
2,O,8182,17705269.062
2,O,8184,17709269.125
2,O,8244,17834096.812
2,O,8246,17838368.625
2,O,8249,17843972.562
2,O,8251,17848398.875
2,O,8254,17854381.500
2,O,8257,17860262.062
2,O,8259,17864875.938
2,O,8262,17871282.875
2,O,8264,17876098.812
2,O,8266,17880290.250
2,O,8269,17885452.812
2,O,8271,17890388.438
2,O,8292,17934031.750
2,O,8294,17938684.125
2,O,8297,17943888.812
2,O,8299,17948924.188
2,O,8302,17954450.312
2,O,8304,17959383.812
2,O,8307,17964624.812
2,O,8309,17969270.438
2,O,8312,17975639.312
2,O,8315,17980753.500
2,O,8317,17985781.188
2,O,8320,17991079.500
2,O,8364,18084058.688
2,O,8367,18089658.250
2,O,8369,18093968.938
2,O,8372,18100517.500
2,O,8375,18105627.188
2,O,8377,18110650.375
2,O,8436,18234084.250
2,O,8439,18239385.250
2,O,8441,18244825.125
2,O,8444,18250624.688
2,O,8447,18256164.688
2,O,8449,18261137.375
2,O,8451,18265193.625
2,O,8454,18271347.938
2,O,8457,18277138.688
2,O,8459,18281661.688
2,O,8462,18286817.062
2,O,8464,18291948.562
2,O,8484,18334008.750
2,O,8487,18339599.062
2,O,8489,18344054.500
2,O,8491,18348292.812
2,O,8494,18354039.750
2,O,8497,18360133.875
2,O,8499,18364535.625
2,O,8501,18369771.812
2,O,8504,18375550.125
2,O,8507,18381123.125
2,O,8509,18386111.062
2,O,8512,18391198.375
2,O,8556,18483907.562
2,O,8558,18488556.938
2,O,8561,18493770.875
2,O,8563,18498803.250
2,O,8566,18504311.125
2,O,8568,18508936.938
2,O,8628,18634038.125
2,O,8631,18639646.688
2,O,8633,18644090.000
2,O,8635,18648396.812
2,O,8638,18654105.500
2,O,8641,18660265.875
2,O,8643,18665677.125
2,O,8646,18671435.938
2,O,8648,18675858.125
2,O,8651,18681103.000
2,O,8653,18686114.188
2,O,8655,18690286.188
2,O,8676,18734009.688
2,O,8679,18739612.250
2,O,8681,18744457.312
2,O,8684,18750622.250
2,O,8687,18755733.188
2,O,8689,18760930.125
2,O,8692,18767098.688
2,O,8695,18772706.750
2,O,8697,18776768.500
2,O,8699,18781295.750
2,O,8702,18786541.375
2,O,8704,18791600.875
2,O,8748,18883948.188
2,O,8751,18889607.375
2,O,8754,18896168.312
2,O,8757,18901771.875
2,O,8758,18905178.688
2,O,8761,18910321.562
2,O,8820,19033849.562
2,O,8823,19038573.125
2,O,8825,19043718.625
2,O,8827,19048571.312
2,O,8830,19054133.938
2,O,8832,19059241.750
2,O,8835,19064451.938
2,O,8837,19069091.562
2,O,8839,19073384.250
2,O,8842,19079038.812
2,O,8845,19084569.812
2,O,8847,19089500.375
2,O,8868,19133931.812
2,O,8871,19139335.188
2,O,8873,19144036.438
2,O,8876,19150156.500
2,O,8878,19155135.500
2,O,8880,19159271.938
2,O,8883,19164488.125
2,O,8885,19169523.375
2,O,8888,19175502.625
2,O,8891,19180816.000
2,O,8893,19185845.438
2,O,8896,19191121.125
2,O,8940,19283779.688
2,O,8942,19287985.812
2,O,8945,19293618.812
2,O,8947,19298450.250
2,O,8950,19304159.062
2,O,8952,19308784.875
2,O,9012,19433869.188
2,O,9015,19439290.812
2,O,9017,19443951.438
2,O,9020,19450142.375
2,O,9022,19455139.625
2,O,9024,19459273.938
2,O,9027,19464484.125
2,O,9029,19469501.125
2,O,9032,19475456.125
2,O,9035,19480763.500
2,O,9037,19485984.250
2,O,9040,19491050.375
2,O,9060,19533796.938
2,O,9063,19539411.750
2,O,9065,19543660.688
2,O,9067,19548306.438
2,O,9070,19554033.500
2,O,9072,19559155.688
2,O,9075,19564427.688
2,O,9078,19571009.875
2,O,9081,19576617.938
2,O,9083,19581145.188
2,O,9085,19585188.875
2,O,9087,19590346.625
2,O,9132,19683824.125
2,O,9135,19689224.500
2,O,9137,19693922.750
2,O,9140,19700024.562
2,O,9142,19705000.562
2,O,9145,19710143.438
2,O,9204,19833793.750
2,O,9207,19839402.312
2,O,9209,19843468.562
2,O,9211,19848309.000
2,O,9214,19854060.312
2,O,9216,19858979.438
2,O,9219,19864378.312
2,O,9221,19868787.562
2,O,9224,19875146.188
2,O,9227,19880240.375
2,O,9228,19884136.625
2,O,9231,19889443.000
2,O,9252,19933728.688
2,O,9255,19939132.062
2,O,9257,19943544.062
2,O,9259,19948780.375
2,O,9262,19954105.562
2,O,9264,19959039.062
2,O,9267,19964255.250
2,O,9269,19969107.062
2,O,9272,19975299.500
2,O,9275,19980612.875
2,O,9277,19985642.312
2,O,9280,19990918.000
3,O,8,678106.562
3,O,13,689349.375
3,O,23,709966.562
3,O,37,738717.750
3,O,46,756311.312
3,O,50,765681.625
3,O,52,770100.625
3,O,55,775760.062
3,O,57,780431.438
3,O,60,786203.188
3,O,62,790813.500
3,O,65,795935.375
3,O,67,800925.188
3,O,70,806261.375
3,O,72,811375.750
3,O,108,886760.000
3,O,111,892409.812
3,O,113,897266.812
3,O,116,903477.125
3,O,119,908626.438
3,O,121,913718.125
3,O,180,1036858.500
3,O,183,1042128.312
3,O,185,1046813.562
3,O,188,1053057.000
3,O,190,1058083.375
3,O,193,1063219.812
3,O,195,1068265.625
3,O,198,1074281.500
3,O,201,1079922.688
3,O,203,1084690.250
3,O,206,1089876.375
3,O,208,1094856.812
3,O,228,1136849.312
3,O,231,1142477.625
3,O,233,1147172.000
3,O,236,1153376.375
3,O,239,1158540.938
3,O,241,1163604.188
3,O,244,1169783.750
3,O,246,1174629.812
3,O,249,1179885.125
3,O,251,1185038.312
3,O,254,1190040.625
3,O,256,1195223.125
3,O,300,1286761.688
3,O,303,1291438.688
3,O,305,1296649.750
3,O,307,1301710.125
3,O,310,1307053.938
3,O,312,1311900.938
3,O,372,1436722.438
3,O,375,1442369.000
3,O,377,1447020.375
3,O,380,1453273.500
3,O,383,1458446.938
3,O,385,1463475.938
3,O,388,1469838.062
3,O,391,1474717.875
3,O,393,1479927.438
3,O,395,1485074.625
3,O,398,1490070.938
3,O,400,1495253.750
3,O,420,1536722.875
3,O,422,1540800.375
3,O,424,1545459.625
3,O,427,1550713.438
3,O,429,1555560.875
3,O,432,1562028.688
3,O,435,1567269.500
3,O,437,1571904.125
3,O,440,1578362.250
3,O,442,1582392.000
3,O,445,1587578.375
3,O,447,1592580.438
3,O,492,1686674.438
3,O,495,1692287.500
3,O,497,1696966.625
3,O,500,1703167.562
3,O,503,1708304.938
3,O,505,1713360.625
3,O,564,1836699.438
3,O,567,1841944.750
3,O,569,1846427.938
3,O,572,1851743.875
3,O,574,1856895.875
3,O,576,1861855.250
3,O,579,1867292.125
3,O,581,1872159.562
3,O,584,1878342.375
3,O,586,1882369.750
3,O,589,1887555.875
3,O,591,1892560.812
3,O,612,1936580.438
3,O,615,1942196.500
3,O,617,1946866.375
3,O,620,1953073.312
3,O,623,1958213.375
3,O,625,1963244.500
3,O,627,1967316.875
3,O,629,1972404.625
3,O,632,1978219.812
3,O,635,1983587.938
3,O,637,1988853.062
3,O,640,1993962.562
3,O,684,2086690.188
3,O,686,2091162.125
3,O,689,2095462.688
3,O,691,2100635.000
3,O,693,2105516.188
3,O,696,2111064.625
3,O,756,2236545.125
3,O,759,2242191.688
3,O,761,2246892.062
3,O,764,2253120.375
3,O,767,2258269.312
3,O,769,2263274.125
3,O,772,2268347.125
3,O,774,2273913.250
3,O,776,2278580.250
3,O,779,2283703.562
3,O,781,2288711.625
3,O,784,2293833.375
3,O,804,2336541.875
3,O,806,2341004.562
3,O,809,2346435.938
3,O,811,2350495.688
3,O,813,2355392.125
3,O,816,2361835.438
3,O,819,2367290.562
3,O,821,2371760.625
3,O,824,2377958.312
3,O,827,2383112.125
3,O,829,2388172.312
3,O,831,2392173.625
3,O,876,2486553.312
3,O,879,2492178.625
3,O,881,2496643.438
3,O,884,2503034.188
3,O,887,2508171.250
3,O,889,2513000.375
3,O,948,2636527.375
3,O,950,2640959.312
3,O,953,2646219.125
3,O,955,2650499.188
3,O,957,2655389.375
3,O,960,2661836.562
3,O,963,2667071.375
3,O,965,2671724.500
3,O,968,2678171.562
3,O,971,2683319.375
3,O,973,2688124.438
3,O,975,2692327.812
3,O,996,2736609.375
3,O,999,2742035.625
3,O,1001,2746527.938
3,O,1004,2752966.188
3,O,1006,2757784.500
3,O,1009,2762935.312
3,O,1011,2767962.312
3,O,1014,2774002.438
3,O,1016,2778278.000
3,O,1019,2783419.562
3,O,1021,2788494.875
3,O,1024,2793806.438
3,O,1068,2886489.312
3,O,1070,2890919.562
3,O,1073,2896158.125
3,O,1075,2901218.500
3,O,1077,2905285.875
3,O,1080,2910834.312
3,O,1140,3036563.875
3,O,1143,3042008.375
3,O,1145,3046684.250
3,O,1148,3052915.438
3,O,1151,3058086.000
3,O,1153,3062888.438
3,O,1155,3068172.750
3,O,1158,3073778.938
3,O,1160,3078433.688
3,O,1163,3083598.500
3,O,1165,3088626.312
3,O,1168,3093735.812
3,O,1188,3136389.625
3,O,1191,3142017.938
3,O,1193,3146902.125
3,O,1196,3153106.188
3,O,1199,3158246.250
3,O,1201,3162870.562
3,O,1203,3167352.625
3,O,1206,3173760.125
3,O,1209,3179220.375
3,O,1211,3183789.000
3,O,1213,3188852.062
3,O,1216,3193973.812
3,O,1260,3286419.375
3,O,1262,3290481.625
3,O,1265,3296133.062
3,O,1268,3302723.000
3,O,1271,3307755.625
3,O,1273,3312915.750
3,O,1332,3436373.625
3,O,1334,3440825.125
3,O,1337,3446072.688
3,O,1339,3451154.312
3,O,1342,3456742.688
3,O,1344,3461702.375
3,O,1347,3466924.938
3,O,1349,3471590.312
3,O,1352,3477776.000
3,O,1355,3482911.562
3,O,1357,3487965.750
3,O,1359,3492946.188
3,O,1380,3536337.875
3,O,1383,3541779.250
3,O,1385,3545861.875
3,O,1387,3550340.688
3,O,1390,3555632.000
3,O,1392,3561643.688
3,O,1395,3567086.562
3,O,1397,3571984.500
3,O,1400,3577989.500
3,O,1403,3583155.562
3,O,1405,3587429.312
3,O,1407,3592422.000
3,O,1452,3686378.000
3,O,1455,3691965.312
3,O,1457,3696795.125
3,O,1460,3702966.312
3,O,1463,3708262.938
3,O,1465,3713275.938
3,O,1524,3836363.688
3,O,1527,3841785.625
3,O,1529,3846454.875
3,O,1532,3852637.188
3,O,1534,3857634.438
3,O,1537,3862758.500
3,O,1539,3868014.625
3,O,1542,3873729.375
3,O,1545,3879520.125
3,O,1547,3884244.375
3,O,1550,3889385.750
3,O,1552,3894531.250
3,O,1572,3936259.812
3,O,1575,3941850.125
3,O,1577,3946695.188
3,O,1580,3952860.125
3,O,1583,3958172.000
3,O,1585,3963155.750
3,O,1588,3969336.875
3,O,1591,3974944.938
3,O,1593,3979394.250
3,O,1595,3984513.812
3,O,1598,3989661.188
3,O,1600,3994806.688
3,O,1644,4086304.438
3,O,1647,4091717.062
3,O,1649,4096156.250
3,O,1651,4100379.312
3,O,1653,4105397.812
3,O,1656,4110701.688
3,O,1716,4236239.000
3,O,1719,4241872.062
3,O,1721,4246723.125
3,O,1724,4252912.312
3,O,1727,4258041.500
3,O,1729,4263253.312
3,O,1732,4269368.688
3,O,1735,4274970.750
3,O,1737,4279358.688
3,O,1740,4285336.000
3,O,1742,4290690.188
3,O,1745,4295983.812
3,O,1764,4336259.562
3,O,1767,4340927.188
3,O,1769,4346116.625
3,O,1771,4351164.250
3,O,1773,4355224.500
3,O,1776,4361435.500
3,O,1779,4366852.625
3,O,1781,4371699.188
3,O,1784,4377867.125
3,O,1787,4382981.312
3,O,1789,4388009.000
3,O,1792,4393286.438
3,O,1836,4486182.312
3,O,1839,4491781.875
3,O,1841,4496623.938
3,O,1844,4502770.625
3,O,1847,4508088.125
3,O,1849,4512879.000
3,O,1908,4636154.125
3,O,1911,4641575.750
3,O,1913,4646035.438
3,O,1916,4651293.000
3,O,1917,4655331.750
3,O,1920,4661558.875
3,O,1923,4666756.812
3,O,1925,4671806.938
3,O,1928,4677741.062
3,O,1931,4683036.188
3,O,1933,4688059.625
3,O,1936,4693337.062
3,O,1956,4736288.625
3,O,1958,4740332.625
3,O,1961,4745939.188
3,O,1963,4750572.688
3,O,1966,4756301.500
3,O,1968,4761392.500
3,O,1971,4765862.438
3,O,1973,4771065.625
3,O,1975,4776102.500
3,O,1977,4780152.000
3,O,1980,4785464.875
3,O,1982,4790418.938
3,O,2028,4886174.562
3,O,2031,4890839.188
3,O,2033,4896037.875
3,O,2035,4901045.750
3,O,2038,4906565.875
3,O,2040,4910595.562
3,O,2100,5036162.562
3,O,2103,5041795.625
3,O,2105,5046458.000
3,O,2108,5052599.938
3,O,2111,5057973.688
3,O,2113,5062967.562
3,O,2116,5069103.250
3,O,2119,5074146.000
3,O,2121,5079331.250
3,O,2123,5084444.812
3,O,2126,5089648.375
3,O,2128,5094530.750
3,O,2148,5136074.000
3,O,2150,5140714.125
3,O,2153,5145931.062
3,O,2155,5150966.438
3,O,2158,5156492.562
3,O,2160,5161426.062
3,O,2162,5165296.875
3,O,2165,5170904.938
3,O,2167,5175552.188
3,O,2170,5181302.125
3,O,2173,5186839.125
3,O,2175,5191781.938
3,O,2220,5286099.812
3,O,2223,5291711.625
3,O,2225,5296013.375
3,O,2228,5302561.938
3,O,2231,5307671.625
3,O,2233,5312682.562
3,O,2292,5436023.375
3,O,2294,5440694.000
3,O,2297,5445916.938
3,O,2299,5450958.312
3,O,2302,5456320.000
3,O,2304,5461440.062
3,O,2306,5465292.625
3,O,2309,5470882.438
3,O,2311,5475523.688
3,O,2314,5481444.938
3,O,2317,5486975.938
3,O,2319,5491932.750
3,O,2340,5536144.688
3,O,2343,5541535.812
3,O,2345,5546178.188
3,O,2347,5550227.812
3,O,2350,5556163.438
3,O,2352,5561472.562
3,O,2355,5566688.750
3,O,2357,5571724.000
3,O,2360,5577703.250
3,O,2363,5583016.625
3,O,2365,5588255.625
3,O,2367,5592205.812
3,O,2412,5686074.750
3,O,2414,5690499.438
3,O,2417,5695926.562
3,O,2419,5700745.750
3,O,2422,5706253.625
3,O,2424,5711068.125
3,O,2484,5836116.500
3,O,2487,5841725.062
3,O,2489,5846162.750
3,O,2491,5850230.625
3,O,2494,5856178.250
3,O,2497,5861534.500
3,O,2499,5866707.688
3,O,2501,5871749.188
3,O,2504,5877497.375
3,O,2506,5882096.250
3,O,2509,5887225.375
3,O,2511,5891196.438
3,O,2532,5935924.938
3,O,2534,5940370.500
3,O,2537,5945776.125
3,O,2539,5950610.562
3,O,2542,5956337.625
3,O,2544,5961258.875
3,O,2547,5966513.562
3,O,2549,5971157.438
3,O,2551,5975196.312
3,O,2554,5981134.938
3,O,2557,5986684.188
3,O,2559,5991639.250
3,O,2604,6086031.438
3,O,2607,6091678.375
3,O,2610,6098239.312
3,O,2613,6103830.938
3,O,2615,6108365.938
3,O,2617,6113329.625
3,O,2676,6235998.938
3,O,2678,6240426.938
3,O,2681,6245649.875
3,O,2683,6250691.250
3,O,2686,6256241.625
3,O,2688,6261173.000
3,O,2691,6266596.375
3,O,2693,6271236.000
3,O,2695,6275281.125
3,O,2698,6281000.938
3,O,2700,6285422.562
3,O,2702,6290565.312
3,O,2724,6336009.938
3,O,2727,6341413.312
3,O,2729,6345861.125
3,O,2732,6352216.500
3,O,2734,6357220.000
3,O,2736,6361368.688
3,O,2739,6366597.125
3,O,2741,6371419.188
3,O,2744,6377435.188
3,O,2747,6382736.312
3,O,2749,6387966.688
3,O,2752,6392994.188
3,O,2796,6485936.500
3,O,2798,6490367.125
3,O,2801,6495782.000
3,O,2803,6500601.188
3,O,2806,6506322.250
3,O,2808,6510723.375
3,O,2868,6635883.688
3,O,2871,6641492.250
3,O,2873,6645924.250
3,O,2876,6652316.125
3,O,2878,6657129.938
3,O,2881,6662504.875
3,O,2883,6667472.438
3,O,2886,6673231.250
3,O,2888,6677629.875
3,O,2891,6682736.312
3,O,2893,6687948.438
3,O,2896,6693023.188
3,O,2916,6735895.125
3,O,2919,6741497.688
3,O,2921,6745734.375
3,O,2923,6750380.125
3,O,2926,6756131.688
3,O,2928,6761052.938
3,O,2931,6766283.125
3,O,2933,6770927.000
3,O,2936,6775979.125
3,O,2938,6781103.375
3,O,2940,6785326.250
3,O,2942,6790292.562
3,O,2988,6885789.375
3,O,2991,6891165.250
3,O,2993,6895804.625
3,O,2996,6902203.938
3,O,2998,6906991.250
3,O,3001,6912134.125
3,O,3060,7035919.250
3,O,3063,7041528.125
3,O,3065,7046379.188
3,O,3068,7052367.438
3,O,3071,7057697.562
3,O,3073,7062679.188
3,O,3076,7069022.688
3,O,3079,7074626.500
3,O,3081,7079064.188
3,O,3083,7084195.938
3,O,3086,7089337.312
3,O,3088,7094482.812
3,O,3108,7135861.750
3,O,3111,7141076.438
3,O,3113,7145718.812
3,O,3115,7150754.188
3,O,3118,7156091.625
3,O,3120,7161012.875
3,O,3123,7166430.000
3,O,3125,7170668.188
3,O,3127,7175327.688
3,O,3130,7181057.750
3,O,3132,7185675.812
3,O,3135,7190969.625
3,O,3180,7285803.875
3,O,3183,7291391.188
3,O,3185,7296233.250
3,O,3187,7300267.625
3,O,3190,7305941.438
3,O,3192,7310553.250
3,O,3252,7435756.375
3,O,3255,7441190.250
3,O,3257,7445662.188
3,O,3260,7452054.062
3,O,3262,7457039.062
3,O,3265,7462150.875
3,O,3267,7467180.625
3,O,3269,7471462.750
3,O,3272,7477367.812
3,O,3275,7482662.938
3,O,3277,7487686.375
3,O,3280,7492949.812
3,O,3300,7535670.250
3,O,3303,7541272.812
3,O,3305,7546117.875
3,O,3308,7552282.812
3,O,3310,7556290.062
3,O,3313,7562008.562
3,O,3315,7566415.250
3,O,3318,7572845.500
3,O,3320,7577868.375
3,O,3323,7582980.812
3,O,3325,7588010.250
3,O,3328,7593036.000
3,O,3372,7685639.375
3,O,3375,7691039.750
3,O,3377,7695465.938
3,O,3379,7700699.250
3,O,3382,7706030.688
3,O,3384,7710796.188
3,O,3444,7835796.062
3,O,3447,7841404.625
3,O,3449,7846079.250
3,O,3452,7852281.000
3,O,3455,7857375.188
3,O,3457,7862630.438
3,O,3460,7868737.062
3,O,3463,7874339.125
3,O,3465,7879014.688
3,O,3468,7884114.438
3,O,3470,7889006.500
3,O,3472,7894176.500
3,O,3492,7935606.000
3,O,3494,7939863.188
3,O,3496,7944295.750
3,O,3499,7949512.688
3,O,3501,7954546.438
3,O,3504,7960982.875
3,O,3507,7966199.062
3,O,3509,7971045.625
3,O,3512,7977213.562
3,O,3514,7981210.062
3,O,3517,7986572.375
3,O,3519,7991527.438
3,O,3564,8085703.562
3,O,3567,8091303.125
3,O,3569,8095932.000
3,O,3572,8102300.500
3,O,3575,8107399.812
3,O,3577,8111428.500
3,O,3636,8235681.188
3,O,3638,8239743.438
3,O,3640,8244382.938
3,O,3643,8249618.125
3,O,3645,8254670.125
3,O,3648,8260885.000
3,O,3651,8266296.125
3,O,3653,8271157.562
3,O,3656,8277292.625
3,O,3658,8281283.125
3,O,3661,8286625.438
3,O,3663,8291582.250
3,O,3684,8335639.562
3,O,3687,8341242.125
3,O,3689,8345886.250
3,O,3692,8352052.938
3,O,3695,8357163.875
3,O,3697,8362158.125
3,O,3699,8366183.625
3,O,3701,8371432.062
3,O,3704,8377222.625
3,O,3707,8382724.688
3,O,3709,8387754.125
3,O,3712,8392828.875
3,O,3756,8485664.562
3,O,3758,8490088.500
3,O,3760,8494311.562
3,O,3763,8499525.500
3,O,3765,8504568.500
3,O,3768,8509884.625
3,O,3828,8635671.750
3,O,3831,8641091.625
3,O,3833,8645705.000
3,O,3836,8652131.875
3,O,3839,8657262.812
3,O,3841,8662254.938
3,O,3843,8666274.438
3,O,3846,8672643.688
3,O,3848,8677660.562
3,O,3851,8682754.750
3,O,3853,8687778.188
3,O,3856,8693070.875
3,O,3876,8735581.375
3,O,3879,8741214.312
3,O,3881,8746059.375
3,O,3883,8750297.688
3,O,3886,8755836.062
3,O,3888,8760757.312
3,O,3891,8766174.438
3,O,3893,8770820.062
3,O,3896,8776989.750
3,O,3899,8782114.438
3,O,3901,8787142.125
3,O,3903,8791301.875
3,O,3948,8885502.500
3,O,3951,8891102.062
3,O,3953,8895743.188
3,O,3956,8901891.625
3,O,3959,8906882.875
3,O,3961,8912022.750
3,O,4020,9035497.188
3,O,4023,9040170.812
3,O,4025,9045378.500
3,O,4027,9049434.125
3,O,4029,9054473.875
3,O,4032,9060688.750
3,O,4035,9066099.875
3,O,4037,9070739.500
3,O,4040,9077071.875
3,O,4043,9082192.312
3,O,4045,9087201.750
3,O,4047,9091382.375
3,O,4068,9135434.062
3,O,4071,9141036.625
3,O,4073,9145473.938
3,O,4076,9151866.062
3,O,4079,9156977.000
3,O,4081,9161971.250
3,O,4083,9166994.750
3,O,4086,9172984.625
3,O,4088,9177230.312
3,O,4091,9182342.750
3,O,4093,9187573.125
3,O,4096,9192647.875
3,O,4140,9285513.250
3,O,4143,9291112.812
3,O,4145,9296131.312
3,O,4148,9302101.562
3,O,4150,9306294.500
3,O,4153,9311437.375
3,O,4212,9435495.812
3,O,4215,9441172.438
3,O,4218,9447761.875
3,O,4221,9453388.438
3,O,4223,9457920.188
3,O,4225,9462901.812
3,O,4228,9468661.125
3,O,4230,9473301.062
3,O,4233,9478513.500
3,O,4235,9483426.125
3,O,4238,9488567.500
3,O,4240,9493713.000
3,O,4260,9535495.000
3,O,4263,9541097.562
3,O,4265,9545942.625
3,O,4268,9552107.562
3,O,4271,9557218.500
3,O,4273,9561807.062
3,O,4275,9566440.938
3,O,4278,9572633.500
3,O,4281,9578253.812
3,O,4283,9582768.812
3,O,4286,9588026.688
3,O,4288,9593073.938
3,O,4332,9685445.750
3,O,4334,9689486.750
3,O,4337,9694866.625
3,O,4339,9699507.625
3,O,4341,9704550.625
3,O,4344,9709665.812
3,O,4404,9835446.188
3,O,4407,9841054.750
3,O,4409,9845905.812
3,O,4412,9851906.312
3,O,4415,9857249.000
3,O,4417,9862431.562
3,O,4420,9868598.625
3,O,4423,9874202.438
3,O,4425,9878890.250
3,O,4428,9884567.688
3,O,4430,9889909.625
3,O,4433,9895194.812
3,O,4452,9935328.688
3,O,4455,9940732.062
3,O,4457,9944244.125
3,O,4459,9949424.062
3,O,4461,9954457.812
3,O,4464,9960668.812
3,O,4467,9965885.000
3,O,4469,9970920.250
3,O,4472,9976911.750
3,O,4475,9982212.875
3,O,4477,9986486.750
3,O,4479,9991402.062
3,O,4524,10085415.625
3,O,4527,10091015.188
3,O,4529,10095857.250
3,O,4532,10102003.938
3,O,4535,10107136.375
3,O,4537,10112149.062
3,O,4596,10235269.062
3,O,4599,10240678.438
3,O,4601,10244933.375
3,O,4603,10249370.938
3,O,4605,10254386.188
3,O,4608,10260637.812
3,O,4611,10265835.750
3,O,4613,10270865.000
3,O,4616,10276820.000
3,O,4619,10282115.125
3,O,4621,10286341.500
3,O,4623,10291298.312
3,O,4644,10335300.500
3,O,4647,10340903.062
3,O,4649,10345748.125
3,O,4652,10351913.062
3,O,4655,10357024.000
3,O,4657,10362020.000
3,O,4660,10368389.500
3,O,4662,10372638.188
3,O,4665,10377511.125
3,O,4667,10382611.062
3,O,4669,10387640.500
3,O,4672,10392715.250
3,O,4716,10485225.125
3,O,4719,10490637.750
3,O,4721,10495285.750
3,O,4723,10499323.750
3,O,4725,10504366.750
3,O,4728,10509670.625
3,O,4788,10635251.500
3,O,4791,10640872.312
3,O,4793,10645723.375
3,O,4796,10651912.562
3,O,4799,10657029.500
3,O,4801,10662023.375
3,O,4804,10668368.938
3,O,4807,10673971.000
3,O,4809,10678402.062
3,O,4811,10683515.625
3,O,4814,10688657.000
3,O,4816,10693802.500
3,O,4836,10735181.438
3,O,4838,10739784.812
3,O,4841,10745001.750
3,O,4843,10750049.375
3,O,4845,10754298.312
3,O,4848,10760558.312
3,O,4851,10765799.000
3,O,4853,10770645.562
3,O,4856,10776813.500
3,O,4859,10782164.562
3,O,4861,10786955.375
3,O,4864,10792232.812
3,O,4908,10885303.500
3,O,4911,10890890.812
3,O,4913,10895531.938
3,O,4916,10901900.438
3,O,4919,10906987.500
3,O,4921,10912012.438
3,O,4980,11035260.750
3,O,4983,11040481.438
3,O,4985,11045142.062
3,O,4987,11050183.438
3,O,4989,11054261.938
3,O,4992,11060464.562
3,O,4995,11065863.438
3,O,4997,11070704.000
3,O,5000,11076847.688
3,O,5003,11081954.125
3,O,5005,11087216.188
3,O,5008,11092242.750
3,O,5028,11135194.312
3,O,5030,11139238.312
3,O,5033,11145080.938
3,O,5036,11151647.750
3,O,5039,11156760.438
3,O,5041,11161742.438
3,O,5043,11166778.188
3,O,5046,11172561.250
3,O,5048,11177216.938
3,O,5050,11181205.000
3,O,5053,11186352.375
3,O,5055,11191510.125
3,O,5100,11285201.625
3,O,5103,11290413.312
3,O,5105,11294845.875
3,O,5107,11300066.938
3,O,5110,11305386.125
3,O,5112,11309415.812
3,O,5172,11435200.875
3,O,5174,11439263.125
3,O,5177,11444875.688
3,O,5179,11449539.688
3,O,5182,11455514.812
3,O,5185,11461407.625
3,O,5187,11465820.562
3,O,5190,11472202.062
3,O,5192,11477218.938
3,O,5194,11481209.438
3,O,5197,11486350.812
3,O,5199,11491496.312
3,O,5220,11535085.875
3,O,5222,11539738.250
3,O,5225,11544967.438
3,O,5227,11549978.312
3,O,5230,11555516.688
3,O,5232,11560437.938
3,O,5234,11564296.500
3,O,5237,11569904.562
3,O,5239,11574551.812
3,O,5242,11580289.500
3,O,5245,11585838.750
3,O,5247,11590781.562
3,O,5292,11685133.188
3,O,5295,11690732.750
3,O,5297,11694779.500
3,O,5299,11699408.250
3,O,5302,11705106.562
3,O,5304,11709759.875
3,O,5364,11835004.312
3,O,5366,11839662.688
3,O,5369,11844885.625
3,O,5371,11849927.000
3,O,5374,11855288.688
3,O,5376,11860408.750
3,O,5378,11864273.562
3,O,5381,11869875.625
3,O,5383,11874504.625
3,O,5386,11880454.938
3,O,5389,11885799.000
3,O,5391,11890942.750
3,O,5412,11935065.750
3,O,5415,11940680.562
3,O,5417,11945124.500
3,O,5419,11949161.875
3,O,5422,11955097.500
3,O,5424,11960369.875
3,O,5427,11965586.062
3,O,5429,11970621.312
3,O,5432,11976600.562
3,O,5435,11981962.938
3,O,5437,11987181.062
3,O,5439,11991127.625
3,O,5484,12085044.125
3,O,5486,12089468.812
3,O,5489,12094871.438
3,O,5491,12099702.875
3,O,5494,12105223.000
3,O,5496,12110049.750
3,O,5556,12235073.625
3,O,5559,12240694.438
3,O,5561,12245137.750
3,O,5563,12249156.625
3,O,5566,12255153.250
3,O,5568,12260448.000
3,O,5571,12265645.938
3,O,5573,12270687.438
3,O,5576,12276447.875
3,O,5578,12281046.750
3,O,5581,12286175.875
3,O,5583,12290146.938
3,O,5604,12335025.750
3,O,5607,12340628.312
3,O,5609,12345448.875
3,O,5612,12351638.312
3,O,5615,12356749.250
3,O,5617,12361933.938
3,O,5620,12368351.625
3,O,5623,12373722.812
3,O,5625,12378000.000
3,O,5628,12384118.625
3,O,5630,12389472.812
3,O,5633,12394754.188
3,O,5676,12484920.062
3,O,5679,12490507.375
3,O,5681,12495190.000
3,O,5684,12501309.188
3,O,5686,12505323.938
3,O,5688,12510339.375
3,O,5748,12634922.500
3,O,5750,12639361.812
3,O,5753,12644785.688
3,O,5755,12649638.375
3,O,5758,12655188.750
3,O,5760,12660107.875
3,O,5763,12665519.000
3,O,5765,12670146.375
3,O,5767,12674191.500
3,O,5770,12680105.875
3,O,5773,12685636.875
3,O,5775,12690579.688
3,O,5796,12734903.688
3,O,5799,12740307.062
3,O,5801,12744949.438
3,O,5804,12750000.062
3,O,5806,12755322.250
3,O,5808,12760243.812
3,O,5811,12765460.000
3,O,5813,12770495.250
3,O,5816,12776474.500
3,O,5819,12781787.875
3,O,5821,12786817.312
3,O,5824,12792093.000
3,O,5868,12884939.188
3,O,5870,12889369.812
3,O,5873,12894772.438
3,O,5875,12899603.875
3,O,5878,12905124.000
3,O,5880,12909749.812
3,O,5940,13034838.750
3,O,5943,13040459.562
3,O,5945,13044897.250
3,O,5948,13051289.125
3,O,5951,13056406.062
3,O,5952,13060219.750
3,O,5955,13065429.938
3,O,5957,13070446.938
3,O,5960,13076401.938
3,O,5963,13081684.812
3,O,5965,13086921.438
3,O,5968,13091996.188
3,O,5988,13134814.125
3,O,5991,13140404.438
3,O,5993,13144653.375
3,O,5995,13149537.750
3,O,5998,13155233.000
3,O,6001,13161320.750
3,O,6004,13167891.188
3,O,6007,13173499.250
3,O,6009,13177954.438
3,O,6011,13183074.000
3,O,6013,13187306.375
3,O,6016,13192393.375
3,O,6060,13284867.875
3,O,6063,13290292.750
3,O,6065,13294725.312
3,O,6068,13301074.688
3,O,6070,13306050.688
3,O,6073,13311193.562
3,O,6132,13434873.562
3,O,6135,13440482.125
3,O,6137,13444536.125
3,O,6139,13449401.062
3,O,6142,13455140.125
3,O,6144,13460059.250
3,O,6147,13465246.688
3,O,6149,13469884.562
3,O,6152,13476017.750
3,O,6155,13481337.375
3,O,6156,13485233.625
3,O,6159,13490317.875
3,O,6180,13534785.375
3,O,6183,13540227.750
3,O,6185,13545649.375
3,O,6188,13551418.812
3,O,6190,13555821.250
3,O,6193,13561136.125
3,O,6195,13566159.625
3,O,6197,13570209.125
3,O,6200,13576389.312
3,O,6203,13581501.750
3,O,6205,13586518.938
3,O,6208,13591808.625
3,O,6252,13684755.438
3,O,6255,13690355.000
3,O,6257,13695184.812
3,O,6259,13699231.438
3,O,6262,13705147.062
3,O,6265,13710679.562
3,O,6324,13834759.500
3,O,6327,13840181.125
3,O,6329,13844622.688
3,O,6332,13851014.562
3,O,6334,13856011.812
3,O,6337,13861123.625
3,O,6339,13866153.375
3,O,6341,13870209.125
3,O,6344,13876352.812
3,O,6347,13881434.750
3,O,6349,13886671.375
3,O,6352,13891947.062
3,O,6372,13934723.312
3,O,6375,13940325.875
3,O,6377,13944970.000
3,O,6380,13951335.875
3,O,6382,13955343.125
3,O,6385,13961061.625
3,O,6388,13967636.188
3,O,6390,13972681.938
3,O,6393,13977711.688
3,O,6395,13982831.250
3,O,6398,13987978.625
3,O,6400,13993124.125
3,O,6444,14084612.875
3,O,6447,14090013.250
3,O,6449,14094402.688
3,O,6451,14099672.750
3,O,6454,14105004.188
3,O,6456,14109769.688
3,O,6516,14234745.062
3,O,6519,14240353.625
3,O,6521,14245016.000
3,O,6524,14251205.188
3,O,6526,14255469.312
3,O,6529,14261177.562
3,O,6532,14267711.500
3,O,6535,14273313.562
3,O,6537,14277762.750
3,O,6539,14282864.062
3,O,6542,14288005.438
3,O,6544,14293150.938
3,O,6564,14334581.625
3,O,6566,14338838.812
3,O,6568,14343271.375
3,O,6571,14348488.312
3,O,6573,14353522.062
3,O,6576,14359958.500
3,O,6579,14365363.375
3,O,6581,14370021.250
3,O,6584,14376189.188
3,O,6586,14380185.688
3,O,6589,14385548.000
3,O,6591,14390503.062
3,O,6636,14484679.188
3,O,6639,14490278.750
3,O,6641,14494907.625
3,O,6644,14501276.125
3,O,6647,14506375.438
3,O,6649,14510404.125
3,O,6708,14634656.812
3,O,6710,14638719.062
3,O,6712,14643358.562
3,O,6715,14648593.750
3,O,6717,14653645.750
3,O,6720,14659860.625
3,O,6723,14665259.500
3,O,6725,14670100.062
3,O,6728,14676243.750
3,O,6730,14680234.250
3,O,6733,14685576.562
3,O,6735,14690533.375
3,O,6756,14734590.688
3,O,6759,14740193.250
3,O,6761,14744837.375
3,O,6764,14751004.062
3,O,6767,14756115.000
3,O,6769,14761121.500
3,O,6771,14765122.500
3,O,6773,14770407.688
3,O,6776,14776198.250
3,O,6779,14781700.312
3,O,6781,14786729.750
3,O,6784,14791804.500
3,O,6828,14884489.875
3,O,6830,14889139.250
3,O,6832,14893185.875
3,O,6835,14898588.500
3,O,6837,14903430.562
3,O,6840,14908923.125
3,O,6900,15034514.625
3,O,6903,15040123.188
3,O,6905,15044785.562
3,O,6908,15051184.312
3,O,6911,15056313.500
3,O,6913,15061274.250
3,O,6915,15065318.250
3,O,6917,15070310.750
3,O,6920,15076071.188
3,O,6922,15080657.812
3,O,6925,15085799.188
3,O,6927,15090944.688
3,O,6948,15134506.125
3,O,6950,15138963.938
3,O,6953,15144394.062
3,O,6955,15148443.688
3,O,6957,15153288.750
3,O,6960,15159907.500
3,O,6963,15165123.688
3,O,6965,15169769.312
3,O,6968,15175939.000
3,O,6971,15181063.688
3,O,6973,15186091.375
3,O,6975,15191237.188
3,O,7020,15284531.750
3,O,7023,15290131.312
3,O,7025,15294822.375
3,O,7028,15300933.125
3,O,7031,15306041.062
3,O,7033,15311052.000
3,O,7092,15434477.438
3,O,7095,15439151.062
3,O,7097,15444358.750
3,O,7099,15448414.375
3,O,7101,15453454.125
3,O,7104,15459681.250
3,O,7107,15465080.125
3,O,7109,15469719.750
3,O,7112,15476064.375
3,O,7115,15481172.562
3,O,7117,15486182.000
3,O,7119,15490383.250
3,O,7140,15534562.312
3,O,7143,15539965.688
3,O,7145,15544628.938
3,O,7148,15550774.750
3,O,7151,15555793.500
3,O,7153,15560892.188
3,O,7155,15566116.625
3,O,7158,15571905.562
3,O,7160,15576334.062
3,O,7163,15581446.500
3,O,7165,15586475.938
3,O,7168,15591751.625
3,O,7212,15684410.188
3,O,7214,15688840.500
3,O,7217,15694243.125
3,O,7219,15699074.562
3,O,7221,15703308.250
3,O,7224,15708813.062
3,O,7284,15834419.000
3,O,7287,15840039.812
3,O,7289,15844501.250
3,O,7292,15850893.125
3,O,7295,15856010.062
3,O,7297,15860989.938
3,O,7299,15866019.688
3,O,7302,15871778.500
3,O,7304,15876018.188
3,O,7307,15881502.000
3,O,7309,15886525.438
3,O,7312,15891600.188
3,O,7332,15934346.750
3,O,7335,15939949.312
3,O,7337,15945012.312
3,O,7340,15950959.312
3,O,7343,15956258.938
3,O,7345,15960847.500
3,O,7347,15965304.938
3,O,7350,15971686.188
3,O,7353,15977294.250
3,O,7355,15981792.062
3,O,7357,15986821.500
3,O,7360,15991896.250
3,O,7404,16084346.750
3,O,7406,16088387.750
3,O,7409,16093993.062
3,O,7411,16098408.625
3,O,7414,16104350.500
3,O,7416,16109753.812
3,O,7476,16234298.562
3,O,7478,16238732.250
3,O,7481,16244156.125
3,O,7483,16249008.812
3,O,7486,16254571.438
3,O,7488,16259691.812
3,O,7491,16264902.000
3,O,7493,16269541.625
3,O,7496,16275699.312
3,O,7499,16281015.125
3,O,7501,16285815.188
3,O,7503,16290960.688
3,O,7524,16334387.250
3,O,7527,16339802.875
3,O,7529,16343809.188
3,O,7531,16348264.500
3,O,7533,16353486.938
3,O,7536,16359538.688
3,O,7539,16364955.812
3,O,7541,16369765.625
3,O,7544,16375970.312
3,O,7547,16381082.750
3,O,7549,16385315.125
3,O,7551,16390247.438
3,O,7596,16484285.500
3,O,7599,16489885.062
3,O,7601,16494678.125
3,O,7604,16500873.812
3,O,7607,16506170.438
3,O,7609,16511183.125
3,O,7668,16634290.875
3,O,7671,16639712.500
3,O,7673,16643729.750
3,O,7675,16648379.750
3,O,7677,16653431.750
3,O,7680,16659457.938
3,O,7683,16664856.812
3,O,7685,16669886.062
3,O,7688,16675841.062
3,O,7691,16681136.188
3,O,7693,16685161.625
3,O,7695,16690307.125
3,O,7716,16734298.500
3,O,7719,16739901.062
3,O,7721,16744796.062
3,O,7724,16750911.062
3,O,7727,16756022.000
3,O,7729,16761018.000
3,O,7732,16767387.500
3,O,7734,16771636.188
3,O,7737,16777045.062
3,O,7739,16781555.125
3,O,7741,16786572.312
3,O,7744,16791659.312
3,O,7788,16884282.312
3,O,7791,16889721.688
3,O,7794,16895167.812
3,O,7795,16899186.938
3,O,7798,16904506.125
3,O,7800,16909509.312
3,O,7860,17034173.875
3,O,7863,17039794.688
3,O,7865,17044633.500
3,O,7868,17050834.938
3,O,7871,17056182.062
3,O,7873,17061146.688
3,O,7876,17067291.000
3,O,7878,17071722.375
3,O,7880,17076326.875
3,O,7883,17081663.500
3,O,7885,17086633.188
3,O,7888,17091720.188
3,O,7908,17134159.562
3,O,7910,17138762.938
3,O,7913,17143979.875
3,O,7915,17149003.000
3,O,7917,17153251.938
3,O,7920,17159487.438
3,O,7923,17164703.625
3,O,7925,17169550.188
3,O,7928,17175742.625
3,O,7931,17181043.750
3,O,7933,17186135.375
3,O,7936,17191161.938
3,O,7980,17284206.000
3,O,7983,17289805.562
3,O,7985,17294656.250
3,O,7988,17300794.312
3,O,7991,17305904.000
3,O,7993,17310914.938
3,O,8052,17434165.562
3,O,8055,17439634.562
3,O,8058,17445101.938
3,O,8060,17450667.188
3,O,8062,17454491.750
3,O,8064,17459381.625
3,O,8067,17464780.500
3,O,8069,17469608.812
3,O,8072,17475764.750
3,O,8075,17481059.875
3,O,8077,17486071.062
3,O,8080,17491346.750
3,O,8100,17534111.375
3,O,8102,17538344.062
3,O,8105,17543950.625
3,O,8107,17548646.312
3,O,8110,17554331.062
3,O,8113,17560451.938
3,O,8116,17565890.812
3,O,8118,17571457.688
3,O,8120,17576092.688
3,O,8122,17580281.500
3,O,8125,17585428.875
3,O,8127,17590624.312
3,O,8172,17684043.750
3,O,8175,17689491.500
3,O,8177,17694910.125
3,O,8180,17700673.562
3,O,8182,17705011.750
3,O,8184,17709291.375
3,O,8244,17834119.062
3,O,8246,17838390.875
3,O,8249,17843982.562
3,O,8251,17848421.125
3,O,8254,17854391.500
3,O,8257,17860284.312
3,O,8259,17864885.938
3,O,8262,17871305.125
3,O,8264,17876121.062
3,O,8266,17880312.500
3,O,8269,17885228.438
3,O,8271,17890398.438
3,O,8292,17934054.000
3,O,8294,17938706.375
3,O,8297,17943911.062
3,O,8299,17948946.438
3,O,8302,17954472.562
3,O,8304,17959406.062
3,O,8307,17964647.062
3,O,8309,17969292.688
3,O,8312,17975661.562
3,O,8315,17980775.750
3,O,8317,17985803.438
3,O,8320,17991089.500
3,O,8364,18084080.938
3,O,8367,18089680.500
3,O,8369,18093678.250
3,O,8371,18098307.000
3,O,8374,18104234.875
3,O,8377,18109769.125
3,O,8436,18234106.500
3,O,8439,18239407.500
3,O,8441,18244847.375
3,O,8444,18250646.938
3,O,8447,18255915.812
3,O,8449,18261159.625
3,O,8451,18265203.625
3,O,8454,18271370.188
3,O,8457,18277160.938
3,O,8459,18281683.938
3,O,8462,18286827.062
3,O,8464,18291970.812
3,O,8484,18334018.750
3,O,8487,18339621.312
3,O,8489,18344076.750
3,O,8491,18348315.062
3,O,8494,18354049.750
3,O,8497,18360156.125
3,O,8499,18364545.625
3,O,8501,18369781.812
3,O,8504,18375572.375
3,O,8507,18381145.375
3,O,8509,18386133.312
3,O,8512,18391208.375
3,O,8556,18483917.562
3,O,8558,18488579.188
3,O,8561,18493793.125
3,O,8563,18498825.500
3,O,8566,18504333.375
3,O,8568,18508959.188
3,O,8628,18634048.125
3,O,8631,18639668.938
3,O,8633,18644112.250
3,O,8635,18648131.125
3,O,8638,18654127.750
3,O,8640,18659398.000
3,O,8643,18664595.938
3,O,8646,18669882.688
3,O,8648,18675580.188
3,O,8651,18681125.250
3,O,8653,18686136.438
3,O,8655,18690308.438
3,O,8676,18734031.938
3,O,8679,18739634.500
3,O,8681,18744479.562
3,O,8684,18750644.500
3,O,8687,18755755.438
3,O,8689,18760952.375
3,O,8692,18767120.938
3,O,8695,18772729.000
3,O,8697,18776778.500
3,O,8699,18781318.000
3,O,8702,18786563.625
3,O,8704,18791623.125
3,O,8748,18883958.188
3,O,8751,18889629.625
3,O,8754,18896190.562
3,O,8757,18901781.875
3,O,8758,18905200.938
3,O,8761,18910343.812
3,O,8820,19033871.812
3,O,8823,19038595.375
3,O,8825,19043740.875
3,O,8827,19048593.562
3,O,8830,19054143.938
3,O,8832,19059264.000
3,O,8835,19064474.188
3,O,8837,19069113.812
3,O,8839,19073097.688
3,O,8842,19079061.062
3,O,8845,19084592.062
3,O,8847,19089522.625
3,O,8868,19133941.812
3,O,8871,19139357.438
3,O,8873,19143749.875
3,O,8876,19150166.500
3,O,8878,19155157.750
3,O,8880,19159294.188
3,O,8883,19164498.125
3,O,8885,19169545.625
3,O,8888,19175524.875
3,O,8891,19180838.250
3,O,8893,19185867.688
3,O,8896,19191131.125
3,O,8940,19283789.688
3,O,8942,19288008.062
3,O,8945,19293641.062
3,O,8947,19298472.500
3,O,8950,19304181.312
3,O,8952,19308807.125
3,O,9012,19433891.438
3,O,9015,19439313.062
3,O,9017,19443973.688
3,O,9020,19450164.625
3,O,9023,19455177.125
3,O,9024,19459296.188
3,O,9027,19464494.125
3,O,9029,19469523.375
3,O,9032,19475478.375
3,O,9035,19480785.750
3,O,9037,19486006.500
3,O,9040,19491072.625
3,O,9060,19533819.188
3,O,9063,19539434.000
3,O,9065,19543682.938
3,O,9067,19548328.688
3,O,9070,19554055.750
3,O,9072,19559165.688
3,O,9075,19564449.938
3,O,9078,19571032.125
3,O,9081,19576640.188
3,O,9083,19581167.438
3,O,9085,19585211.125
3,O,9087,19590356.625
3,O,9132,19683846.375
3,O,9135,19689246.750
3,O,9137,19693636.188
3,O,9140,19700046.812
3,O,9142,19705022.812
3,O,9145,19710165.688
3,O,9204,19833803.750
3,O,9207,19839424.562
3,O,9209,19843490.812
3,O,9211,19848331.250
3,O,9214,19854082.562
3,O,9216,19859001.688
3,O,9219,19864400.562
3,O,9221,19868809.812
3,O,9224,19875156.188
3,O,9227,19880262.625
3,O,9228,19884158.875
3,O,9231,19889194.125
3,O,9252,19933738.688
3,O,9255,19939154.312
3,O,9257,19943566.312
3,O,9259,19948790.375
3,O,9262,19954127.812
3,O,9264,19959061.312
3,O,9267,19964277.500
3,O,9269,19969129.312
3,O,9272,19975321.750
3,O,9275,19980635.125
3,O,9277,19985664.562
3,O,9280,19990940.250
4,O,8,678128.312
4,O,13,689371.125
4,O,23,709976.062
4,O,37,738739.500
4,O,46,756320.812
4,O,50,765703.375
4,O,52,770110.125
4,O,55,775781.812
4,O,57,780453.188
4,O,60,786224.938
4,O,62,790835.250
4,O,65,795957.125
4,O,67,800946.938
4,O,70,806283.125
4,O,72,811069.125
4,O,108,886781.750
4,O,111,892419.312
4,O,113,897288.562
4,O,116,903486.625
4,O,119,908648.188
4,O,121,913739.875
4,O,180,1036880.250
4,O,183,1042150.062
4,O,185,1046835.312
4,O,188,1053078.750
4,O,191,1058120.375
4,O,193,1063229.312
4,O,195,1068287.375
4,O,198,1074303.250
4,O,201,1079944.438
4,O,203,1084699.750
4,O,206,1089885.875
4,O,208,1094878.562
4,O,228,1136871.062
4,O,231,1142499.375
4,O,233,1147181.500
4,O,236,1153398.125
4,O,239,1158562.688
4,O,241,1163613.688
4,O,244,1169805.500
4,O,246,1174651.562
4,O,249,1179906.875
4,O,251,1185047.812
4,O,254,1190050.125
4,O,256,1195244.875
4,O,300,1286771.188
4,O,303,1291448.188
4,O,305,1296671.500
4,O,307,1301719.625
4,O,310,1307063.438
4,O,312,1311922.688
4,O,372,1436744.188
4,O,375,1442378.500
4,O,377,1447029.875
4,O,380,1453295.250
4,O,383,1458468.688
4,O,385,1463485.438
4,O,388,1469859.812
4,O,391,1474739.625
4,O,393,1479936.938
4,O,395,1485096.375
4,O,398,1490080.438
4,O,400,1495275.500
4,O,420,1536732.375
4,O,422,1540822.125
4,O,424,1545481.375
4,O,427,1550722.938
4,O,429,1555570.375
4,O,432,1562038.188
4,O,435,1567279.000
4,O,437,1571925.875
4,O,440,1578371.750
4,O,442,1582413.750
4,O,445,1587600.125
4,O,447,1592589.938
4,O,492,1686683.938
4,O,495,1692309.250
4,O,497,1696988.375
4,O,500,1703189.312
4,O,503,1708326.688
4,O,505,1713382.375
4,O,564,1836708.938
4,O,567,1841966.500
4,O,569,1846437.438
4,O,572,1851765.625
4,O,574,1856917.625
4,O,576,1861864.750
4,O,579,1867313.875
4,O,581,1872181.312
4,O,584,1878364.125
4,O,586,1882391.500
4,O,589,1887577.625
4,O,591,1892582.562
4,O,612,1936589.938
4,O,615,1942218.250
4,O,617,1946888.125
4,O,620,1953095.062
4,O,623,1958235.125
4,O,625,1963254.000
4,O,627,1967338.625
4,O,629,1972414.125
4,O,632,1978241.562
4,O,635,1983597.438
4,O,637,1988874.812
4,O,640,1993984.312
4,O,684,2086711.938
4,O,686,2091171.625
4,O,689,2095484.438
4,O,691,2100656.750
4,O,693,2105537.938
4,O,696,2111074.125
4,O,756,2236566.875
4,O,759,2242213.438
4,O,761,2246901.562
4,O,764,2253129.875
4,O,767,2258291.062
4,O,769,2263295.875
4,O,772,2268368.875
4,O,774,2273935.000
4,O,776,2278589.750
4,O,779,2283725.312
4,O,781,2288733.375
4,O,784,2293855.125
4,O,804,2336551.375
4,O,806,2341026.312
4,O,809,2346457.688
4,O,811,2350517.438
4,O,813,2355401.625
4,O,816,2361857.188
4,O,819,2367312.312
4,O,821,2371770.125
4,O,824,2377980.062
4,O,827,2383133.875
4,O,829,2388194.062
4,O,831,2392195.375
4,O,876,2486575.062
4,O,879,2492200.375
4,O,881,2496665.188
4,O,884,2503043.688
4,O,887,2508193.000
4,O,889,2513022.125
4,O,948,2636549.125
4,O,950,2640981.062
4,O,953,2646240.875
4,O,955,2650520.938
4,O,957,2655398.875
4,O,960,2661858.312
4,O,963,2667093.125
4,O,965,2671746.250
4,O,968,2677916.812
4,O,971,2683064.625
4,O,973,2688146.188
4,O,975,2692349.562
4,O,996,2736618.875
4,O,999,2742057.375
4,O,1001,2746537.438
4,O,1004,2752975.688
4,O,1006,2757806.250
4,O,1009,2762944.812
4,O,1011,2767984.062
4,O,1014,2774024.188
4,O,1016,2778299.750
4,O,1019,2783441.312
4,O,1021,2788516.625
4,O,1024,2793828.188
4,O,1068,2886516.938
4,O,1071,2892142.250
4,O,1073,2897011.188
4,O,1076,2902995.250
4,O,1079,2908346.625
4,O,1081,2913417.438
4,O,1140,3036573.375
4,O,1143,3042017.875
4,O,1145,3046706.000
4,O,1148,3052924.938
4,O,1151,3058107.750
4,O,1153,3062910.188
4,O,1156,3068222.000
4,O,1158,3073800.688
4,O,1160,3078455.438
4,O,1163,3083620.250
4,O,1165,3088648.062
4,O,1168,3093757.562
4,O,1188,3136399.125
4,O,1191,3142039.688
4,O,1193,3146923.875
4,O,1196,3153115.688
4,O,1199,3158268.000
4,O,1201,3162892.312
4,O,1203,3167362.125
4,O,1206,3173781.875
4,O,1209,3179242.125
4,O,1211,3183798.500
4,O,1213,3188873.812
4,O,1216,3193995.562
4,O,1260,3286428.875
4,O,1262,3290503.375
4,O,1265,3296154.812
4,O,1268,3302744.750
4,O,1271,3307765.125
4,O,1273,3312925.250
4,O,1332,3436401.250
4,O,1335,3442035.562
4,O,1337,3446925.750
4,O,1340,3452964.250
4,O,1342,3457204.188
4,O,1345,3462720.250
4,O,1347,3467386.125
4,O,1350,3473582.438
4,O,1353,3479199.125
4,O,1355,3483761.750
4,O,1358,3489169.812
4,O,1360,3494159.625
4,O,1380,3536359.625
4,O,1383,3541801.000
4,O,1385,3545883.625
4,O,1387,3550350.188
4,O,1390,3555641.500
4,O,1392,3561665.438
4,O,1395,3567108.312
4,O,1397,3572006.250
4,O,1400,3578011.250
4,O,1403,3583177.312
4,O,1405,3587438.812
4,O,1407,3592443.750
4,O,1452,3686387.500
4,O,1455,3691987.062
4,O,1457,3696816.875
4,O,1460,3702975.812
4,O,1463,3708284.688
4,O,1465,3713297.688
4,O,1524,3836385.438
4,O,1527,3841807.375
4,O,1529,3846476.625
4,O,1532,3852658.938
4,O,1535,3857671.438
4,O,1537,3862768.000
4,O,1539,3867709.125
4,O,1542,3873751.125
4,O,1545,3879541.875
4,O,1547,3884253.875
4,O,1550,3889407.500
4,O,1552,3894540.750
4,O,1572,3936269.312
4,O,1575,3941871.875
4,O,1577,3946704.688
4,O,1580,3952881.875
4,O,1583,3958193.750
4,O,1585,3963177.500
4,O,1588,3969358.625
4,O,1591,3974966.688
4,O,1593,3979403.750
4,O,1595,3984523.312
4,O,1598,3989682.938
4,O,1600,3994828.438
4,O,1644,4086326.188
4,O,1647,4091738.812
4,O,1649,4096165.750
4,O,1651,4100388.812
4,O,1653,4105419.562
4,O,1656,4110723.438
4,O,1716,4236248.500
4,O,1719,4241893.812
4,O,1721,4246744.875
4,O,1724,4252934.062
4,O,1727,4258051.000
4,O,1729,4263262.812
4,O,1732,4269390.438
4,O,1735,4274992.500
4,O,1737,4279380.438
4,O,1740,4285357.750
4,O,1742,4290711.938
4,O,1745,4295707.562
4,O,1764,4336281.312
4,O,1767,4340948.938
4,O,1769,4346138.375
4,O,1771,4351186.000
4,O,1773,4355246.250
4,O,1776,4361457.250
4,O,1779,4366874.375
4,O,1781,4371708.688
4,O,1784,4377888.875
4,O,1787,4383003.062
4,O,1789,4388030.750
4,O,1792,4393308.188
4,O,1836,4486204.062
4,O,1839,4491803.625
4,O,1841,4496633.438
4,O,1844,4502792.375
4,O,1847,4508109.875
4,O,1849,4512888.500
4,O,1908,4636163.625
4,O,1911,4641597.500
4,O,1913,4646044.938
4,O,1916,4651314.750
4,O,1917,4655353.500
4,O,1920,4661568.375
4,O,1923,4666778.562
4,O,1925,4671816.438
4,O,1928,4677762.812
4,O,1931,4683057.938
4,O,1933,4688069.125
4,O,1936,4693346.562
4,O,1956,4736298.125
4,O,1958,4740354.375
4,O,1961,4745948.688
4,O,1963,4750594.438
4,O,1966,4756329.125
4,O,1969,4762452.500
4,O,1971,4766866.688
4,O,1973,4771901.938
4,O,1976,4777674.375
4,O,1978,4781482.188
4,O,1980,4786313.438
4,O,1983,4791397.688
4,O,2028,4886196.312
4,O,2031,4890860.938
4,O,2033,4896059.625
4,O,2035,4901067.500
4,O,2038,4906587.625
4,O,2040,4910617.312
4,O,2100,5036172.062
4,O,2103,5041817.375
4,O,2105,5046467.500
4,O,2108,5052621.688
4,O,2111,5057995.438
4,O,2113,5062977.062
4,O,2116,5069112.750
4,O,2119,5074167.750
4,O,2121,5079353.000
4,O,2123,5084466.562
4,O,2126,5089342.875
4,O,2128,5094552.500
4,O,2148,5136083.500
4,O,2150,5140735.875
4,O,2153,5145952.812
4,O,2155,5150988.188
4,O,2158,5156502.062
4,O,2160,5161435.562
4,O,2162,5165318.625
4,O,2165,5170926.688
4,O,2167,5175573.938
4,O,2170,5181311.625
4,O,2173,5186860.875
4,O,2175,5191803.688
4,O,2220,5286121.562
4,O,2223,5291733.375
4,O,2225,5295703.750
4,O,2227,5300344.750
4,O,2230,5306260.375
4,O,2233,5311794.625
4,O,2292,5436045.125
4,O,2294,5440703.500
4,O,2297,5445938.688
4,O,2299,5450980.062
4,O,2302,5456341.750
4,O,2304,5461461.812
4,O,2306,5465314.375
4,O,2309,5470904.188
4,O,2311,5475533.188
4,O,2314,5481466.688
4,O,2317,5486997.688
4,O,2319,5491954.500
4,O,2340,5536166.438
4,O,2343,5541545.312
4,O,2345,5546199.938
4,O,2347,5550237.312
4,O,2350,5556172.938
4,O,2352,5561494.312
4,O,2355,5566698.250
4,O,2357,5571745.750
4,O,2360,5577725.000
4,O,2363,5583038.375
4,O,2365,5588277.375
4,O,2367,5592227.562
4,O,2412,5686096.500
4,O,2414,5690521.188
4,O,2417,5695936.062
4,O,2419,5700755.250
4,O,2422,5706275.375
4,O,2424,5711089.875
4,O,2484,5836138.250
4,O,2487,5841746.812
4,O,2489,5846172.250
4,O,2491,5850240.125
4,O,2494,5856200.000
4,O,2497,5861544.000
4,O,2499,5866729.438
4,O,2501,5871758.688
4,O,2504,5877519.125
4,O,2506,5882105.750
4,O,2509,5887247.125
4,O,2511,5891218.188
4,O,2532,5935946.688
4,O,2534,5940380.000
4,O,2537,5945797.875
4,O,2539,5950632.312
4,O,2542,5956347.125
4,O,2544,5961280.625
4,O,2547,5966523.062
4,O,2549,5971166.938
4,O,2551,5975218.062
4,O,2554,5981156.688
4,O,2557,5986693.688
4,O,2559,5991648.750
4,O,2604,6086053.188
4,O,2607,6091700.125
4,O,2610,6098261.062
4,O,2613,6103852.688
4,O,2615,6108375.438
4,O,2617,6113351.375
4,O,2676,6236026.562
4,O,2679,6241446.438
4,O,2681,6246486.188
4,O,2684,6252486.688
4,O,2687,6257804.562
4,O,2689,6262999.375
4,O,2692,6269154.188
4,O,2694,6273410.875
4,O,2697,6278838.250
4,O,2699,6283347.250
4,O,2702,6288691.312
4,O,2704,6293634.125
4,O,2724,6336031.688
4,O,2727,6341435.062
4,O,2729,6345870.625
4,O,2732,6352238.250
4,O,2735,6357269.250
4,O,2736,6361390.438
4,O,2739,6366618.875
4,O,2741,6371440.938
4,O,2744,6377444.688
4,O,2747,6382758.062
4,O,2749,6387976.188
4,O,2752,6393015.938
4,O,2796,6485958.250
4,O,2798,6490388.875
4,O,2801,6495803.750
4,O,2803,6500622.938
4,O,2806,6506331.750
4,O,2808,6510732.875
4,O,2868,6635893.188
4,O,2871,6641519.875
4,O,2874,6648123.312
4,O,2877,6653735.875
4,O,2878,6657139.438
4,O,2881,6662199.375
4,O,2883,6667494.188
4,O,2886,6673258.875
4,O,2889,6678860.938
4,O,2891,6683773.562
4,O,2894,6688914.938
4,O,2896,6694060.438
4,O,2916,6735916.875
4,O,2919,6741507.188
4,O,2921,6745756.125
4,O,2923,6750401.875
4,O,2926,6756153.438
4,O,2928,6761074.688
4,O,2931,6766292.625
4,O,2933,6770948.750
4,O,2936,6776000.875
4,O,2938,6781125.125
4,O,2940,6785348.000
4,O,2942,6790302.062
4,O,2988,6885798.875
4,O,2991,6891187.000
4,O,2993,6895826.375
4,O,2995,6900794.625
4,O,2998,6906113.812
4,O,3000,6911129.250
4,O,3060,7035928.750
4,O,3063,7041549.875
4,O,3065,7046388.688
4,O,3068,7052389.188
4,O,3071,7057707.062
4,O,3073,7062700.938
4,O,3076,7069044.438
4,O,3079,7074648.250
4,O,3081,7079073.688
4,O,3084,7084232.938
4,O,3086,7089359.062
4,O,3088,7094492.312
4,O,3108,7135883.500
4,O,3111,7141098.188
4,O,3113,7145740.562
4,O,3115,7150775.938
4,O,3118,7156101.125
4,O,3120,7161034.625
4,O,3123,7166451.750
4,O,3125,7170689.938
4,O,3127,7175337.188
4,O,3130,7181067.250
4,O,3132,7185697.562
4,O,3135,7190991.375
4,O,3180,7285813.375
4,O,3183,7291412.938
4,O,3185,7296242.750
4,O,3187,7300289.375
4,O,3190,7305963.188
4,O,3192,7310575.000
4,O,3252,7435778.125
4,O,3255,7441212.000
4,O,3257,7445671.688
4,O,3260,7452063.562
4,O,3262,7457060.812
4,O,3265,7462172.625
4,O,3267,7467190.125
4,O,3269,7471157.250
4,O,3272,7477377.312
4,O,3275,7482684.688
4,O,3277,7487695.875
4,O,3280,7492971.562
4,O,3300,7535692.000
4,O,3303,7541294.562
4,O,3305,7546127.375
4,O,3308,7552304.562
4,O,3310,7556311.812
4,O,3313,7562018.062
4,O,3315,7566424.750
4,O,3318,7572855.000
4,O,3321,7577914.875
4,O,3323,7583002.562
4,O,3325,7588019.750
4,O,3328,7593057.750
4,O,3372,7685661.125
4,O,3375,7691061.500
4,O,3377,7695475.438
4,O,3379,7700721.000
4,O,3382,7706040.188
4,O,3384,7710817.938
4,O,3444,7835817.812
4,O,3447,7841426.375
4,O,3449,7846101.000
4,O,3452,7852290.500
4,O,3455,7857396.938
4,O,3457,7862324.938
4,O,3460,7868758.812
4,O,3463,7874360.875
4,O,3465,7878709.188
4,O,3468,7884136.188
4,O,3470,7889016.000
4,O,3472,7894186.000
4,O,3492,7935627.750
4,O,3494,7939884.938
4,O,3496,7944305.250
4,O,3499,7949534.438
4,O,3501,7954568.188
4,O,3504,7961004.625
4,O,3507,7966220.812
4,O,3509,7971055.125
4,O,3512,7977235.312
4,O,3514,7981231.812
4,O,3517,7986594.125
4,O,3519,7991536.938
4,O,3564,8085725.312
4,O,3567,8091312.625
4,O,3569,8095953.750
4,O,3572,8102322.250
4,O,3575,8107409.312
4,O,3577,8111450.250
4,O,3636,8235702.938
4,O,3638,8239765.188
4,O,3640,8244404.688
4,O,3643,8249639.875
4,O,3645,8254679.625
4,O,3648,8260906.750
4,O,3651,8266317.875
4,O,3653,8271179.312
4,O,3656,8277314.375
4,O,3658,8281304.875
4,O,3661,8286634.938
4,O,3663,8291591.750
4,O,3684,8335661.312
4,O,3687,8341263.875
4,O,3689,8345908.000
4,O,3692,8352074.688
4,O,3695,8357185.625
4,O,3697,8362179.875
4,O,3699,8366193.125
4,O,3701,8371453.812
4,O,3704,8377244.375
4,O,3707,8382746.438
4,O,3709,8387775.875
4,O,3712,8392850.625
4,O,3756,8485686.312
4,O,3758,8490098.000
4,O,3760,8494333.312
4,O,3763,8499535.000
4,O,3765,8504590.250
4,O,3768,8509894.125
4,O,3828,8635693.500
4,O,3831,8641113.375
4,O,3833,8645726.750
4,O,3836,8652153.625
4,O,3839,8657284.562
4,O,3841,8662276.688
4,O,3843,8666296.188
4,O,3846,8672653.188
4,O,3848,8677670.062
4,O,3851,8682776.500
4,O,3853,8687787.688
4,O,3856,8693092.625
4,O,3876,8735621.250
4,O,3879,8741236.062
4,O,3881,8746081.125
4,O,3883,8750319.438
4,O,3886,8755845.562
4,O,3888,8760779.062
4,O,3891,8766196.188
4,O,3893,8770841.812
4,O,3896,8777011.500
4,O,3899,8782136.188
4,O,3901,8787151.625
4,O,3903,8791323.625
4,O,3948,8885524.250
4,O,3951,8891123.812
4,O,3953,8895764.938
4,O,3956,8901913.375
4,O,3959,8906892.375
4,O,3961,8912044.500
4,O,4020,9035506.688
4,O,4023,9040180.312
4,O,4025,9045388.000
4,O,4027,9049443.625
4,O,4029,9054495.625
4,O,4032,9060710.500
4,O,4035,9066121.625
4,O,4037,9070749.000
4,O,4040,9077093.625
4,O,4043,9082201.812
4,O,4045,9087223.500
4,O,4047,9091391.875
4,O,4068,9135455.812
4,O,4071,9141058.375
4,O,4073,9145495.688
4,O,4076,9151875.562
4,O,4079,9156998.750
4,O,4081,9161993.000
4,O,4083,9167016.500
4,O,4086,9173006.375
4,O,4088,9177252.062
4,O,4091,9182364.500
4,O,4093,9187594.875
4,O,4096,9192669.625
4,O,4140,9285535.000
4,O,4143,9291122.312
4,O,4145,9296153.062
4,O,4148,9302123.312
4,O,4150,9306304.000
4,O,4153,9311446.875
4,O,4212,9435517.562
4,O,4215,9440862.812
4,O,4217,9445523.438
4,O,4220,9451714.375
4,O,4222,9456711.625
4,O,4225,9462041.375
4,O,4227,9467029.625
4,O,4230,9472800.688
4,O,4232,9477028.125
4,O,4235,9482335.500
4,O,4237,9487547.625
4,O,4240,9492610.125
4,O,4260,9535504.500
4,O,4263,9541107.062
4,O,4265,9545964.375
4,O,4268,9552117.062
4,O,4271,9557228.000
4,O,4273,9561816.562
4,O,4275,9566462.688
4,O,4278,9572655.250
4,O,4281,9578275.562
4,O,4283,9582790.562
4,O,4286,9588036.188
4,O,4288,9593095.688
4,O,4332,9685455.250
4,O,4334,9689508.500
4,O,4337,9694888.375
4,O,4339,9699529.375
4,O,4341,9704572.375
4,O,4344,9709675.312
4,O,4404,9835455.688
4,O,4407,9841076.500
4,O,4409,9845927.562
4,O,4412,9851928.062
4,O,4415,9857258.500
4,O,4417,9862441.062
4,O,4420,9868608.125
4,O,4423,9874224.188
4,O,4425,9878584.750
4,O,4428,9884589.438
4,O,4430,9889931.375
4,O,4433,9895204.312
4,O,4452,9935338.188
4,O,4455,9940753.812
4,O,4457,9944265.875
4,O,4459,9949445.812
4,O,4461,9954479.562
4,O,4464,9960690.562
4,O,4467,9965906.750
4,O,4469,9970942.000
4,O,4472,9976921.250
4,O,4475,9982234.625
4,O,4477,9986508.500
4,O,4479,9991423.812
4,O,4524,10085437.375
4,O,4527,10091036.938
4,O,4529,10095866.750
4,O,4532,10102025.688
4,O,4535,10107158.125
4,O,4537,10112170.812
4,O,4596,10235290.812
4,O,4599,10240700.188
4,O,4601,10244955.125
4,O,4603,10249380.438
4,O,4605,10254407.938
4,O,4608,10260647.312
4,O,4611,10265857.500
4,O,4613,10270886.750
4,O,4616,10276841.750
4,O,4619,10282136.875
4,O,4621,10286363.250
4,O,4623,10291320.062
4,O,4644,10335322.250
4,O,4647,10340924.812
4,O,4649,10345757.625
4,O,4652,10351934.812
4,O,4655,10357045.750
4,O,4657,10362041.750
4,O,4660,10368411.250
4,O,4662,10372659.938
4,O,4665,10377532.875
4,O,4667,10382620.562
4,O,4669,10387650.000
4,O,4672,10392737.000
4,O,4716,10485246.875
4,O,4719,10490647.250
4,O,4721,10495307.500
4,O,4723,10499345.500
4,O,4725,10504388.500
4,O,4728,10509692.375
4,O,4788,10635273.250
4,O,4791,10640894.062
4,O,4793,10645745.125
4,O,4796,10651934.312
4,O,4799,10657051.250
4,O,4801,10662045.125
4,O,4804,10668390.688
4,O,4807,10673992.750
4,O,4809,10678423.812
4,O,4811,10683525.125
4,O,4814,10688666.500
4,O,4816,10693812.000
4,O,4836,10735203.188
4,O,4838,10739806.562
4,O,4841,10745023.500
4,O,4843,10750071.125
4,O,4845,10754307.812
4,O,4848,10760567.812
4,O,4851,10765808.500
4,O,4853,10770655.062
4,O,4856,10776835.250
4,O,4859,10781873.062
4,O,4861,10786977.125
4,O,4864,10792242.312
4,O,4908,10885313.000
4,O,4911,10890912.562
4,O,4913,10895553.688
4,O,4916,10901922.188
4,O,4919,10907009.250
4,O,4921,10912034.188
4,O,4980,11035270.250
4,O,4983,11040503.188
4,O,4985,11045163.812
4,O,4987,11050205.188
4,O,4989,11054271.438
4,O,4992,11060486.312
4,O,4995,11065885.188
4,O,4997,11070713.500
4,O,5000,11076869.438
4,O,5003,11081975.875
4,O,5005,11086910.688
4,O,5008,11092264.500
4,O,5028,11135216.062
4,O,5030,11139260.062
4,O,5033,11145102.688
4,O,5036,11151669.500
4,O,5039,11156782.188
4,O,5041,11161764.188
4,O,5043,11166799.938
4,O,5046,11172583.000
4,O,5048,11177001.938
4,O,5050,11181226.750
4,O,5053,11186374.125
4,O,5055,11191531.875
4,O,5100,11285223.375
4,O,5103,11290435.062
4,O,5105,11294867.625
4,O,5107,11300088.688
4,O,5110,11305407.875
4,O,5112,11309437.562
4,O,5172,11435222.625
4,O,5174,11439284.875
4,O,5177,11444897.438
4,O,5179,11449549.188
4,O,5182,11455524.312
4,O,5185,11461429.375
4,O,5187,11465830.062
4,O,5190,11472223.812
4,O,5192,11477240.688
4,O,5194,11481218.938
4,O,5197,11486372.562
4,O,5199,11491518.062
4,O,5220,11535107.625
4,O,5223,11539775.250
4,O,5225,11544976.938
4,O,5227,11550000.062
4,O,5230,11555526.188
4,O,5232,11560459.688
4,O,5234,11564318.250
4,O,5237,11569926.312
4,O,5239,11574573.562
4,O,5242,11580311.250
4,O,5245,11585848.250
4,O,5247,11590803.312
4,O,5292,11685154.938
4,O,5295,11690754.500
4,O,5297,11694801.250
4,O,5299,11699430.000
4,O,5302,11705128.312
4,O,5304,11709769.375
4,O,5364,11835026.062
4,O,5366,11839684.438
4,O,5369,11844907.375
4,O,5371,11849936.500
4,O,5374,11855310.438
4,O,5376,11860418.250
4,O,5378,11864283.062
4,O,5381,11869885.125
4,O,5383,11874526.375
4,O,5386,11880157.562
4,O,5388,11884767.875
4,O,5391,11889853.875
4,O,5412,11935087.500
4,O,5415,11940702.312
4,O,5417,11945134.000
4,O,5419,11949183.625
4,O,5422,11955119.250
4,O,5424,11960391.625
4,O,5427,11965595.562
4,O,5429,11970643.062
4,O,5432,11976622.312
4,O,5435,11981972.438
4,O,5437,11987202.812
4,O,5439,11991149.375
4,O,5484,12085065.875
4,O,5486,12089490.562
4,O,5489,12094893.188
4,O,5491,12099724.625
4,O,5494,12105244.750
4,O,5496,12110071.500
4,O,5556,12235095.375
4,O,5559,12240703.938
4,O,5561,12245147.250
4,O,5563,12249166.125
4,O,5566,12255175.000
4,O,5568,12260457.500
4,O,5571,12265667.688
4,O,5573,12270709.188
4,O,5576,12276469.625
4,O,5578,12281056.250
4,O,5581,12286197.625
4,O,5583,12290168.688
4,O,5604,12335035.250
4,O,5607,12340637.812
4,O,5609,12345458.375
4,O,5612,12351660.062
4,O,5615,12356771.000
4,O,5617,12361943.438
4,O,5620,12368047.875
4,O,5623,12373744.562
4,O,5625,12378009.500
4,O,5628,12384140.375
4,O,5630,12389494.562
4,O,5633,12394539.188
4,O,5676,12484929.562
4,O,5679,12490529.125
4,O,5681,12495199.500
4,O,5684,12501330.938
4,O,5686,12505333.438
4,O,5688,12510361.125
4,O,5748,12634932.000
4,O,5750,12639383.562
4,O,5753,12644807.438
4,O,5755,12649660.125
4,O,5758,12655210.500
4,O,5760,12660129.625
4,O,5763,12665528.500
4,O,5765,12670168.125
4,O,5767,12674201.000
4,O,5770,12680115.375
4,O,5773,12685646.375
4,O,5775,12690589.188
4,O,5796,12734913.188
4,O,5799,12740328.812
4,O,5801,12744971.188
4,O,5804,12750021.812
4,O,5806,12755331.750
4,O,5808,12760265.562
4,O,5811,12765469.500
4,O,5813,12770517.000
4,O,5816,12776496.250
4,O,5819,12781809.625
4,O,5821,12786839.062
4,O,5824,12792102.500
4,O,5868,12884960.938
4,O,5870,12889391.562
4,O,5873,12894794.188
4,O,5875,12899625.625
4,O,5878,12905145.750
4,O,5880,12909759.312
4,O,5940,13034860.500
4,O,5943,13040469.062
4,O,5945,13044906.750
4,O,5948,13051298.625
4,O,5951,13056427.812
4,O,5952,13060241.500
4,O,5955,13065439.438
4,O,5957,13070468.688
4,O,5960,13076423.688
4,O,5963,13081706.562
4,O,5965,13086930.938
4,O,5968,13092005.688
4,O,5988,13134823.625
4,O,5991,13140426.188
4,O,5993,13144675.125
4,O,5995,13149244.500
4,O,5998,13155242.500
4,O,6001,13161342.500
4,O,6004,13167900.688
4,O,6007,13173521.000
4,O,6009,13177976.188
4,O,6011,13183095.750
4,O,6013,13187328.125
4,O,6016,13192402.875
4,O,6060,13284877.375
4,O,6063,13290302.250
4,O,6065,13294734.812
4,O,6068,13301096.438
4,O,6070,13306072.438
4,O,6073,13311215.312
4,O,6132,13434895.312
4,O,6135,13440503.875
4,O,6137,13444557.875
4,O,6139,13449410.562
4,O,6142,13455161.875
4,O,6144,13460081.000
4,O,6147,13465268.438
4,O,6149,13469906.312
4,O,6152,13476039.500
4,O,6155,13481359.125
4,O,6156,13485255.375
4,O,6159,13490339.625
4,O,6180,13534807.125
4,O,6183,13540249.500
4,O,6186,13545698.625
4,O,6188,13551440.562
4,O,6190,13555843.000
4,O,6193,13561157.875
4,O,6195,13566181.375
4,O,6197,13570230.875
4,O,6200,13576398.812
4,O,6203,13581523.500
4,O,6205,13586540.688
4,O,6208,13591818.125
4,O,6252,13684777.188
4,O,6255,13690364.500
4,O,6257,13695194.312
4,O,6259,13699240.938
4,O,6262,13705156.562
4,O,6265,13710689.062
4,O,6324,13834781.250
4,O,6327,13840202.875
4,O,6329,13844644.438
4,O,6332,13851036.312
4,O,6334,13856033.562
4,O,6337,13861145.375
4,O,6339,13866175.125
4,O,6341,13870230.875
4,O,6344,13876374.562
4,O,6347,13881456.500
4,O,6349,13886693.125
4,O,6352,13891968.812
4,O,6372,13934745.062
4,O,6375,13940347.625
4,O,6377,13944991.750
4,O,6380,13951357.625
4,O,6382,13955364.875
4,O,6385,13961089.250
4,O,6388,13967657.938
4,O,6391,13972718.938
4,O,6393,13977733.438
4,O,6395,13982840.750
4,O,6398,13988000.375
4,O,6400,13993145.875
4,O,6444,14084622.375
4,O,6447,14090035.000
4,O,6449,14094424.438
4,O,6451,14099694.500
4,O,6454,14105013.688
4,O,6456,14109791.438
4,O,6516,14234754.562
4,O,6519,14240375.375
4,O,6521,14245025.500
4,O,6524,14251214.688
4,O,6526,14255163.812
4,O,6529,14260867.938
4,O,6531,14265481.812
4,O,6533,14270523.312
4,O,6536,14276259.250
4,O,6538,14280845.875
4,O,6541,14285987.250
4,O,6543,14291145.000
4,O,6564,14334603.375
4,O,6566,14338860.562
4,O,6568,14343293.125
4,O,6571,14348510.062
4,O,6573,14353543.812
4,O,6576,14359980.250
4,O,6579,14365385.125
4,O,6581,14370030.750
4,O,6584,14376210.938
4,O,6586,14380207.438
4,O,6589,14385569.750
4,O,6591,14390512.562
4,O,6636,14484688.688
4,O,6639,14490288.250
4,O,6641,14494929.375
4,O,6644,14501297.875
4,O,6647,14506384.938
4,O,6649,14510425.875
4,O,6708,14634678.562
4,O,6710,14638740.812
4,O,6712,14643380.312
4,O,6715,14648615.500
4,O,6717,14653655.250
4,O,6720,14659870.125
4,O,6723,14665281.250
4,O,6725,14670109.562
4,O,6728,14676265.500
4,O,6730,14680256.000
4,O,6733,14685586.062
4,O,6735,14690542.875
4,O,6756,14734612.438
4,O,6759,14740215.000
4,O,6761,14744859.125
4,O,6764,14751025.812
4,O,6767,14756136.750
4,O,6769,14761143.250
4,O,6771,14765144.250
4,O,6773,14770429.438
4,O,6776,14776220.000
4,O,6779,14781722.062
4,O,6781,14786751.500
4,O,6784,14791826.250
4,O,6828,14884511.625
4,O,6830,14889161.000
4,O,6832,14893207.625
4,O,6835,14898610.250
4,O,6837,14903452.312
4,O,6840,14908944.875
4,O,6900,15034524.125
4,O,6903,15040144.938
4,O,6905,15044807.312
4,O,6908,15051206.062
4,O,6911,15056323.000
4,O,6913,15061296.000
4,O,6915,15065327.750
4,O,6917,15070332.500
4,O,6920,15076092.938
4,O,6922,15080679.562
4,O,6925,15085820.938
4,O,6927,15090966.438
4,O,6948,15134527.875
4,O,6950,15138973.438
4,O,6953,15144415.812
4,O,6955,15148465.438
4,O,6957,15153310.500
4,O,6960,15159917.000
4,O,6963,15165145.438
4,O,6965,15169791.062
4,O,6968,15175960.750
4,O,6971,15181085.438
4,O,6973,15186100.875
4,O,6976,15191274.188
4,O,7020,15284553.500
4,O,7023,15290153.062
4,O,7025,15294516.875
4,O,7028,15300942.625
4,O,7031,15306050.562
4,O,7033,15311073.750
4,O,7092,15434499.188
4,O,7095,15439172.812
4,O,7097,15444380.500
4,O,7099,15448436.125
4,O,7101,15453475.875
4,O,7104,15459690.750
4,O,7107,15465101.875
4,O,7109,15469741.500
4,O,7112,15476073.875
4,O,7115,15481194.312
4,O,7117,15486203.750
4,O,7119,15490392.750
4,O,7140,15534571.812
4,O,7143,15539987.438
4,O,7145,15544650.688
4,O,7148,15550796.500
4,O,7151,15555803.000
4,O,7153,15560913.938
4,O,7155,15566126.125
4,O,7158,15571915.062
4,O,7160,15576355.812
4,O,7163,15581468.250
4,O,7165,15586497.688
4,O,7168,15591761.125
4,O,7212,15684431.938
4,O,7214,15688862.250
4,O,7217,15694264.875
4,O,7219,15699096.312
4,O,7221,15703330.000
4,O,7224,15708834.812
4,O,7284,15834440.750
4,O,7287,15840049.312
4,O,7289,15844523.000
4,O,7292,15850902.625
4,O,7295,15856031.812
4,O,7297,15861011.688
4,O,7299,15866029.188
4,O,7302,15871800.250
4,O,7304,15876027.688
4,O,7307,15881523.750
4,O,7309,15886534.938
4,O,7312,15891609.688
4,O,7332,15934368.500
4,O,7335,15939971.062
4,O,7337,15945034.062
4,O,7340,15950981.062
4,O,7343,15956280.688
4,O,7345,15960869.250
4,O,7347,15965314.438
4,O,7350,15971707.938
4,O,7353,15977303.750
4,O,7356,15983434.875
4,O,7358,15987782.375
4,O,7360,15992915.625
4,O,7404,16084356.250
4,O,7406,16088409.500
4,O,7409,16094002.562
4,O,7411,16098418.125
4,O,7414,16104372.250
4,O,7416,16109763.312
4,O,7476,16234320.312
4,O,7478,16238754.000
4,O,7481,16244177.875
4,O,7483,16249018.312
4,O,7486,16254593.188
4,O,7488,16259713.562
4,O,7491,16264923.750
4,O,7493,16269563.375
4,O,7496,16275721.062
4,O,7498,16280606.938
4,O,7501,16285824.688
4,O,7503,16290982.438
4,O,7524,16334409.000
4,O,7527,16339830.500
4,O,7529,16344266.375
4,O,7531,16349289.500
4,O,7534,16354626.938
4,O,7536,16359560.438
4,O,7539,16364965.312
4,O,7541,16369787.375
4,O,7544,16375992.062
4,O,7547,16381104.500
4,O,7549,16385336.875
4,O,7551,16390269.188
4,O,7596,16484307.250
4,O,7599,16489906.812
4,O,7601,16494687.625
4,O,7604,16500895.562
4,O,7607,16506192.188
4,O,7609,16511204.875
4,O,7668,16634312.625
4,O,7671,16639734.250
4,O,7673,16643751.500
4,O,7675,16648401.500
4,O,7677,16653441.250
4,O,7680,16659467.438
4,O,7683,16664866.312
4,O,7685,16669895.562
4,O,7688,16675850.562
4,O,7691,16681157.938
4,O,7693,16685183.375
4,O,7695,16690328.875
4,O,7716,16734320.250
4,O,7719,16739922.812
4,O,7721,16744502.812
4,O,7724,16750932.812
4,O,7727,16756043.750
4,O,7729,16761027.500
4,O,7732,16767397.000
4,O,7734,16771657.938
4,O,7737,16777072.688
4,O,7739,16782391.438
4,O,7742,16787551.062
4,O,7744,16792696.562
4,O,7788,16884304.062
4,O,7791,16889743.438
4,O,7794,16895189.562
4,O,7795,16899196.438
4,O,7798,16904515.625
4,O,7800,16909531.062
4,O,7860,17034195.625
4,O,7863,17039804.188
4,O,7865,17044655.250
4,O,7868,17050856.688
4,O,7871,17056203.812
4,O,7873,17061168.438
4,O,7876,17067312.750
4,O,7878,17071744.125
4,O,7880,17076348.625
4,O,7883,17081673.000
4,O,7885,17086654.938
4,O,7888,17091741.938
4,O,7908,17134181.312
4,O,7910,17138784.688
4,O,7913,17143989.375
4,O,7915,17149024.750
4,O,7917,17153273.688
4,O,7920,17159509.188
4,O,7923,17164725.375
4,O,7925,17169571.938
4,O,7928,17175764.375
4,O,7931,17181065.500
4,O,7933,17185854.375
4,O,7936,17191183.688
4,O,7980,17284227.750
4,O,7983,17289815.062
4,O,7985,17294665.750
4,O,7988,17300816.062
4,O,7991,17305913.500
4,O,7993,17310936.688
4,O,8052,17434187.312
4,O,8055,17439656.312
4,O,8058,17445111.438
4,O,8060,17450688.938
4,O,8062,17454501.250
4,O,8064,17459391.125
4,O,8067,17464802.250
4,O,8069,17469630.562
4,O,8072,17475774.250
4,O,8075,17481081.625
4,O,8077,17486092.812
4,O,8080,17491368.500
4,O,8100,17534120.875
4,O,8102,17538365.812
4,O,8105,17543972.375
4,O,8107,17548340.812
4,O,8110,17554352.812
4,O,8113,17560461.438
4,O,8116,17565900.312
4,O,8118,17571479.438
4,O,8120,17576114.438
4,O,8122,17580291.000
4,O,8125,17585450.625
4,O,8127,17590331.062
4,O,8172,17684065.500
4,O,8175,17689513.250
4,O,8177,17694931.875
4,O,8180,17700683.062
4,O,8182,17705033.500
4,O,8184,17709300.875
4,O,8244,17834140.812
4,O,8246,17838400.375
4,O,8249,17844004.312
4,O,8251,17848442.875
4,O,8254,17854413.250
4,O,8257,17860293.812
4,O,8259,17864907.688
4,O,8261,17869885.062
4,O,8264,17875645.500
4,O,8266,17879435.062
4,O,8268,17884248.062
4,O,8271,17889332.312
4,O,8292,17934075.750
4,O,8294,17938715.875
4,O,8297,17943932.812
4,O,8299,17948968.188
4,O,8302,17954494.312
4,O,8304,17959415.562
4,O,8307,17964656.562
4,O,8309,17969314.438
4,O,8312,17975683.312
4,O,8315,17980797.500
4,O,8317,17985825.188
4,O,8320,17991111.250
4,O,8364,18084102.688
4,O,8367,18089702.250
4,O,8369,18093700.000
4,O,8371,18098328.750
4,O,8374,18104244.375
4,O,8377,18109778.625
4,O,8436,18234128.250
4,O,8438,18238521.562
4,O,8441,18243756.750
4,O,8443,18248798.125
4,O,8446,18254348.500
4,O,8448,18259279.875
4,O,8450,18263132.438
4,O,8453,18268734.500
4,O,8455,18273375.750
4,O,8458,18279288.375
4,O,8461,18284821.125
4,O,8463,18289763.938
4,O,8484,18334040.500
4,O,8487,18339630.812
4,O,8489,18344098.500
4,O,8491,18348336.812
4,O,8494,18354071.500
4,O,8497,18360183.750
4,O,8499,18365582.875
4,O,8502,18371378.188
4,O,8504,18375812.250
4,O,8507,18381154.875
4,O,8509,18386155.062
4,O,8512,18391230.125
4,O,8556,18483939.312
4,O,8558,18488588.688
4,O,8561,18493802.625
4,O,8563,18498835.000
4,O,8566,18504355.125
4,O,8568,18508968.688
4,O,8628,18634069.875
4,O,8631,18639678.438
4,O,8633,18644121.750
4,O,8635,18648140.625
4,O,8638,18654149.500
4,O,8640,18659407.500
4,O,8643,18664617.688
4,O,8645,18669607.312
4,O,8648,18675601.938
4,O,8651,18681134.750
4,O,8653,18686158.188
4,O,8655,18690317.938
4,O,8676,18734053.688
4,O,8679,18739656.250
4,O,8681,18744489.062
4,O,8684,18750666.250
4,O,8687,18755777.188
4,O,8689,18760974.125
4,O,8692,18767130.438
4,O,8695,18772750.750
4,O,8697,18776800.250
4,O,8699,18781339.750
4,O,8702,18786585.375
4,O,8704,18791632.625
4,O,8748,18883979.938
4,O,8751,18889639.125
4,O,8754,18896212.312
4,O,8757,18901803.625
4,O,8758,18905222.688
4,O,8761,18910365.562
4,O,8820,19033881.312
4,O,8822,19038262.375
4,O,8825,19043762.625
4,O,8827,19048615.312
4,O,8830,19054165.688
4,O,8832,19059285.750
4,O,8835,19064495.938
4,O,8837,19069123.312
4,O,8839,19073119.438
4,O,8842,19079082.812
4,O,8845,19084613.812
4,O,8847,19089532.125
4,O,8868,19133963.562
4,O,8871,19139366.938
4,O,8873,19143771.625
4,O,8876,19150188.250
4,O,8878,19155167.250
4,O,8880,19159315.938
4,O,8883,19164519.875
4,O,8885,19169567.375
4,O,8888,19175546.625
4,O,8891,19180860.000
4,O,8893,19185877.188
4,O,8896,19191152.875
4,O,8940,19283829.562
4,O,8942,19288247.938
4,O,8945,19293650.562
4,O,8947,19298494.250
4,O,8950,19304203.062
4,O,8952,19308828.875
4,O,9012,19433913.188
4,O,9015,19439334.812
4,O,9017,19443983.188
4,O,9020,19450186.375
4,O,9023,19455198.875
4,O,9024,19459305.688
4,O,9027,19464515.875
4,O,9029,19469545.125
4,O,9032,19475500.125
4,O,9035,19480795.250
4,O,9037,19486028.250
4,O,9040,19491082.125
4,O,9060,19533840.938
4,O,9063,19539455.750
4,O,9065,19543704.688
4,O,9067,19548350.438
4,O,9070,19554065.250
4,O,9072,19559187.438
4,O,9075,19564140.312
4,O,9077,19568784.188
4,O,9079,19573821.062
4,O,9082,19579161.500
4,O,9084,19584181.438
4,O,9086,19588149.750
4,O,9132,19683855.875
4,O,9135,19689268.500
4,O,9137,19693657.938
4,O,9140,19700068.562
4,O,9142,19705044.562
4,O,9145,19710187.438
4,O,9204,19833825.500
4,O,9207,19839434.062
4,O,9209,19843512.562
4,O,9211,19848353.000
4,O,9214,19854092.062
4,O,9216,19859011.188
4,O,9219,19864428.188
4,O,9222,19870986.125
4,O,9225,19876575.938
4,O,9227,19881097.188
4,O,9229,19885134.875
4,O,9231,19890280.375
4,O,9252,19933760.438
4,O,9255,19939181.938
4,O,9257,19944603.562
4,O,9260,19950373.000
4,O,9262,19954775.438
4,O,9265,19960090.312
4,O,9267,19965113.812
4,O,9269,19969138.812
4,O,9272,19975343.500
4,O,9275,19980656.875
4,O,9277,19985674.062
4,O,9280,19990949.750
5,O,8,678150.000
5,O,13,689392.812
5,O,23,709997.750
5,O,37,738748.938
5,O,46,756342.500
5,O,50,765712.812
5,O,52,770131.812
5,O,55,775791.250
5,O,57,780474.875
5,O,60,786234.375
5,O,62,790856.938
5,O,65,795978.812
5,O,67,800968.625
5,O,70,806304.812
5,O,72,811090.812
5,O,108,886803.438
5,O,111,892441.000
5,O,113,897310.250
5,O,116,903508.312
5,O,119,908657.625
5,O,121,913749.312
5,O,180,1036889.688
5,O,183,1042159.500
5,O,185,1046857.000
5,O,188,1053088.188
5,O,191,1058142.062
5,O,193,1063251.000
5,O,195,1068309.062
5,O,198,1074312.688
5,O,201,1079966.125
5,O,203,1084721.438
5,O,206,1089907.562
5,O,208,1094900.250
5,O,228,1136892.750
5,O,231,1142508.812
5,O,233,1147203.188
5,O,236,1153419.812
5,O,239,1158572.125
5,O,241,1163301.312
5,O,244,1169814.938
5,O,246,1174673.250
5,O,249,1179916.312
5,O,251,1185069.500
5,O,254,1190071.812
5,O,256,1195254.312
5,O,300,1286792.875
5,O,303,1291469.875
5,O,305,1296680.938
5,O,307,1301741.312
5,O,310,1307085.125
5,O,312,1311944.375
5,O,372,1436765.875
5,O,375,1442400.188
5,O,377,1447051.562
5,O,380,1453316.938
5,O,383,1458490.375
5,O,385,1463507.125
5,O,388,1469869.250
5,O,391,1474749.062
5,O,393,1479958.625
5,O,396,1485133.312
5,O,398,1490102.125
5,O,400,1495284.938
5,O,420,1536754.062
5,O,422,1540831.562
5,O,424,1545503.062
5,O,427,1550744.625
5,O,429,1555592.062
5,O,432,1562059.875
5,O,435,1567300.688
5,O,437,1571947.562
5,O,440,1578393.438
5,O,442,1582435.438
5,O,445,1587621.812
5,O,447,1592611.625
5,O,492,1686705.625
5,O,495,1692330.938
5,O,497,1697010.062
5,O,500,1703211.000
5,O,503,1708348.375
5,O,505,1713404.062
5,O,564,1836730.625
5,O,567,1841975.938
5,O,569,1846459.125
5,O,571,1851438.000
5,O,574,1856927.062
5,O,576,1861886.438
5,O,579,1867335.562
5,O,581,1872203.000
5,O,584,1878385.812
5,O,586,1882413.188
5,O,589,1887599.312
5,O,591,1892592.000
5,O,612,1936611.625
5,O,615,1942239.938
5,O,617,1946909.812
5,O,620,1953104.500
5,O,623,1958256.812
5,O,625,1963275.688
5,O,627,1967348.062
5,O,629,1972435.812
5,O,632,1978251.000
5,O,635,1983619.125
5,O,637,1988884.250
5,O,640,1994006.000
5,O,684,2086721.375
5,O,686,2091193.312
5,O,688,2095147.312
5,O,691,2100678.438
5,O,693,2105559.625
5,O,696,2111095.812
5,O,756,2236588.562
5,O,759,2242222.875
5,O,761,2246923.250
5,O,764,2253151.562
5,O,767,2258312.750
5,O,769,2263317.562
5,O,772,2268390.562
5,O,774,2273956.688
5,O,776,2278611.438
5,O,779,2283747.000
5,O,781,2288755.062
5,O,784,2293864.562
5,O,804,2336573.062
5,O,806,2341048.000
5,O,809,2346479.375
5,O,811,2350539.125
5,O,813,2355423.312
5,O,816,2361878.875
5,O,819,2367339.875
5,O,822,2373949.438
5,O,825,2379397.438
5,O,827,2383966.062
5,O,829,2389029.125
5,O,831,2393232.500
5,O,876,2486596.750
5,O,879,2492209.812
5,O,881,2496686.875
5,O,884,2503065.375
5,O,887,2508202.438
5,O,889,2513043.812
5,O,948,2636570.812
5,O,950,2641002.750
5,O,953,2646250.312
5,O,955,2650530.375
5,O,957,2655420.562
5,O,960,2661867.750
5,O,963,2667102.562
5,O,965,2671767.938
5,O,968,2677938.500
5,O,971,2683086.312
5,O,973,2688155.625
5,O,975,2692359.000
5,O,996,2736640.562
5,O,999,2742066.812
5,O,1001,2746559.125
5,O,1003,2751532.000
5,O,1006,2756692.000
5,O,1008,2761843.312
5,O,1011,2767084.125
5,O,1013,2772159.625
5,O,1015,2776233.125
5,O,1018,2781800.250
5,O,1020,2786474.188
5,O,1023,2791593.188
5,O,1068,2886538.625
5,O,1071,2892163.938
5,O,1073,2897020.625
5,O,1076,2903016.938
5,O,1079,2908368.312
5,O,1081,2913426.875
5,O,1140,3036595.062
5,O,1143,3042039.562
5,O,1145,3046727.688
5,O,1148,3052946.625
5,O,1151,3058117.188
5,O,1153,3062919.625
5,O,1156,3068231.438
5,O,1158,3073822.375
5,O,1160,3078464.875
5,O,1163,3083307.875
5,O,1165,3088657.500
5,O,1168,3093779.250
5,O,1188,3136420.812
5,O,1191,3142061.375
5,O,1193,3146933.312
5,O,1196,3153137.375
5,O,1199,3158277.438
5,O,1201,3162914.000
5,O,1203,3167383.812
5,O,1206,3173791.312
5,O,1209,3179251.562
5,O,1211,3183820.188
5,O,1213,3188895.500
5,O,1216,3194017.250
5,O,1260,3286450.562
5,O,1262,3290512.812
5,O,1265,3296164.250
5,O,1268,3302754.188
5,O,1271,3307786.812
5,O,1273,3312946.938
5,O,1332,3436422.938
5,O,1335,3442057.250
5,O,1337,3446935.188
5,O,1340,3452985.938
5,O,1342,3457225.875
5,O,1345,3462741.938
5,O,1347,3467395.562
5,O,1350,3473604.125
5,O,1353,3479220.812
5,O,1355,3483771.188
5,O,1357,3488801.875
5,O,1360,3493923.625
5,O,1380,3536381.312
5,O,1383,3541810.438
5,O,1385,3545893.062
5,O,1387,3550371.875
5,O,1390,3555663.188
5,O,1392,3561687.125
5,O,1395,3567130.000
5,O,1397,3572015.688
5,O,1400,3578020.688
5,O,1403,3583186.750
5,O,1405,3587460.500
5,O,1407,3592465.438
5,O,1452,3686409.188
5,O,1455,3692008.750
5,O,1457,3696838.562
5,O,1460,3702997.500
5,O,1463,3708294.125
5,O,1465,3713307.125
5,O,1524,3836394.875
5,O,1527,3841829.062
5,O,1529,3846498.312
5,O,1532,3852668.375
5,O,1535,3857693.125
5,O,1537,3862789.688
5,O,1539,3867730.812
5,O,1542,3873772.812
5,O,1545,3879563.562
5,O,1547,3884275.562
5,O,1550,3889429.188
5,O,1552,3894562.438
5,O,1572,3936291.000
5,O,1575,3941893.562
5,O,1577,3946726.375
5,O,1580,3952903.562
5,O,1583,3958203.188
5,O,1585,3963199.188
5,O,1588,3969368.062
5,O,1591,3974988.375
5,O,1593,3979425.438
5,O,1595,3984545.000
5,O,1598,3989704.625
5,O,1600,3994850.125
5,O,1644,4086347.875
5,O,1647,4091766.375
5,O,1650,4097212.812
5,O,1652,4102747.812
5,O,1654,4107335.938
5,O,1657,4112478.812
5,O,1716,4236270.188
5,O,1719,4241903.250
5,O,1721,4246754.312
5,O,1724,4252955.750
5,O,1727,4258072.688
5,O,1729,4262951.562
5,O,1732,4269412.125
5,O,1735,4275014.188
5,O,1737,4279402.125
5,O,1739,4284449.688
5,O,1742,4289603.312
5,O,1744,4294748.812
5,O,1764,4336303.000
5,O,1767,4340958.375
5,O,1769,4346160.062
5,O,1771,4351195.438
5,O,1773,4355267.938
5,O,1776,4361478.938
5,O,1779,4366883.812
5,O,1781,4371730.375
5,O,1784,4377910.562
5,O,1787,4383012.500
5,O,1789,4388052.438
5,O,1792,4393317.625
5,O,1836,4486225.750
5,O,1839,4491813.062
5,O,1841,4496655.125
5,O,1844,4502814.062
5,O,1847,4508131.562
5,O,1849,4512910.188
5,O,1908,4636185.312
5,O,1911,4641606.938
5,O,1913,4646066.625
5,O,1916,4651324.188
5,O,1917,4655362.938
5,O,1920,4661590.062
5,O,1923,4666800.250
5,O,1925,4671838.125
5,O,1928,4677772.250
5,O,1931,4683079.625
5,O,1933,4688090.812
5,O,1936,4693368.250
5,O,1956,4736319.812
5,O,1958,4740363.812
5,O,1961,4745970.375
5,O,1963,4750616.125
5,O,1966,4756350.812
5,O,1968,4761633.562
5,O,1971,4766876.125
5,O,1973,4771923.625
5,O,1976,4777696.062
5,O,1978,4781503.875
5,O,1980,4786322.875
5,O,1983,4791407.125
5,O,2028,4886218.000
5,O,2031,4890870.375
5,O,2033,4896081.312
5,O,2035,4901089.188
5,O,2038,4906609.312
5,O,2040,4910639.000
5,O,2100,5036193.750
5,O,2103,5041826.812
5,O,2105,5046489.188
5,O,2108,5052631.125
5,O,2111,5058017.125
5,O,2113,5062998.750
5,O,2116,5069134.438
5,O,2119,5074189.438
5,O,2121,5079374.688
5,O,2123,5084488.250
5,O,2126,5089364.562
5,O,2128,5094574.188
5,O,2148,5136105.188
5,O,2150,5140757.562
5,O,2153,5145962.250
5,O,2155,5150997.625
5,O,2158,5156523.750
5,O,2160,5161457.250
5,O,2162,5165328.062
5,O,2165,5170948.375
5,O,2167,5175595.625
5,O,2170,5181333.312
5,O,2173,5186870.312
5,O,2175,5191813.125
5,O,2220,5286131.000
5,O,2223,5291755.062
5,O,2225,5295725.438
5,O,2227,5300354.188
5,O,2230,5306282.062
5,O,2233,5311816.312
5,O,2292,5436054.562
5,O,2295,5440752.688
5,O,2297,5445960.375
5,O,2299,5451001.750
5,O,2302,5456363.438
5,O,2304,5461483.500
5,O,2306,5465323.812
5,O,2309,5470925.875
5,O,2311,5475554.875
5,O,2314,5481476.125
5,O,2317,5487007.125
5,O,2319,5491963.938
5,O,2340,5536188.125
5,O,2343,5541567.000
5,O,2345,5546209.375
5,O,2347,5550259.000
5,O,2350,5556194.625
5,O,2352,5561503.750
5,O,2355,5566719.938
5,O,2357,5571767.438
5,O,2360,5577746.688
5,O,2363,5583047.812
5,O,2365,5588286.812
5,O,2367,5592249.250
5,O,2412,5686124.062
5,O,2415,5691522.688
5,O,2417,5696565.688
5,O,2420,5702523.688
5,O,2423,5707820.312
5,O,2425,5713033.938
5,O,2484,5836147.688
5,O,2487,5841774.375
5,O,2490,5848364.125
5,O,2493,5853976.688
5,O,2495,5858543.312
5,O,2497,5863516.312
5,O,2500,5869287.875
5,O,2502,5873726.562
5,O,2505,5879127.688
5,O,2507,5884052.562
5,O,2510,5889194.250
5,O,2512,5894339.750
5,O,2532,5935956.125
5,O,2534,5940401.688
5,O,2537,5945807.312
5,O,2539,5950654.000
5,O,2542,5956368.812
5,O,2544,5961302.312
5,O,2547,5966544.750
5,O,2549,5971188.625
5,O,2551,5975239.750
5,O,2554,5981178.375
5,O,2557,5986715.375
5,O,2559,5991670.438
5,O,2604,6086074.875
5,O,2607,6091372.500
5,O,2609,6096011.875
5,O,2612,6101059.500
5,O,2614,6105975.875
5,O,2616,6111366.938
5,O,2676,6236048.250
5,O,2679,6241455.875
5,O,2681,6246507.875
5,O,2684,6252508.375
5,O,2687,6257826.250
5,O,2689,6263021.062
5,O,2692,6269175.875
5,O,2694,6273432.562
5,O,2697,6278859.938
5,O,2699,6283368.938
5,O,2702,6288713.000
5,O,2704,6293655.812
5,O,2724,6336041.125
5,O,2727,6341456.750
5,O,2729,6345892.312
5,O,2732,6352259.938
5,O,2735,6357278.688
5,O,2736,6361399.875
5,O,2739,6366640.562
5,O,2741,6371462.625
5,O,2744,6377466.375
5,O,2747,6382779.750
5,O,2749,6387997.875
5,O,2752,6393037.625
5,O,2796,6485967.688
5,O,2798,6490398.312
5,O,2801,6495825.438
5,O,2803,6500644.625
5,O,2806,6506359.312
5,O,2809,6511891.812
5,O,2868,6635914.875
5,O,2871,6641541.562
5,O,2874,6648145.000
5,O,2877,6653757.562
5,O,2878,6657161.125
5,O,2881,6662221.062
5,O,2883,6667515.875
5,O,2886,6673280.562
5,O,2889,6678870.375
5,O,2891,6683795.250
5,O,2894,6688936.625
5,O,2896,6694069.875
5,O,2916,6735926.312
5,O,2919,6741528.875
5,O,2921,6745777.812
5,O,2923,6750423.562
5,O,2926,6756162.875
5,O,2928,6761084.125
5,O,2931,6766314.312
5,O,2933,6770958.188
5,O,2936,6776010.312
5,O,2938,6781134.562
5,O,2940,6785369.688
5,O,2942,6790323.750
5,O,2988,6885820.562
5,O,2991,6891196.438
5,O,2993,6895835.812
5,O,2995,6900816.312
5,O,2998,6906135.500
5,O,3000,6911150.938
5,O,3060,7035950.438
5,O,3063,7041559.312
5,O,3065,7046410.375
5,O,3068,7052410.875
5,O,3071,7057728.750
5,O,3073,7062710.375
5,O,3076,7069066.125
5,O,3079,7074675.812
5,O,3082,7080783.500
5,O,3084,7084242.375
5,O,3086,7089368.500
5,O,3088,7094514.000
5,O,3108,7135905.188
5,O,3111,7141119.875
5,O,3113,7145762.250
5,O,3115,7150785.375
5,O,3118,7156122.812
5,O,3120,7161056.312
5,O,3123,7166461.188
5,O,3125,7170711.625
5,O,3127,7175358.875
5,O,3130,7181088.938
5,O,3132,7185719.250
5,O,3135,7191013.062
5,O,3180,7285835.062
5,O,3183,7291434.625
5,O,3185,7296264.438
5,O,3187,7300311.062
5,O,3190,7305972.625
5,O,3192,7310596.688
5,O,3252,7435787.562
5,O,3255,7441221.438
5,O,3257,7445693.375
5,O,3260,7452085.250
5,O,3263,7457097.750
5,O,3265,7462194.312
5,O,3267,7467211.812
5,O,3269,7471178.938
5,O,3272,7477399.000
5,O,3275,7482706.375
5,O,3277,7487717.562
5,O,3280,7492993.250
5,O,3300,7535713.688
5,O,3303,7541304.000
5,O,3305,7546149.062
5,O,3308,7552326.250
5,O,3310,7556321.250
5,O,3313,7562039.750
5,O,3315,7566446.438
5,O,3318,7572876.688
5,O,3321,7577924.312
5,O,3323,7583012.000
5,O,3325,7588041.438
5,O,3328,7593067.188
5,O,3372,7685670.562
5,O,3375,7691083.188
5,O,3377,7695497.125
5,O,3379,7700742.688
5,O,3382,7706061.875
5,O,3384,7710827.375
5,O,3444,7835827.250
5,O,3447,7841448.062
5,O,3449,7846110.438
5,O,3452,7852312.188
5,O,3455,7857418.625
5,O,3457,7862346.625
5,O,3460,7868768.250
5,O,3463,7874370.312
5,O,3465,7878730.875
5,O,3468,7884157.875
5,O,3470,7889037.688
5,O,3472,7894207.688
5,O,3492,7935649.438
5,O,3494,7939906.625
5,O,3496,7944326.938
5,O,3499,7949543.875
5,O,3501,7954589.875
5,O,3504,7961014.062
5,O,3507,7966230.250
5,O,3509,7971076.812
5,O,3512,7977244.750
5,O,3514,7981253.500
5,O,3517,7986603.562
5,O,3519,7991558.625
5,O,3564,8085734.750
5,O,3567,8091334.312
5,O,3569,8095963.188
5,O,3572,8102343.938
5,O,3575,8107431.000
5,O,3577,8111471.938
5,O,3636,8235712.375
5,O,3638,8239774.625
5,O,3640,8244426.375
5,O,3643,8249649.312
5,O,3645,8254701.312
5,O,3648,8260916.188
5,O,3651,8266339.562
5,O,3653,8271201.000
5,O,3656,8277336.062
5,O,3658,8281326.562
5,O,3661,8286656.625
5,O,3663,8291613.438
5,O,3684,8335670.750
5,O,3687,8341273.312
5,O,3689,8345917.438
5,O,3692,8352096.375
5,O,3695,8357207.312
5,O,3697,8362189.312
5,O,3699,8366214.812
5,O,3701,8371475.500
5,O,3704,8377253.812
5,O,3707,8382755.875
5,O,3709,8387797.562
5,O,3712,8392860.062
5,O,3756,8485695.750
5,O,3758,8490119.688
5,O,3760,8494342.750
5,O,3763,8499556.688
5,O,3765,8504599.688
5,O,3768,8509915.812
5,O,3828,8635702.938
5,O,3831,8641122.812
5,O,3833,8645736.188
5,O,3836,8652175.312
5,O,3839,8657294.000
5,O,3841,8662298.375
5,O,3843,8666317.875
5,O,3846,8672674.875
5,O,3848,8677691.750
5,O,3851,8682798.188
5,O,3853,8687809.375
5,O,3856,8692781.375
5,O,3876,8735630.688
5,O,3879,8741257.750
5,O,3881,8746090.562
5,O,3883,8750341.125
5,O,3886,8755867.250
5,O,3888,8760800.750
5,O,3891,8766205.625
5,O,3893,8770863.500
5,O,3896,8777033.188
5,O,3899,8782145.625
5,O,3901,8787173.312
5,O,3903,8791333.062
5,O,3948,8885533.688
5,O,3951,8891133.250
5,O,3953,8895774.375
5,O,3956,8901935.062
5,O,3959,8906914.062
5,O,3961,8912053.938
5,O,4020,9035528.375
5,O,4023,9040202.000
5,O,4025,9045409.688
5,O,4027,9049465.312
5,O,4029,9054505.062
5,O,4032,9060732.188
5,O,4035,9066131.062
5,O,4037,9070770.688
5,O,4040,9077115.312
5,O,4043,9082223.500
5,O,4045,9087232.938
5,O,4047,9091413.562
5,O,4068,9135465.250
5,O,4071,9141067.812
5,O,4073,9145505.125
5,O,4076,9151897.250
5,O,4079,9157008.188
5,O,4081,9162014.688
5,O,4083,9167038.188
5,O,4086,9173028.062
5,O,4088,9177273.750
5,O,4091,9182386.188
5,O,4093,9187604.312
5,O,4096,9192679.062
5,O,4140,9285544.438
5,O,4143,9291144.000
5,O,4145,9296174.750
5,O,4148,9302132.750
5,O,4150,9306325.688
5,O,4153,9311468.562
5,O,4212,9435539.250
5,O,4215,9440884.500
5,O,4217,9445532.875
5,O,4220,9451736.062
5,O,4222,9456733.312
5,O,4225,9461806.500
5,O,4227,9467051.312
5,O,4230,9472810.125
5,O,4232,9477049.812
5,O,4235,9482344.938
5,O,4237,9487557.062
5,O,4240,9492631.812
5,O,4260,9535526.188
5,O,4263,9541128.750
5,O,4265,9545973.812
5,O,4268,9552138.750
5,O,4271,9557249.688
5,O,4273,9561838.250
5,O,4275,9566484.375
5,O,4278,9572664.688
5,O,4281,9578285.000
5,O,4283,9582800.000
5,O,4286,9588057.875
5,O,4288,9593105.125
5,O,4332,9685476.938
5,O,4334,9689517.938
5,O,4337,9694897.812
5,O,4339,9699538.812
5,O,4341,9704581.812
5,O,4344,9709697.000
5,O,4404,9835477.375
5,O,4407,9841085.938
5,O,4409,9845949.250
5,O,4412,9851937.500
5,O,4415,9857280.188
5,O,4417,9862462.750
5,O,4420,9868629.812
5,O,4423,9874233.625
5,O,4425,9878606.438
5,O,4427,9883681.375
5,O,4430,9888835.000
5,O,4432,9893980.500
5,O,4452,9935359.875
5,O,4455,9940775.500
5,O,4457,9944275.312
5,O,4459,9949455.250
5,O,4461,9954501.250
5,O,4464,9960712.250
5,O,4467,9965928.438
5,O,4469,9970963.688
5,O,4472,9976942.938
5,O,4475,9982256.312
5,O,4477,9986199.000
5,O,4479,9991445.500
5,O,4524,10085459.062
5,O,4527,10091046.375
5,O,4529,10095888.438
5,O,4532,10102047.375
5,O,4535,10107167.562
5,O,4537,10112180.250
5,O,4596,10235312.500
5,O,4599,10240709.625
5,O,4601,10244982.688
5,O,4604,10251561.500
5,O,4606,10256583.250
5,O,4609,10261682.812
5,O,4611,10266688.062
5,O,4614,10272678.188
5,O,4617,10278468.938
5,O,4619,10283192.875
5,O,4621,10287218.312
5,O,4624,10292481.750
5,O,4644,10335343.938
5,O,4647,10340946.500
5,O,4649,10345779.312
5,O,4652,10351956.500
5,O,4655,10357067.438
5,O,4657,10362051.188
5,O,4660,10368420.688
5,O,4662,10372681.625
5,O,4665,10377554.562
5,O,4667,10382642.250
5,O,4669,10387671.688
5,O,4672,10392746.438
5,O,4716,10485268.562
5,O,4719,10490668.938
5,O,4721,10495329.188
5,O,4723,10499354.938
5,O,4725,10504397.938
5,O,4728,10509701.812
5,O,4788,10635294.938
5,O,4791,10640903.500
5,O,4793,10645754.562
5,O,4796,10651956.000
5,O,4799,10657072.938
5,O,4801,10662054.562
5,O,4804,10668400.125
5,O,4807,10674002.188
5,O,4809,10678433.250
5,O,4811,10683546.812
5,O,4814,10688688.188
5,O,4816,10693833.688
5,O,4836,10735212.625
5,O,4838,10739816.000
5,O,4841,10745045.188
5,O,4843,10750080.562
5,O,4845,10754329.500
5,O,4848,10760589.500
5,O,4851,10765830.188
5,O,4853,10770676.750
5,O,4856,10776844.688
5,O,4859,10781882.500
5,O,4861,10786986.562
5,O,4864,10792264.000
5,O,4908,10885334.688
5,O,4911,10890934.250
5,O,4913,10895575.375
5,O,4916,10901943.875
5,O,4919,10907030.938
5,O,4921,10912043.625
5,O,4980,11035291.938
5,O,4983,11040524.875
5,O,4985,11045173.250
5,O,4987,11050214.625
5,O,4989,11054293.125
5,O,4992,11060508.000
5,O,4995,11065906.875
5,O,4997,11070735.188
5,O,5000,11076891.125
5,O,5003,11081985.312
5,O,5005,11086932.375
5,O,5008,11092286.188
5,O,5028,11135237.750
5,O,5030,11139281.750
5,O,5033,11144787.312
5,O,5035,11149468.062
5,O,5038,11155401.938
5,O,5041,11161296.875
5,O,5043,11165929.000
5,O,5045,11170976.500
5,O,5048,11176748.938
5,O,5050,11180556.750
5,O,5052,11185375.750
5,O,5055,11190472.250
5,O,5100,11285245.062
5,O,5103,11290456.750
5,O,5105,11294877.062
5,O,5107,11300098.125
5,O,5110,11305429.562
5,O,5112,11309447.000
5,O,5172,11435244.312
5,O,5174,11439294.312
5,O,5177,11444919.125
5,O,5179,11449570.875
5,O,5182,11455208.938
5,O,5184,11460327.250
5,O,5187,11464791.188
5,O,5189,11469976.125
5,O,5191,11475007.000
5,O,5193,11479239.188
5,O,5196,11484339.125
5,O,5198,11489506.375
5,O,5220,11535129.312
5,O,5223,11539796.938
5,O,5225,11544998.625
5,O,5227,11550021.750
5,O,5230,11555547.875
5,O,5232,11560481.375
5,O,5234,11564327.688
5,O,5237,11569948.000
5,O,5239,11574583.000
5,O,5242,11580332.938
5,O,5245,11585869.938
5,O,5247,11590812.750
5,O,5292,11685176.625
5,O,5295,11690763.938
5,O,5297,11694810.688
5,O,5299,11699451.688
5,O,5302,11705137.750
5,O,5304,11709482.625
5,O,5364,11835047.750
5,O,5367,11839721.375
5,O,5369,11844916.812
5,O,5371,11849958.188
5,O,5374,11855319.875
5,O,5376,11860439.938
5,O,5378,11864304.750
5,O,5381,11869906.812
5,O,5383,11874535.812
5,O,5386,11880167.000
5,O,5388,11884789.562
5,O,5391,11889875.562
5,O,5412,11935109.188
5,O,5415,11940729.875
5,O,5418,11947307.312
5,O,5420,11951545.625
5,O,5422,11956337.688
5,O,5425,11961463.875
5,O,5427,11966676.062
5,O,5430,11972477.250
5,O,5433,11978073.062
5,O,5435,11983003.938
5,O,5438,11988163.562
5,O,5440,11992323.312
5,O,5484,12085087.562
5,O,5487,12090492.062
5,O,5489,12095522.812
5,O,5492,12101493.062
5,O,5495,12106801.938
5,O,5497,12112027.812
5,O,5556,12235117.062
5,O,5559,12240725.625
5,O,5561,12245168.938
5,O,5563,12249187.812
5,O,5566,12255196.688
5,O,5569,12260503.938
5,O,5571,12265689.375
5,O,5573,12270730.875
5,O,5576,12276491.312
5,O,5578,12281077.938
5,O,5581,12286219.312
5,O,5583,12290178.125
5,O,5604,12335056.938
5,O,5607,12340659.500
5,O,5609,12345480.062
5,O,5612,12351669.500
5,O,5615,12356780.438
5,O,5617,12361965.125
5,O,5620,12368069.562
5,O,5623,12373754.000
5,O,5625,12378031.188
5,O,5627,12383259.438
5,O,5630,12388443.562
5,O,5632,12393589.062
5,O,5676,12484951.250
5,O,5679,12490550.812
5,O,5681,12494888.250
5,O,5684,12501352.625
5,O,5686,12505355.125
5,O,5688,12510382.812
5,O,5748,12634953.688
5,O,5750,12639405.250
5,O,5753,12644816.875
5,O,5755,12649669.562
5,O,5758,12655219.938
5,O,5760,12660151.312
5,O,5763,12665550.188
5,O,5765,12670189.812
5,O,5767,12674222.688
5,O,5770,12680137.062
5,O,5773,12685668.062
5,O,5775,12690610.875
5,O,5796,12734934.875
5,O,5799,12740338.250
5,O,5801,12744992.875
5,O,5804,12750043.500
5,O,5806,12755353.438
5,O,5808,12760287.250
5,O,5811,12765491.188
5,O,5813,12770538.688
5,O,5816,12776517.938
5,O,5819,12781831.312
5,O,5821,12786848.500
5,O,5824,12792124.188
5,O,5868,12884970.375
5,O,5870,12889413.250
5,O,5873,12894803.625
5,O,5875,12899647.312
5,O,5878,12905155.188
5,O,5880,12909781.000
5,O,5940,13034882.188
5,O,5943,13040496.625
5,O,5946,13047100.062
5,O,5949,13052712.625
5,O,5951,13057265.562
5,O,5953,13062238.562
5,O,5956,13067985.625
5,O,5958,13072436.562
5,O,5961,13077837.688
5,O,5963,13082750.312
5,O,5966,13087903.938
5,O,5968,13093037.188
5,O,5988,13134845.312
5,O,5991,13140447.875
5,O,5993,13144684.562
5,O,5995,13149253.938
5,O,5998,13155264.188
5,O,6001,13161364.188
5,O,6004,13167922.375
5,O,6007,13173542.688
5,O,6009,13177985.625
5,O,6011,13183117.438
5,O,6013,13187349.812
5,O,6016,13192424.562
5,O,6060,13284899.062
5,O,6063,13290323.938
5,O,6065,13294756.500
5,O,6068,13301118.125
5,O,6070,13306094.125
5,O,6073,13311237.000
5,O,6132,13434904.750
5,O,6135,13440525.562
5,O,6137,13444579.562
5,O,6139,13449432.250
5,O,6142,13455183.562
5,O,6144,13460102.688
5,O,6147,13465290.125
5,O,6149,13469915.750
5,O,6152,13476048.938
5,O,6155,13481368.562
5,O,6157,13485301.812
5,O,6159,13490349.062
5,O,6180,13534828.812
5,O,6183,13540258.938
5,O,6186,13545708.062
5,O,6188,13551450.000
5,O,6190,13555852.438
5,O,6193,13561167.312
5,O,6195,13566190.812
5,O,6197,13570240.312
5,O,6200,13576420.500
5,O,6203,13581532.938
5,O,6205,13586562.375
5,O,6208,13591839.812
5,O,6252,13684786.625
5,O,6255,13690386.188
5,O,6257,13695216.000
5,O,6259,13699262.625
5,O,6262,13705178.250
5,O,6265,13710710.750
5,O,6324,13834790.688
5,O,6327,13840212.312
5,O,6329,13844666.125
5,O,6332,13851058.000
5,O,6335,13856070.500
5,O,6337,13861154.812
5,O,6339,13866196.812
5,O,6341,13870240.312
5,O,6344,13876396.250
5,O,6347,13881478.188
5,O,6349,13886714.812
5,O,6352,13891978.250
5,O,6372,13934766.750
5,O,6375,13940357.062
5,O,6377,13945013.438
5,O,6380,13951379.312
5,O,6382,13955374.312
5,O,6385,13961098.688
5,O,6388,13967679.625
5,O,6391,13972740.625
5,O,6393,13977755.125
5,O,6395,13982862.438
5,O,6398,13988009.812
5,O,6400,13993155.312
5,O,6444,14084644.062
5,O,6447,14090044.438
5,O,6449,14094446.125
5,O,6451,14099716.188
5,O,6454,14105035.375
5,O,6456,14109800.875
5,O,6516,14234776.250
5,O,6519,14240397.062
5,O,6521,14245047.188
5,O,6524,14251236.375
5,O,6526,14255185.500
5,O,6529,14260889.625
5,O,6531,14265503.500
5,O,6533,14270545.000
5,O,6536,14276280.938
5,O,6538,14280867.562
5,O,6541,14286008.938
5,O,6543,14291166.688
5,O,6564,14334625.062
5,O,6566,14338882.250
5,O,6568,14343302.562
5,O,6571,14348519.500
5,O,6573,14353565.500
5,O,6576,14359989.688
5,O,6579,14365406.812
5,O,6581,14370052.438
5,O,6584,14376220.375
5,O,6586,14380229.125
5,O,6589,14385579.188
5,O,6591,14390534.250
5,O,6636,14484710.375
5,O,6639,14490309.938
5,O,6641,14494938.812
5,O,6644,14501319.562
5,O,6647,14506406.625
5,O,6649,14510447.562
5,O,6708,14634688.000
5,O,6710,14638750.250
5,O,6712,14643402.000
5,O,6715,14648624.938
5,O,6717,14653676.938
5,O,6720,14659891.812
5,O,6723,14665302.938
5,O,6725,14670131.250
5,O,6728,14676287.188
5,O,6730,14680277.688
5,O,6733,14685607.750
5,O,6735,14690564.562
5,O,6756,14734621.875
5,O,6759,14740224.438
5,O,6761,14744868.562
5,O,6764,14751047.500
5,O,6767,14756158.438
5,O,6769,14761152.688
5,O,6771,14765165.938
5,O,6773,14770451.125
5,O,6776,14776229.438
5,O,6779,14781731.500
5,O,6781,14786760.938
5,O,6784,14791835.688
5,O,6828,14884533.312
5,O,6830,14889182.688
5,O,6832,14893229.312
5,O,6835,14898631.938
5,O,6837,14903461.750
5,O,6840,14908966.562
5,O,6900,15034545.812
5,O,6903,15040166.625
5,O,6905,15044816.750
5,O,6908,15051227.750
5,O,6911,15056344.688
5,O,6913,15061317.688
5,O,6915,15065349.438
5,O,6917,15070354.188
5,O,6920,15076102.375
5,O,6922,15080701.250
5,O,6925,15085830.375
5,O,6927,15090988.125
5,O,6948,15134549.562
5,O,6950,15138995.125
5,O,6953,15144425.250
5,O,6955,15148487.125
5,O,6957,15153319.938
5,O,6960,15159938.688
5,O,6963,15165154.875
5,O,6965,15169812.750
5,O,6968,15175982.438
5,O,6971,15181094.875
5,O,6973,15186122.562
5,O,6976,15191295.875
5,O,7020,15284575.188
5,O,7023,15290162.500
5,O,7025,15294538.562
5,O,7028,15300964.312
5,O,7031,15306072.250
5,O,7033,15311095.438
5,O,7092,15434508.625
5,O,7095,15439182.250
5,O,7097,15444389.938
5,O,7099,15448445.562
5,O,7101,15453497.562
5,O,7104,15459712.438
5,O,7107,15465123.562
5,O,7109,15469750.938
5,O,7112,15476095.562
5,O,7115,15481203.750
5,O,7117,15486225.438
5,O,7119,15490081.500
5,O,7140,15534593.500
5,O,7143,15540009.125
5,O,7145,15544660.125
5,O,7148,15550818.188
5,O,7151,15555824.688
5,O,7153,15560935.625
5,O,7155,15566147.812
5,O,7158,15571936.750
5,O,7160,15576377.500
5,O,7163,15581489.938
5,O,7165,15586519.375
5,O,7168,15591782.812
5,O,7212,15684441.375
5,O,7214,15688871.688
5,O,7217,15694274.312
5,O,7219,15699105.750
5,O,7221,15703351.688
5,O,7224,15708844.250
5,O,7284,15834462.438
5,O,7287,15840071.000
5,O,7289,15844532.438
5,O,7292,15850924.312
5,O,7295,15856041.250
5,O,7297,15861021.125
5,O,7299,15866050.875
5,O,7302,15871809.688
5,O,7304,15876049.375
5,O,7307,15881545.438
5,O,7309,15886556.625
5,O,7312,15891631.375
5,O,7332,15934377.938
5,O,7335,15939980.500
5,O,7337,15944747.312
5,O,7340,15950990.500
5,O,7343,15956302.375
5,O,7345,15960890.938
5,O,7347,15965336.125
5,O,7350,15971717.375
5,O,7353,15977343.562
5,O,7356,15983456.562
5,O,7358,15988816.625
5,O,7361,15993888.625
5,O,7404,16084377.938
5,O,7406,16088431.188
5,O,7409,16094024.250
5,O,7411,16098439.812
5,O,7414,16104381.688
5,O,7416,16109785.000
5,O,7476,16234329.750
5,O,7479,16239956.438
5,O,7481,16244807.500
5,O,7484,16250808.000
5,O,7487,16256150.375
5,O,7489,16260736.812
5,O,7491,16265364.688
5,O,7494,16271533.000
5,O,7497,16277122.812
5,O,7499,16281644.062
5,O,7501,16286856.188
5,O,7504,16291930.938
5,O,7524,16334418.438
5,O,7527,16339839.938
5,O,7529,16344275.812
5,O,7531,16349311.188
5,O,7534,16354648.625
5,O,7536,16359582.125
5,O,7539,16364987.000
5,O,7541,16369809.062
5,O,7544,16376013.750
5,O,7547,16381126.188
5,O,7549,16385358.562
5,O,7551,16390278.625
5,O,7596,16484316.688
5,O,7599,16489916.250
5,O,7601,16494709.312
5,O,7604,16500917.250
5,O,7607,16506213.875
5,O,7609,16511226.562
5,O,7668,16634322.062
5,O,7671,16639755.938
5,O,7673,16643760.938
5,O,7675,16648410.938
5,O,7677,16653462.938
5,O,7680,16659489.125
5,O,7683,16664888.000
5,O,7685,16669917.250
5,O,7688,16675872.250
5,O,7691,16681167.375
5,O,7693,16685205.062
5,O,7695,16690350.562
5,O,7716,16734341.938
5,O,7719,16739944.500
5,O,7721,16744512.250
5,O,7724,16750954.500
5,O,7727,16756053.188
5,O,7729,16761049.188
5,O,7732,16767418.688
5,O,7734,16771667.375
5,O,7737,16777094.375
5,O,7739,16782413.125
5,O,7742,16787560.500
5,O,7744,16792706.000
5,O,7788,16884325.750
5,O,7791,16889752.875
5,O,7794,16895199.000
5,O,7795,16899218.125
5,O,7798,16904537.312
5,O,7800,16909552.750
5,O,7860,17034217.312
5,O,7863,17039825.875
5,O,7865,17044676.938
5,O,7868,17050866.125
5,O,7871,17055894.312
5,O,7873,17061190.125
5,O,7876,17067322.188
5,O,7878,17071765.812
5,O,7881,17076395.062
5,O,7883,17081386.250
5,O,7885,17086676.625
5,O,7888,17091751.375
5,O,7908,17134203.000
5,O,7910,17138794.125
5,O,7913,17144011.062
5,O,7915,17149034.188
5,O,7917,17153283.125
5,O,7920,17159518.625
5,O,7923,17164734.812
5,O,7925,17169581.375
5,O,7928,17175773.812
5,O,7931,17181087.188
5,O,7933,17185876.062
5,O,7936,17191193.125
5,O,7980,17284237.188
5,O,7983,17289836.750
5,O,7985,17294687.438
5,O,7988,17300825.500
5,O,7991,17305935.188
5,O,7993,17310958.375
5,O,8052,17434209.000
5,O,8054,17438764.625
5,O,8057,17443987.562
5,O,8059,17449028.938
5,O,8061,17453095.188
5,O,8064,17459412.812
5,O,8067,17464811.688
5,O,8069,17469652.250
5,O,8072,17475795.938
5,O,8075,17481091.062
5,O,8077,17486102.250
5,O,8080,17491377.938
5,O,8100,17534142.562
5,O,8102,17538387.500
5,O,8105,17543994.062
5,O,8107,17548362.500
5,O,8110,17554374.500
5,O,8113,17560483.125
5,O,8116,17565922.000
5,O,8118,17571488.875
5,O,8120,17576136.125
5,O,8122,17580312.688
5,O,8125,17585460.062
5,O,8127,17590340.500
5,O,8172,17684074.938
5,O,8174,17688621.562
5,O,8177,17693823.250
5,O,8179,17699065.188
5,O,8182,17704363.500
5,O,8184,17708393.188
5,O,8244,17834150.250
5,O,8246,17838422.062
5,O,8249,17844026.000
5,O,8251,17848452.312
5,O,8254,17854434.938
5,O,8257,17860315.500
5,O,8259,17864929.375
5,O,8261,17869906.750
5,O,8264,17875654.938
5,O,8266,17879456.750
5,O,8268,17884269.750
5,O,8271,17889354.000
5,O,8292,17934085.188
5,O,8295,17938752.812
5,O,8297,17943954.500
5,O,8299,17948977.625
5,O,8302,17954503.750
5,O,8304,17959437.250
5,O,8307,17964678.250
5,O,8309,17969323.875
5,O,8312,17975692.750
5,O,8315,17980819.188
5,O,8317,17985834.625
5,O,8320,17991132.938
5,O,8364,18084112.125
5,O,8367,18089711.688
5,O,8369,18093709.438
5,O,8371,18098350.438
5,O,8374,18104266.062
5,O,8377,18109800.312
5,O,8436,18234137.688
5,O,8438,18238543.250
5,O,8441,18243766.188
5,O,8443,18248819.812
5,O,8446,18254370.188
5,O,8448,18259289.312
5,O,8450,18263154.125
5,O,8453,18268756.188
5,O,8455,18273385.188
5,O,8458,18279297.812
5,O,8461,18284842.812
5,O,8463,18289785.625
5,O,8484,18334062.188
5,O,8487,18339652.500
5,O,8489,18344107.938
5,O,8491,18348358.500
5,O,8494,18354093.188
5,O,8497,18360205.438
5,O,8499,18365604.562
5,O,8502,18371387.625
5,O,8504,18375833.938
5,O,8507,18380843.625
5,O,8509,18386176.750
5,O,8512,18391251.812
5,O,8556,18483961.000
5,O,8558,18488610.375
5,O,8561,18493824.312
5,O,8563,18498856.688
5,O,8566,18504376.812
5,O,8568,18508990.375
5,O,8628,18634091.562
5,O,8631,18639700.125
5,O,8633,18644143.438
5,O,8635,18648162.312
5,O,8638,18654171.188
5,O,8640,18659429.188
5,O,8643,18664639.375
5,O,8645,18669629.000
5,O,8648,18675623.625
5,O,8651,18681156.438
5,O,8653,18686179.875
5,O,8655,18690339.625
5,O,8676,18734063.125
5,O,8679,18739665.688
5,O,8681,18744510.750
5,O,8684,18750687.938
5,O,8687,18755798.875
5,O,8689,18760995.812
5,O,8692,18767152.125
5,O,8695,18772772.438
5,O,8697,18776821.938
5,O,8699,18781349.188
5,O,8702,18786607.062
5,O,8704,18791654.312
5,O,8748,18884001.625
5,O,8751,18889323.750
5,O,8753,18893963.125
5,O,8756,18899010.750
5,O,8758,18903927.125
5,O,8760,18909318.188
5,O,8820,19033903.000
5,O,8822,19038284.062
5,O,8825,19043784.312
5,O,8827,19048637.000
5,O,8830,19054187.375
5,O,8832,19059307.438
5,O,8835,19064505.375
5,O,8837,19069145.000
5,O,8839,19073128.875
5,O,8842,19079092.250
5,O,8845,19084623.250
5,O,8847,19089553.812
5,O,8868,19133985.250
5,O,8871,19139388.625
5,O,8873,19143793.312
5,O,8876,19150209.938
5,O,8878,19155188.938
5,O,8880,19159325.375
5,O,8883,19164541.562
5,O,8885,19169576.812
5,O,8888,19175568.312
5,O,8891,19180869.438
5,O,8893,19185898.875
5,O,8896,19191174.562
5,O,8940,19283839.000
5,O,8942,19288269.625
5,O,8945,19293672.250
5,O,8947,19298515.938
5,O,8950,19304224.750
5,O,8952,19308838.312
5,O,9012,19433934.875
5,O,9015,19439344.250
5,O,9017,19444004.875
5,O,9020,19450195.812
5,O,9023,19455220.562
5,O,9025,19459352.125
5,O,9027,19464537.562
5,O,9029,19469566.812
5,O,9032,19475509.562
5,O,9035,19480816.938
5,O,9037,19486049.938
5,O,9040,19491103.812
5,O,9060,19533850.375
5,O,9063,19539477.438
5,O,9065,19543726.375
5,O,9067,19548359.875
5,O,9070,19554086.938
5,O,9072,19559209.125
5,O,9075,19564162.000
5,O,9077,19568805.875
5,O,9079,19573842.750
5,O,9082,19579183.188
5,O,9084,19584203.125
5,O,9086,19588171.438
5,O,9132,19683877.562
5,O,9135,19689277.938
5,O,9137,19693679.625
5,O,9140,19700078.000
5,O,9142,19705054.000
5,O,9145,19710209.125
5,O,9204,19833847.188
5,O,9207,19839455.750
5,O,9209,19843534.250
5,O,9211,19848362.438
5,O,9214,19854113.750
5,O,9216,19859032.875
5,O,9219,19864449.875
5,O,9222,19871007.812
5,O,9225,19876597.625
5,O,9227,19881118.875
5,O,9229,19885144.312
5,O,9231,19890302.062
5,O,9252,19933782.125
5,O,9255,19939203.625
5,O,9257,19944625.250
5,O,9260,19950394.688
5,O,9262,19954797.125
5,O,9265,19960112.000
5,O,9267,19965135.500
5,O,9269,19969160.500
5,O,9272,19975365.188
5,O,9275,19980666.312
5,O,9277,19985695.750
5,O,9280,19990971.438
6,O,8,678159.688
6,O,14,689430.000
6,O,23,710019.688
6,O,37,738770.875
6,O,46,756364.438
6,O,50,765734.750
6,O,52,770153.750
6,O,55,775813.188
6,O,57,780484.562
6,O,60,786256.312
6,O,62,790866.625
6,O,65,796000.750
6,O,67,800990.562
6,O,70,806314.500
6,O,72,811100.500
6,O,108,886825.375
6,O,111,892462.938
6,O,113,897332.188
6,O,116,903530.250
6,O,119,908679.562
6,O,121,913431.562
6,O,180,1036911.625
6,O,183,1042181.438
6,O,185,1046878.938
6,O,188,1053110.125
6,O,191,1058151.750
6,O,193,1063272.938
6,O,195,1068331.000
6,O,198,1074334.625
6,O,201,1079975.812
6,O,203,1084743.375
6,O,206,1089929.500
6,O,208,1094909.938
6,O,228,1136902.438
6,O,231,1142530.750
6,O,233,1147225.125
6,O,236,1153441.750
6,O,239,1158594.062
6,O,241,1163323.250
6,O,244,1169836.875
6,O,246,1174682.938
6,O,249,1179938.250
6,O,251,1185091.438
6,O,254,1190093.750
6,O,256,1195276.250
6,O,300,1286814.812
6,O,303,1291491.812
6,O,305,1296702.875
6,O,307,1301763.250
6,O,310,1307107.062
6,O,312,1311954.062
6,O,372,1436775.562
6,O,375,1442422.125
6,O,377,1447073.500
6,O,380,1453338.875
6,O,383,1458500.062
6,O,385,1463529.062
6,O,388,1469891.188
6,O,391,1474771.000
6,O,393,1479980.562
6,O,396,1485155.250
6,O,398,1490124.062
6,O,400,1495306.875
6,O,420,1536776.000
6,O,422,1540853.500
6,O,425,1545549.750
6,O,427,1550766.562
6,O,429,1555614.000
6,O,432,1562081.812
6,O,435,1567322.625
6,O,437,1571969.500
6,O,440,1578415.375
6,O,442,1582105.438
6,O,445,1587631.500
6,O,447,1592633.562
6,O,492,1686727.562
6,O,495,1692352.875
6,O,497,1697019.750
6,O,500,1703220.688
6,O,503,1708358.062
6,O,505,1713413.750
6,O,564,1836752.562
6,O,567,1841997.875
6,O,569,1846481.062
6,O,571,1851447.688
6,O,574,1856949.000
6,O,576,1861908.375
6,O,579,1867345.250
6,O,581,1872212.688
6,O,584,1878395.500
6,O,586,1882422.875
6,O,589,1887621.250
6,O,591,1892613.938
6,O,612,1936633.562
6,O,615,1942261.875
6,O,617,1946919.500
6,O,620,1953126.438
6,O,623,1958278.750
6,O,625,1963297.625
6,O,627,1967370.000
6,O,629,1972457.750
6,O,632,1978272.938
6,O,635,1983641.062
6,O,637,1988906.188
6,O,640,1994027.938
6,O,684,2086743.312
6,O,686,2091215.250
6,O,688,2095157.000
6,O,691,2100688.125
6,O,693,2105569.312
6,O,696,2111117.750
6,O,756,2236598.250
6,O,759,2242244.812
6,O,761,2246945.188
6,O,764,2253173.500
6,O,767,2258322.438
6,O,769,2263339.500
6,O,772,2268400.250
6,O,774,2273978.625
6,O,776,2278633.375
6,O,779,2283756.688
6,O,781,2288777.000
6,O,784,2293886.500
6,O,804,2336595.000
6,O,806,2341057.688
6,O,809,2346501.312
6,O,811,2350561.062
6,O,813,2355445.250
6,O,816,2361900.812
6,O,819,2367361.812
6,O,822,2373971.375
6,O,825,2379419.375
6,O,827,2383975.750
6,O,829,2389051.062
6,O,831,2393254.438
6,O,876,2486606.438
6,O,879,2492231.750
6,O,881,2496696.562
6,O,884,2503087.312
6,O,887,2508224.375
6,O,889,2513053.500
6,O,948,2636580.500
6,O,950,2641024.688
6,O,953,2646272.250
6,O,955,2650552.312
6,O,957,2655442.500
6,O,960,2661889.688
6,O,963,2667124.500
6,O,965,2671789.875
6,O,968,2677960.438
6,O,971,2683096.000
6,O,973,2688177.562
6,O,975,2692380.938
6,O,996,2736662.500
6,O,999,2742088.750
6,O,1001,2746581.062
6,O,1003,2751553.938
6,O,1006,2756713.938
6,O,1008,2761865.250
6,O,1011,2767106.062
6,O,1013,2772181.562
6,O,1015,2776255.062
6,O,1018,2781822.188
6,O,1020,2786483.875
6,O,1023,2791615.125
6,O,1068,2886560.562
6,O,1071,2892173.625
6,O,1073,2897042.562
6,O,1076,2903026.625
6,O,1079,2908390.250
6,O,1081,2913448.812
6,O,1140,3036617.000
6,O,1143,3042061.500
6,O,1145,3046737.375
6,O,1148,3052968.562
6,O,1151,3058139.125
6,O,1153,3062941.562
6,O,1156,3068253.375
6,O,1158,3073832.062
6,O,1160,3078486.812
6,O,1163,3083317.562
6,O,1165,3088679.438
6,O,1168,3093788.938
6,O,1188,3136442.750
6,O,1191,3142071.062
6,O,1193,3146955.250
6,O,1196,3153159.312
6,O,1199,3158299.375
6,O,1201,3162935.938
6,O,1203,3167405.750
6,O,1206,3173813.250
6,O,1209,3179273.500
6,O,1211,3183842.125
6,O,1213,3188917.438
6,O,1216,3194026.938
6,O,1260,3286472.500
6,O,1262,3290534.750
6,O,1265,3296186.188
6,O,1268,3302776.125
6,O,1271,3307808.750
6,O,1273,3312968.875
6,O,1332,3436444.875
6,O,1335,3442079.188
6,O,1337,3446957.125
6,O,1340,3453007.875
6,O,1342,3457235.562
6,O,1345,3462763.875
6,O,1347,3467417.500
6,O,1350,3473613.812
6,O,1353,3479242.750
6,O,1355,3483793.125
6,O,1357,3488823.812
6,O,1360,3493945.562
6,O,1380,3536403.250
6,O,1383,3541832.375
6,O,1385,3545915.000
6,O,1387,3550393.812
6,O,1390,3555685.125
6,O,1392,3561709.062
6,O,1395,3567139.688
6,O,1397,3572037.625
6,O,1400,3578042.625
6,O,1403,3583208.688
6,O,1405,3587482.438
6,O,1407,3592475.125
6,O,1452,3686431.125
6,O,1455,3692018.438
6,O,1457,3696848.250
6,O,1460,3703019.438
6,O,1463,3708316.062
6,O,1465,3713329.062
6,O,1524,3836416.812
6,O,1527,3841838.750
6,O,1529,3846169.438
6,O,1532,3852690.312
6,O,1535,3857702.812
6,O,1537,3862811.625
6,O,1539,3867740.500
6,O,1542,3873782.500
6,O,1545,3879573.250
6,O,1547,3884297.500
6,O,1550,3889438.875
6,O,1552,3894584.375
6,O,1572,3936312.938
6,O,1575,3941915.500
6,O,1577,3946748.312
6,O,1580,3952925.500
6,O,1583,3958225.125
6,O,1585,3963221.125
6,O,1588,3969390.000
6,O,1591,3975016.188
6,O,1593,3980439.312
6,O,1596,3985563.500
6,O,1598,3990718.500
6,O,1601,3995802.750
6,O,1644,4086369.812
6,O,1647,4091776.062
6,O,1650,4097222.500
6,O,1652,4102757.500
6,O,1654,4107357.875
6,O,1657,4112488.500
6,O,1716,4236292.125
6,O,1719,4241925.188
6,O,1721,4246776.250
6,O,1724,4252965.438
6,O,1727,4258094.625
6,O,1729,4262973.500
6,O,1732,4269421.812
6,O,1735,4275023.875
6,O,1737,4279424.062
6,O,1739,4284471.625
6,O,1742,4289625.250
6,O,1744,4294758.500
6,O,1764,4336312.688
6,O,1767,4340980.312
6,O,1769,4346182.000
6,O,1771,4351217.375
6,O,1773,4355277.625
6,O,1776,4361488.625
6,O,1779,4366905.750
6,O,1781,4371752.312
6,O,1784,4377920.250
6,O,1787,4383034.438
6,O,1789,4388062.125
6,O,1792,4393339.562
6,O,1836,4486235.438
6,O,1839,4491835.000
6,O,1841,4496677.062
6,O,1844,4502836.000
6,O,1847,4507804.438
6,O,1849,4512932.125
6,O,1908,4636207.250
6,O,1911,4641628.875
6,O,1913,4646088.562
6,O,1916,4651346.125
6,O,1917,4655384.875
6,O,1920,4661612.000
6,O,1923,4666809.938
6,O,1925,4671521.500
6,O,1928,4677794.188
6,O,1931,4683089.312
6,O,1933,4688112.750
6,O,1936,4693390.188
6,O,1956,4736341.750
6,O,1958,4740385.750
6,O,1961,4745992.312
6,O,1963,4750638.062
6,O,1966,4756372.750
6,O,1968,4761655.500
6,O,1971,4766898.062
6,O,1973,4771945.562
6,O,1976,4777718.000
6,O,1978,4781525.812
6,O,1980,4786344.812
6,O,1983,4791429.062
6,O,2028,4886227.688
6,O,2031,4890892.312
6,O,2033,4896091.000
6,O,2035,4901111.125
6,O,2038,4906631.250
6,O,2040,4910648.688
6,O,2100,5036215.688
6,O,2103,5041848.750
6,O,2105,5046511.125
6,O,2108,5052653.062
6,O,2111,5057690.000
6,O,2113,5062682.125
6,O,2116,5069156.375
6,O,2119,5074199.125
6,O,2121,5079384.375
6,O,2123,5084497.938
6,O,2126,5089374.250
6,O,2128,5094596.125
6,O,2148,5136127.125
6,O,2151,5140794.750
6,O,2153,5145984.188
6,O,2155,5151019.562
6,O,2158,5156545.688
6,O,2160,5161479.188
6,O,2162,5165350.000
6,O,2165,5170958.062
6,O,2167,5175605.312
6,O,2170,5181355.250
6,O,2173,5186892.250
6,O,2175,5191835.062
6,O,2220,5286152.938
6,O,2223,5291777.000
6,O,2225,5295747.375
6,O,2227,5300376.125
6,O,2230,5306291.750
6,O,2233,5311826.000
6,O,2292,5436076.500
6,O,2295,5440774.625
6,O,2297,5445982.312
6,O,2299,5451011.438
6,O,2302,5456385.375
6,O,2304,5461493.188
6,O,2306,5465345.750
6,O,2309,5470935.562
6,O,2311,5475576.812
6,O,2314,5481155.375
6,O,2316,5485765.688
6,O,2319,5490747.250
6,O,2340,5536197.812
6,O,2343,5541588.938
6,O,2345,5546231.312
6,O,2347,5550280.938
6,O,2350,5556216.562
6,O,2352,5561525.688
6,O,2355,5566741.875
6,O,2357,5571777.125
6,O,2360,5577768.625
6,O,2363,5583069.750
6,O,2365,5587994.688
6,O,2367,5592258.938
6,O,2412,5686146.000
6,O,2415,5691544.625
6,O,2417,5696587.625
6,O,2420,5702545.625
6,O,2423,5707842.250
6,O,2425,5713055.875
6,O,2484,5836169.625
6,O,2487,5841796.312
6,O,2490,5848373.812
6,O,2493,5853998.625
6,O,2495,5858329.438
6,O,2497,5863538.250
6,O,2500,5869297.562
6,O,2502,5873748.500
6,O,2505,5879149.625
6,O,2507,5884062.250
6,O,2510,5889216.188
6,O,2512,5894349.438
6,O,2532,5935983.938
6,O,2535,5941598.750
6,O,2537,5946443.812
6,O,2540,5952608.750
6,O,2543,5957719.688
6,O,2545,5962916.625
6,O,2548,5969095.688
6,O,2551,5974717.750
6,O,2553,5978767.250
6,O,2555,5983294.500
6,O,2557,5988524.875
6,O,2560,5993599.625
6,O,2604,6086096.812
6,O,2607,6091394.438
6,O,2609,6096033.812
6,O,2612,6101069.188
6,O,2614,6105997.812
6,O,2616,6111388.875
6,O,2676,6236057.938
6,O,2679,6241477.812
6,O,2681,6246529.812
6,O,2684,6252518.062
6,O,2687,6257835.938
6,O,2689,6263030.750
6,O,2692,6269197.812
6,O,2694,6273442.250
6,O,2697,6278881.875
6,O,2699,6283390.875
6,O,2702,6288722.688
6,O,2704,6293677.750
6,O,2724,6336063.062
6,O,2727,6341466.438
6,O,2730,6348049.750
6,O,2733,6353120.375
6,O,2735,6358206.562
6,O,2737,6362417.750
6,O,2739,6367264.812
6,O,2742,6373254.688
6,O,2745,6379063.688
6,O,2747,6383793.625
6,O,2750,6388953.250
6,O,2752,6393897.812
6,O,2796,6485989.625
6,O,2798,6490420.250
6,O,2801,6495835.125
6,O,2803,6500654.312
6,O,2806,6506381.250
6,O,2809,6511913.750
6,O,2868,6635936.812
6,O,2871,6641563.500
6,O,2874,6648154.688
6,O,2877,6653767.250
6,O,2878,6657183.062
6,O,2881,6662230.750
6,O,2883,6667525.562
6,O,2886,6673290.250
6,O,2889,6678892.312
6,O,2891,6683804.938
6,O,2894,6688958.562
6,O,2896,6694091.812
6,O,2916,6735948.250
6,O,2919,6741550.812
6,O,2921,6745799.750
6,O,2923,6750445.500
6,O,2926,6756184.812
6,O,2928,6761106.062
6,O,2931,6766336.250
6,O,2933,6770980.125
6,O,2936,6776032.250
6,O,2938,6781156.500
6,O,2940,6785391.625
6,O,2942,6790345.688
6,O,2988,6885842.500
6,O,2991,6891218.375
6,O,2993,6895857.750
6,O,2995,6900826.000
6,O,2998,6906157.438
6,O,3000,6911160.625
6,O,3060,7035972.375
6,O,3063,7041581.250
6,O,3065,7046432.312
6,O,3068,7052432.812
6,O,3071,7057750.688
6,O,3073,7062732.312
6,O,3076,7069075.812
6,O,3079,7074697.750
6,O,3082,7080811.312
6,O,3084,7085239.625
6,O,3086,7090382.375
6,O,3089,7095466.625
6,O,3108,7135914.875
6,O,3111,7141129.562
6,O,3113,7145771.938
6,O,3115,7150807.312
6,O,3118,7156144.750
6,O,3120,7161066.000
6,O,3123,7166483.125
6,O,3125,7170721.312
6,O,3127,7175380.812
6,O,3130,7181110.875
6,O,3132,7185728.938
6,O,3135,7190685.938
6,O,3180,7285857.000
6,O,3183,7291456.562
6,O,3185,7296286.375
6,O,3187,7300333.000
6,O,3190,7305994.562
6,O,3192,7310606.375
6,O,3252,7435809.500
6,O,3255,7441243.375
6,O,3257,7445715.312
6,O,3260,7452107.188
6,O,3263,7457119.688
6,O,3265,7462204.000
6,O,3267,7467233.750
6,O,3269,7471200.875
6,O,3272,7477420.938
6,O,3275,7482716.062
6,O,3277,7487739.500
6,O,3280,7493002.938
6,O,3300,7535735.625
6,O,3303,7541325.938
6,O,3305,7546171.000
6,O,3308,7552335.938
6,O,3310,7556343.188
6,O,3313,7562061.688
6,O,3315,7566468.375
6,O,3318,7572898.625
6,O,3321,7577946.250
6,O,3323,7583033.938
6,O,3325,7588063.375
6,O,3328,7593089.125
6,O,3372,7685692.500
6,O,3375,7691092.875
6,O,3377,7695519.062
6,O,3379,7700752.375
6,O,3382,7706083.812
6,O,3384,7710849.312
6,O,3444,7835849.188
6,O,3447,7841457.750
6,O,3449,7846132.375
6,O,3452,7852334.125
6,O,3455,7857440.562
6,O,3457,7862368.562
6,O,3460,7868790.188
6,O,3463,7874392.250
6,O,3465,7878752.812
6,O,3467,7883801.500
6,O,3470,7889059.625
6,O,3472,7894229.625
6,O,3492,7935671.375
6,O,3494,7939928.562
6,O,3496,7944348.875
6,O,3499,7949565.812
6,O,3501,7954599.562
6,O,3504,7961036.000
6,O,3507,7966252.188
6,O,3509,7971098.750
6,O,3512,7977266.688
6,O,3514,7981263.188
6,O,3517,7986625.500
6,O,3519,7991580.562
6,O,3564,8085756.688
6,O,3567,8091356.250
6,O,3569,8095985.125
6,O,3572,8102016.812
6,O,3575,8107452.938
6,O,3577,8111481.625
6,O,3636,8235734.312
6,O,3638,8239796.562
6,O,3641,8244473.062
6,O,3643,8249671.250
6,O,3645,8254723.250
6,O,3648,8260938.125
6,O,3651,8266349.250
6,O,3653,8270872.125
6,O,3656,8277345.750
6,O,3658,8281348.500
6,O,3661,8286678.562
6,O,3663,8291635.375
6,O,3684,8335692.688
6,O,3687,8341295.250
6,O,3689,8345939.375
6,O,3692,8352106.062
6,O,3695,8357229.250
6,O,3697,8362211.250
6,O,3699,8366236.750
6,O,3701,8371485.188
6,O,3704,8377275.750
6,O,3707,8382777.812
6,O,3709,8387807.250
6,O,3712,8392882.000
6,O,3756,8485717.688
6,O,3758,8490141.625
6,O,3760,8494364.688
6,O,3763,8499578.625
6,O,3765,8504621.625
6,O,3768,8509937.750
6,O,3828,8635724.875
6,O,3831,8641144.750
6,O,3833,8645758.125
6,O,3836,8652185.000
6,O,3839,8657315.938
6,O,3841,8662308.062
6,O,3843,8666339.812
6,O,3846,8672696.812
6,O,3849,8677738.438
6,O,3851,8682807.875
6,O,3853,8687831.312
6,O,3856,8692803.312
6,O,3876,8735652.625
6,O,3879,8741279.688
6,O,3881,8746112.500
6,O,3883,8750350.812
6,O,3886,8755889.188
6,O,3888,8760810.438
6,O,3891,8766227.562
6,O,3893,8770873.188
6,O,3896,8777055.125
6,O,3899,8782167.562
6,O,3901,8787195.250
6,O,3903,8791355.000
6,O,3948,8885555.625
6,O,3951,8891155.188
6,O,3953,8895796.312
6,O,3956,8901957.000
6,O,3959,8906936.000
6,O,3961,8912075.875
6,O,4020,9035550.312
6,O,4023,9040223.938
6,O,4025,9045431.625
6,O,4027,9049487.250
6,O,4029,9054527.000
6,O,4032,9060754.125
6,O,4035,9066153.000
6,O,4037,9070792.625
6,O,4040,9077125.000
6,O,4043,9082245.438
6,O,4045,9087254.875
6,O,4047,9091096.938
6,O,4068,9135487.188
6,O,4071,9141095.625
6,O,4074,9147674.812
6,O,4077,9153305.875
6,O,4079,9157831.625
6,O,4081,9162827.625
6,O,4084,9168586.688
6,O,4086,9173244.562
6,O,4088,9177295.688
6,O,4091,9182408.125
6,O,4093,9187626.250
6,O,4096,9192701.000
6,O,4140,9285566.375
6,O,4143,9291165.938
6,O,4145,9296184.438
6,O,4148,9302154.688
6,O,4150,9306347.625
6,O,4153,9311490.500
6,O,4212,9435548.938
6,O,4215,9440906.438
6,O,4217,9445554.812
6,O,4220,9451745.750
6,O,4223,9456770.500
6,O,4225,9461828.438
6,O,4227,9467073.250
6,O,4230,9472832.062
6,O,4232,9477071.750
6,O,4235,9482366.875
6,O,4237,9487579.000
6,O,4240,9492653.750
6,O,4260,9535548.125
6,O,4263,9541150.688
6,O,4265,9545995.750
6,O,4268,9552160.688
6,O,4271,9557271.625
6,O,4273,9561860.188
6,O,4275,9566494.062
6,O,4278,9572686.625
6,O,4281,9578306.938
6,O,4283,9582821.938
6,O,4286,9588079.812
6,O,4288,9593127.062
6,O,4332,9685498.875
6,O,4334,9689539.875
6,O,4337,9694919.750
6,O,4339,9699560.750
6,O,4341,9704603.750
6,O,4344,9709718.938
6,O,4404,9835499.312
6,O,4407,9841107.875
6,O,4409,9845958.938
6,O,4412,9851959.438
6,O,4415,9857302.125
6,O,4417,9862484.688
6,O,4420,9868651.750
6,O,4423,9874255.562
6,O,4425,9878616.125
6,O,4427,9883703.312
6,O,4430,9888844.688
6,O,4432,9893990.188
6,O,4452,9935381.812
6,O,4455,9940785.188
6,O,4457,9944297.250
6,O,4459,9949477.188
6,O,4461,9954510.938
6,O,4464,9960721.938
6,O,4467,9965938.125
6,O,4469,9970973.375
6,O,4472,9976964.875
6,O,4475,9982266.000
6,O,4477,9986208.688
6,O,4479,9991455.188
6,O,4524,10085468.750
6,O,4527,10091068.312
6,O,4529,10095910.375
6,O,4532,10102069.312
6,O,4535,10107189.500
6,O,4537,10112202.188
6,O,4596,10235334.438
6,O,4599,10240731.562
6,O,4601,10244992.375
6,O,4604,10251583.438
6,O,4606,10256592.938
6,O,4609,10261704.750
6,O,4611,10266710.000
6,O,4614,10272700.125
6,O,4617,10278490.875
6,O,4619,10283202.562
6,O,4621,10287240.250
6,O,4624,10292503.688
6,O,4644,10335365.875
6,O,4647,10340968.438
6,O,4649,10345801.250
6,O,4652,10351978.438
6,O,4655,10357077.125
6,O,4657,10362073.125
6,O,4660,10368442.625
6,O,4662,10372691.312
6,O,4665,10377564.250
6,O,4667,10382664.188
6,O,4669,10387693.625
6,O,4672,10392768.375
6,O,4716,10485278.250
6,O,4719,10490690.875
6,O,4721,10495000.312
6,O,4723,10499376.875
6,O,4725,10504419.875
6,O,4728,10509723.750
6,O,4788,10635316.875
6,O,4791,10640925.438
6,O,4793,10645776.500
6,O,4796,10651965.688
6,O,4799,10657094.875
6,O,4801,10662076.500
6,O,4804,10668422.062
6,O,4807,10674042.250
6,O,4809,10679459.375
6,O,4812,10684547.062
6,O,4814,10689702.062
6,O,4817,10694786.312
6,O,4836,10735234.562
6,O,4838,10739837.938
6,O,4841,10745067.125
6,O,4843,10750102.500
6,O,4845,10754351.438
6,O,4848,10760611.438
6,O,4851,10765852.125
6,O,4853,10770698.688
6,O,4856,10776866.625
6,O,4859,10781904.438
6,O,4861,10787008.500
6,O,4864,10792285.938
6,O,4908,10885356.625
6,O,4911,10890943.938
6,O,4913,10895585.062
6,O,4916,10901616.750
6,O,4919,10907040.625
6,O,4921,10912065.562
6,O,4980,11035313.875
6,O,4983,11040546.812
6,O,4985,11045195.188
6,O,4988,11050264.062
6,O,4989,11054315.062
6,O,4992,11060517.688
6,O,4995,11065916.562
6,O,4997,11070757.125
6,O,5000,11076900.812
6,O,5003,11082007.250
6,O,5005,11086942.062
6,O,5008,11092295.875
6,O,5028,11135247.438
6,O,5030,11139303.688
6,O,5033,11144797.000
6,O,5035,11149490.000
6,O,5038,11155423.875
6,O,5041,11161318.812
6,O,5043,11165950.938
6,O,5045,11170998.438
6,O,5048,11176770.875
6,O,5050,11180578.688
6,O,5052,11185397.688
6,O,5055,11190481.938
6,O,5100,11285254.750
6,O,5103,11290484.562
6,O,5105,11295903.188
6,O,5108,11301654.375
6,O,5110,11306053.812
6,O,5112,11310272.188
6,O,5172,11435266.250
6,O,5174,11439316.250
6,O,5177,11444928.812
6,O,5179,11449592.812
6,O,5182,11455230.875
6,O,5184,11460349.188
6,O,5187,11464813.125
6,O,5189,11469998.062
6,O,5191,11475028.938
6,O,5193,11479248.875
6,O,5196,11484361.062
6,O,5198,11489516.062
6,O,5220,11535151.250
6,O,5223,11539806.625
6,O,5225,11545020.562
6,O,5227,11550031.438
6,O,5230,11555569.812
6,O,5232,11560491.062
6,O,5234,11564349.625
6,O,5237,11569957.688
6,O,5239,11574604.938
6,O,5242,11580354.875
6,O,5245,11585891.875
6,O,5247,11590834.688
6,O,5292,11685186.312
6,O,5295,11690785.875
6,O,5297,11694832.625
6,O,5299,11699473.625
6,O,5302,11705159.688
6,O,5304,11709504.562
6,O,5364,11835057.438
6,O,5367,11839731.062
6,O,5369,11844938.750
6,O,5371,11849980.125
6,O,5374,11855341.812
6,O,5376,11860461.875
6,O,5378,11864326.688
6,O,5381,11869928.750
6,O,5383,11874557.750
6,O,5386,11880188.938
6,O,5388,11884811.500
6,O,5391,11889897.500
6,O,5412,11935118.875
6,O,5415,11940751.812
6,O,5418,11947329.250
6,O,5420,11951567.562
6,O,5423,11956374.875
6,O,5425,11961473.562
6,O,5427,11966685.750
6,O,5430,11972486.938
6,O,5433,11978095.000
6,O,5435,11983025.875
6,O,5438,11988185.500
6,O,5440,11992333.000
6,O,5484,12085115.375
6,O,5487,12090514.000
6,O,5489,12095544.750
6,O,5492,12101502.750
6,O,5495,12106823.875
6,O,5497,12112049.750
6,O,5556,12235139.000
6,O,5559,12240753.438
6,O,5562,12247343.188
6,O,5565,12252768.812
6,O,5567,12257312.812
6,O,5569,12262495.375
6,O,5572,12268242.438
6,O,5574,12272705.625
6,O,5577,12278119.000
6,O,5579,12283031.625
6,O,5582,12288173.000
6,O,5584,12292131.812
6,O,5604,12335078.875
6,O,5607,12340681.438
6,O,5609,12345502.000
6,O,5612,12351691.438
6,O,5615,12356802.375
6,O,5617,12361987.062
6,O,5620,12368079.250
6,O,5623,12373775.938
6,O,5625,12377148.250
6,O,5627,12382235.938
6,O,5629,12387478.562
6,O,5632,12392553.312
6,O,5676,12484973.188
6,O,5679,12490572.750
6,O,5681,12494910.188
6,O,5684,12501374.562
6,O,5686,12505377.062
6,O,5688,12510392.500
6,O,5748,12634975.625
6,O,5751,12640401.375
6,O,5753,12645453.375
6,O,5756,12651441.625
6,O,5759,12656759.500
6,O,5761,12661942.062
6,O,5764,12668096.875
6,O,5767,12673699.250
6,O,5769,12678326.625
6,O,5772,12684018.875
6,O,5774,12688593.812
6,O,5776,12693538.375
6,O,5796,12734956.812
6,O,5799,12740360.188
6,O,5801,12745002.562
6,O,5804,12750053.188
6,O,5806,12755375.375
6,O,5808,12760296.938
6,O,5811,12765513.125
6,O,5813,12770548.375
6,O,5816,12776539.875
6,O,5819,12781841.000
6,O,5821,12786870.438
6,O,5824,12792146.125
6,O,5868,12884992.312
6,O,5870,12889422.938
6,O,5873,12894825.562
6,O,5875,12899669.250
6,O,5878,12905177.125
6,O,5880,12909802.938
6,O,5940,13034891.875
6,O,5943,13040518.562
6,O,5946,13047122.000
6,O,5949,13052734.562
6,O,5951,13057051.688
6,O,5953,13062248.250
6,O,5956,13068007.562
6,O,5958,13072446.250
6,O,5961,13077859.625
6,O,5963,13082772.250
6,O,5966,13087913.625
6,O,5968,13093046.875
6,O,5988,13134867.250
6,O,5991,13140457.562
6,O,5993,13144706.500
6,O,5995,13149275.875
6,O,5998,13155286.125
6,O,6001,13161386.125
6,O,6004,13167944.312
6,O,6007,13173564.625
6,O,6009,13178007.562
6,O,6011,13183127.125
6,O,6013,13187359.500
6,O,6016,13192446.500
6,O,6060,13284921.000
6,O,6063,13290351.750
6,O,6066,13296910.938
6,O,6068,13301929.312
6,O,6071,13307037.250
6,O,6073,13312049.938
6,O,6132,13434926.688
6,O,6135,13440535.250
6,O,6137,13444601.500
6,O,6139,13449454.188
6,O,6142,13455193.250
6,O,6144,13460112.375
6,O,6147,13465299.812
6,O,6149,13469937.688
6,O,6152,13476070.875
6,O,6155,13481390.500
6,O,6157,13485311.500
6,O,6159,13490371.000
6,O,6180,13534838.500
6,O,6182,13539361.875
6,O,6185,13544591.062
6,O,6187,13549601.938
6,O,6190,13554963.875
6,O,6192,13560086.062
6,O,6195,13565302.250
6,O,6197,13569540.438
6,O,6199,13574175.438
6,O,6202,13580118.688
6,O,6204,13584548.062
6,O,6207,13589833.250
6,O,6252,13684808.562
6,O,6255,13690408.125
6,O,6257,13695237.938
6,O,6259,13699284.562
6,O,6262,13705200.188
6,O,6265,13710732.688
6,O,6324,13834812.625
6,O,6327,13840240.125
6,O,6330,13846841.812
6,O,6332,13851680.500
6,O,6335,13856797.438
6,O,6337,13861980.000
6,O,6340,13867958.688
6,O,6343,13873560.750
6,O,6345,13878389.062
6,O,6348,13884079.562
6,O,6350,13888644.000
6,O,6353,13893916.938
6,O,6372,13934776.438
6,O,6375,13940379.000
6,O,6377,13945023.125
6,O,6380,13951389.000
6,O,6382,13955396.250
6,O,6385,13961120.625
6,O,6388,13967689.312
6,O,6391,13972750.312
6,O,6393,13977764.812
6,O,6395,13982884.375
6,O,6398,13988031.750
6,O,6400,13993177.250
6,O,6444,14084666.000
6,O,6447,14090066.375
6,O,6449,14094468.062
6,O,6451,14099725.875
6,O,6454,14105057.312
6,O,6456,14109822.812
6,O,6516,14234798.188
6,O,6519,14240406.750
6,O,6521,14245069.125
6,O,6524,14251258.312
6,O,6526,14255195.188
6,O,6529,14260911.562
6,O,6531,14265525.438
6,O,6534,14270582.188
6,O,6536,14276302.875
6,O,6538,14280889.500
6,O,6541,14286030.875
6,O,6543,14291176.375
6,O,6564,14334647.000
6,O,6566,14338904.188
6,O,6568,14343324.500
6,O,6571,14348541.438
6,O,6573,14353575.188
6,O,6576,14360011.625
6,O,6579,14365428.750
6,O,6581,14370074.375
6,O,6584,14376242.312
6,O,6586,14380238.812
6,O,6589,14385601.125
6,O,6591,14390556.188
6,O,6636,14484732.312
6,O,6639,14490331.875
6,O,6641,14494960.750
6,O,6644,14500992.438
6,O,6647,14506428.562
6,O,6649,14510457.250
6,O,6708,14634709.938
6,O,6710,14638772.188
6,O,6713,14643448.688
6,O,6715,14648646.875
6,O,6717,14653698.875
6,O,6720,14659913.750
6,O,6723,14665312.625
6,O,6725,14670153.188
6,O,6728,14676296.875
6,O,6730,14680299.625
6,O,6733,14685629.688
6,O,6735,14690586.500
6,O,6756,14734643.812
6,O,6759,14740246.375
6,O,6761,14744890.500
6,O,6764,14751057.188
6,O,6767,14756180.375
6,O,6769,14761174.625
6,O,6771,14765187.875
6,O,6773,14770460.812
6,O,6776,14776251.375
6,O,6779,14781753.438
6,O,6781,14786782.875
6,O,6784,14791857.625
6,O,6828,14884543.000
6,O,6830,14889192.375
6,O,6832,14893239.000
6,O,6835,14898641.625
6,O,6837,14903483.688
6,O,6840,14908988.500
6,O,6900,15034567.750
6,O,6903,15040176.312
6,O,6905,15044838.688
6,O,6908,15050900.625
6,O,6911,15056029.812
6,O,6913,15061327.375
6,O,6915,15065371.375
6,O,6917,15070363.875
6,O,6920,15076124.312
6,O,6922,15080710.938
6,O,6925,15085852.312
6,O,6927,15090997.812
6,O,6948,15134577.375
6,O,6951,15140003.500
6,O,6953,15145061.750
6,O,6955,15149111.375
6,O,6958,15154838.438
6,O,6960,15159960.625
6,O,6963,15165176.812
6,O,6965,15169822.438
6,O,6968,15176004.375
6,O,6971,15181116.812
6,O,6973,15186144.500
6,O,6976,15191305.562
6,O,7020,15284584.875
6,O,7023,15290184.438
6,O,7025,15294560.500
6,O,7028,15300986.250
6,O,7031,15306094.188
6,O,7033,15311105.125
6,O,7092,15434530.562
6,O,7095,15439204.188
6,O,7097,15444411.875
6,O,7099,15448467.500
6,O,7101,15453507.250
6,O,7104,15459734.375
6,O,7107,15465133.250
6,O,7109,15469772.875
6,O,7112,15476117.500
6,O,7115,15481225.688
6,O,7117,15486235.125
6,O,7119,15490103.438
6,O,7140,15534615.438
6,O,7143,15540018.812
6,O,7145,15544343.500
6,O,7148,15550840.125
6,O,7151,15555846.625
6,O,7153,15560945.312
6,O,7155,15566169.750
6,O,7158,15571958.688
6,O,7160,15576387.188
6,O,7163,15581499.625
6,O,7165,15586529.062
6,O,7168,15591804.750
6,O,7212,15684469.188
6,O,7215,15690068.750
6,O,7217,15694898.562
6,O,7220,15700868.812
6,O,7222,15705250.438
6,O,7225,15710393.312
6,O,7284,15834472.125
6,O,7287,15840092.938
6,O,7289,15844554.375
6,O,7292,15850946.250
6,O,7295,15856063.188
6,O,7297,15861043.062
6,O,7299,15866072.812
6,O,7302,15871831.625
6,O,7304,15876071.312
6,O,7307,15881567.375
6,O,7309,15886578.562
6,O,7312,15891653.312
6,O,7332,15934399.875
6,O,7335,15940002.438
6,O,7337,15944757.000
6,O,7340,15951012.438
6,O,7343,15956324.312
6,O,7345,15960912.875
6,O,7347,15965358.062
6,O,7350,15971739.312
6,O,7353,15977353.250
6,O,7355,15982619.375
6,O,7358,15987805.375
6,O,7360,15992938.625
6,O,7404,16084399.875
6,O,7406,16088440.875
6,O,7409,16094046.188
6,O,7411,16098461.750
6,O,7414,16104403.625
6,O,7416,16109806.938
6,O,7476,16234369.812
6,O,7479,16239978.375
6,O,7481,16244829.438
6,O,7484,16250829.938
6,O,7487,16256172.312
6,O,7489,16260746.500
6,O,7491,16265386.625
6,O,7494,16271542.688
6,O,7497,16277144.750
6,O,7499,16281666.000
6,O,7501,16286878.125
6,O,7504,16291952.875
6,O,7524,16334440.375
6,O,7527,16339861.875
6,O,7529,16344297.750
6,O,7531,16349333.125
6,O,7534,16354670.562
6,O,7536,16359591.812
6,O,7539,16365008.938
6,O,7541,16369818.750
6,O,7544,16376023.438
6,O,7547,16381135.875
6,O,7549,16385380.500
6,O,7551,16390300.562
6,O,7596,16484338.625
6,O,7599,16489938.188
6,O,7601,16494731.250
6,O,7604,16500926.938
6,O,7607,16506235.812
6,O,7609,16511236.250
6,O,7668,16634344.000
6,O,7671,16639765.625
6,O,7673,16643782.875
6,O,7675,16648432.875
6,O,7677,16653484.875
6,O,7680,16659511.062
6,O,7683,16664909.938
6,O,7685,16669939.188
6,O,7688,16675894.188
6,O,7691,16681189.312
6,O,7693,16685214.750
6,O,7695,16690372.500
6,O,7716,16734351.625
6,O,7719,16739954.188
6,O,7721,16744534.188
6,O,7724,16750964.188
6,O,7727,16756075.125
6,O,7729,16761071.125
6,O,7732,16767440.625
6,O,7734,16771689.312
6,O,7737,16777116.312
6,O,7739,16782435.062
6,O,7742,16787582.438
6,O,7744,16792727.938
6,O,7788,16884347.688
6,O,7790,16888855.812
6,O,7793,16894106.500
6,O,7795,16898153.125
6,O,7797,16903372.562
6,O,7800,16908676.438
6,O,7860,17034227.000
6,O,7863,17039847.812
6,O,7865,17044686.625
6,O,7868,17050888.062
6,O,7871,17055916.250
6,O,7873,17061199.812
6,O,7876,17067344.125
6,O,7878,17071775.500
6,O,7881,17076404.750
6,O,7883,17081408.188
6,O,7885,17086686.312
6,O,7888,17091773.312
6,O,7908,17134212.688
6,O,7910,17138816.062
6,O,7913,17144033.000
6,O,7915,17149056.125
6,O,7917,17153305.062
6,O,7920,17159540.562
6,O,7923,17164756.750
6,O,7925,17169603.312
6,O,7928,17175795.750
6,O,7931,17181109.125
6,O,7933,17185885.750
6,O,7936,17191215.062
6,O,7980,17284259.125
6,O,7983,17289858.688
6,O,7985,17294370.812
6,O,7988,17300847.438
6,O,7991,17305957.125
6,O,7993,17310968.062
6,O,8052,17434218.688
6,O,8054,17438786.562
6,O,8057,17444009.500
6,O,8059,17449038.625
6,O,8061,17453117.125
6,O,8064,17459434.750
6,O,8067,17464833.625
6,O,8069,17469661.938
6,O,8072,17475817.875
6,O,8075,17481113.000
6,O,8077,17486124.188
6,O,8080,17491399.875
6,O,8100,17534164.500
6,O,8102,17538397.188
6,O,8105,17544003.750
6,O,8107,17548384.438
6,O,8110,17554384.188
6,O,8112,17559576.562
6,O,8115,17564817.250
6,O,8117,17569828.000
6,O,8120,17575600.438
6,O,8122,17580334.625
6,O,8125,17585482.000
6,O,8127,17590362.438
6,O,8172,17684096.875
6,O,8174,17688643.500
6,O,8177,17693845.188
6,O,8179,17698851.312
6,O,8182,17704385.438
6,O,8184,17708415.125
6,O,8244,17834172.188
6,O,8246,17838105.438
6,O,8249,17844047.938
6,O,8251,17848474.250
6,O,8254,17854456.875
6,O,8257,17860337.438
6,O,8259,17864939.062
6,O,8261,17869916.438
6,O,8264,17875676.875
6,O,8266,17879466.438
6,O,8268,17884291.688
6,O,8271,17889375.938
6,O,8292,17934107.125
6,O,8295,17938774.750
6,O,8297,17943964.188
6,O,8299,17948999.562
6,O,8302,17954525.688
6,O,8304,17959459.188
6,O,8307,17964700.188
6,O,8309,17969345.812
6,O,8312,17975714.688
6,O,8315,17980828.875
6,O,8317,17985856.562
6,O,8319,17990684.375
6,O,8364,18084134.062
6,O,8367,18089733.625
6,O,8369,18093731.375
6,O,8371,18098360.125
6,O,8374,18104288.000
6,O,8377,18109822.250
6,O,8436,18234159.625
6,O,8438,18238552.938
6,O,8441,18243788.125
6,O,8443,18248841.750
6,O,8446,18254392.125
6,O,8448,18259311.250
6,O,8450,18263176.062
6,O,8453,18268778.125
6,O,8455,18273407.125
6,O,8458,18279319.750
6,O,8461,18284852.500
6,O,8463,18289795.312
6,O,8484,18334071.875
6,O,8487,18339674.438
6,O,8489,18344129.875
6,O,8491,18348368.188
6,O,8494,18354115.125
6,O,8497,18360215.125
6,O,8499,18365626.500
6,O,8502,18371409.562
6,O,8504,18375855.875
6,O,8507,18380865.562
6,O,8509,18386186.438
6,O,8512,18391273.750
6,O,8556,18483982.938
6,O,8559,18488659.812
6,O,8561,18493846.250
6,O,8563,18498878.625
6,O,8566,18504386.500
6,O,8568,18509012.312
6,O,8628,18634101.250
6,O,8631,18639727.938
6,O,8634,18646317.375
6,O,8636,18650573.938
6,O,8639,18655503.938
6,O,8641,18660496.062
6,O,8644,18665717.500
6,O,8646,18671466.938
6,O,8649,18677069.000
6,O,8651,18681981.625
6,O,8654,18687123.000
6,O,8656,18691282.750
6,O,8676,18734085.062
6,O,8679,18739687.625
6,O,8681,18744532.688
6,O,8684,18750697.625
6,O,8687,18755808.562
6,O,8689,18761005.500
6,O,8692,18767174.062
6,O,8695,18772782.125
6,O,8697,18776843.875
6,O,8699,18781371.125
6,O,8702,18786616.750
6,O,8704,18791676.250
6,O,8748,18884023.562
6,O,8751,18889345.688
6,O,8753,18893985.062
6,O,8756,18899020.438
6,O,8758,18903936.812
6,O,8760,18909340.125
6,O,8820,19033924.938
6,O,8822,19038306.000
6,O,8825,19043794.000
6,O,8827,19048646.688
6,O,8830,19054209.312
6,O,8832,19059317.125
6,O,8835,19064527.312
6,O,8837,19069166.938
6,O,8839,19073150.812
6,O,8842,19079114.188
6,O,8845,19084645.188
6,O,8847,19089575.750
6,O,8868,19133994.938
6,O,8871,19139410.562
6,O,8873,19143815.250
6,O,8876,19150219.625
6,O,8879,19155226.125
6,O,8880,19159347.312
6,O,8883,19164563.500
6,O,8885,19169598.750
6,O,8888,19175578.000
6,O,8891,19180891.375
6,O,8893,19185920.812
6,O,8896,19191196.500
6,O,8940,19283860.938
6,O,8942,19288291.562
6,O,8945,19293694.188
6,O,8947,19298525.625
6,O,8950,19304234.438
6,O,8952,19308860.250
6,O,9012,19433944.562
6,O,9015,19439366.188
6,O,9017,19444026.812
6,O,9020,19450217.750
6,O,9023,19455230.250
6,O,9025,19459374.062
6,O,9027,19464547.250
6,O,9029,19469576.500
6,O,9032,19475531.500
6,O,9035,19480838.875
6,O,9037,19485721.062
6,O,9040,19491125.750
6,O,9060,19533872.312
6,O,9063,19539487.125
6,O,9065,19543736.062
6,O,9067,19548381.812
6,O,9070,19554108.875
6,O,9072,19559231.062
6,O,9075,19564183.938
6,O,9077,19568827.812
6,O,9079,19573852.438
6,O,9082,19579192.875
6,O,9084,19584225.062
6,O,9086,19588193.375
6,O,9132,19683899.500
6,O,9135,19689299.875
6,O,9137,19693701.562
6,O,9140,19700099.938
6,O,9142,19705075.938
6,O,9145,19710218.812
6,O,9204,19833856.875
6,O,9207,19839477.688
6,O,9209,19843543.938
6,O,9211,19848384.375
6,O,9214,19854135.688
6,O,9216,19859054.812
6,O,9219,19864471.812
6,O,9222,19871017.500
6,O,9225,19876619.562
6,O,9227,19881140.812
6,O,9229,19885166.250
6,O,9231,19890324.000
6,O,9252,19933804.062
6,O,9255,19939213.312
6,O,9258,19944674.688
6,O,9260,19950416.625
6,O,9262,19954819.062
6,O,9265,19960133.938
6,O,9267,19965157.438
6,O,9269,19969182.438
6,O,9272,19975374.875
6,O,9275,19980688.250
6,O,9277,19985717.688
6,O,9280,19990993.375
